id,created_at,text,event_date,sender_id,msg_id,location,event,start_loc,end_loc,parent_road,cleaned_location,start_lat,start_lng,start_postal_code,end_lat,end_lng,end_postal_code,start_planning_area,start_subzone,start_street_name,end_planning_area,end_subzone,end_street_name
1,,,2014-03-20,,,YISHUN MRT,flash_flood,,,,,1.429525,103.834995,769093,,,,YISHUN,YISHUN WEST,YISHUN AVENUE 2,,,
2,,,2014-04-04,,,2 KAKI BUKIT ROAD 3,flash_flood,,,,,1.337334,103.901943,416161,,,,BEDOK,KAKI BUKIT,KAKI BUKIT AVENUE 2,,,
3,,,2014-04-23,,,PSC BUILDING,flash_flood,,,,,1.328863,103.706189,629813,,,,JURONG WEST,KIAN TECK,INTERNATIONAL ROAD,,,
4,,,2014-04-23,,,21229 (BUS STOP),flash_flood,,,,,1.342064,103.71602,648923,,,,JURONG WEST,TAMAN JURONG,CORPORATION ROAD,,,
5,,,2014-05-16,,,TENGAH FLYOVER,flash_flood,,,,,1.363822,103.707043,648170,,,,TENGAH,TENGAH INDUSTRIAL ESTATE,KRANJI EXPRESSWAY,,,
6,,,2014-05-16,,,PSC BUILDING,flash_flood,,,,,1.328863,103.706189,629813,,,,JURONG WEST,KIAN TECK,INTERNATIONAL ROAD,,,
7,,,2014-05-16,,,21229 (BUS STOP),flash_flood,,,,,1.342064,103.71602,648923,,,,JURONG WEST,TAMAN JURONG,CORPORATION ROAD,,,
8,,,2014-06-25,,,45019 (BUS STOP),flash_flood,,,,,1.388299,103.755539,682036,,,,BUKIT PANJANG,SENJA,WOODLANDS ROAD,,,
9,,,2014-06-25,,,45061 (BUS STOP),flash_flood,,,,,1.407181,103.756063,729678,,,,SUNGEI KADUT,GALI BATU,WOODLANDS ROAD,,,
10,,,2014-07-09,,,45019 (BUS STOP),flash_flood,,,,,1.388299,103.755539,682036,,,,BUKIT PANJANG,SENJA,WOODLANDS ROAD,,,
11,,,2014-07-09,,,COMMONWEALTH LANE,flash_flood,,,,,1.304553,103.797475,149547,,,,QUEENSTOWN,HOLLAND DRIVE,COMMONWEALTH LANE,,,
14,,,2014-07-29,,,BASSEIN ROAD,flash_flood,,,,,1.323316,103.848088,309838,,,,NOVENA,BALESTIER,BASSEIN ROAD,,,
12,,,2014-07-29,,,MACKENZIE ROAD,flash_flood,,,,,1.305873,103.848002,228708,,,,NEWTON,ISTANA NEGARA,MACKENZIE ROAD,,,
13,,,2014-07-29,,,KRAMAT LANE,flash_flood,,,,,1.300979,103.842274,228750,,,,ORCHARD,SOMERSET,KRAMAT LANE,,,
15,,,2014-09-03,,,14379 (BUS STOP),flash_flood,,,,,1.272438,103.823794,090109,,,,BUKIT MERAH,TELOK BLANGAH RISE,LOWER DELTA ROAD,,,
16,,,2014-09-24,,,2 MANDAI ROAD,flash_flood,,,,,1.402422,103.815417,779403,,,,YISHUN,NEE SOON,MANDAI ROAD,,,
17,,,2014-10-04,,,21329 (BUS STOP),flash_flood,,,,,1.326915,103.709018,619625,,,,BOON LAY,TUKANG,JALAN BOON LAY,,,
18,,,2014-10-04,,,LORONG BUANGKOK,flash_flood,,,,,1.383418,103.877972,805910,,,,HOUGANG,TRAFALGAR,LORONG BUANG KOK,,,
19,,,2014-10-31,,,45061 (BUS STOP),flash_flood,,,,,1.407181,103.756063,729678,,,,SUNGEI KADUT,GALI BATU,WOODLANDS ROAD,,,
20,,,2014-11-06,,,58161 (BUS STOP),flash_flood,,,,,1.460528,103.820374,757443,,,,SEMBAWANG,THE WHARVES,ADMIRALTY ROAD WEST,,,
21,,,2014-11-08,,,42241 (BUS STOP),flash_flood,,,,,1.337118,103.767085,598112,,,,BUKIT TIMAH,ANAK BUKIT,LORONG KISMIS,,,
22,,,2014-11-08,,,40099 (BUS STOP),flash_flood,,,,,1.321852,103.82344,259372,,,,NOVENA,DUNEARN,DUNEARN ROAD,,,
27,,,2014-11-13,,,YISHUN MRT,flash_flood,,,,,1.429525,103.834995,769093,,,,YISHUN,YISHUN WEST,YISHUN AVENUE 2,,,
26,,,2014-11-13,,,SEMBAWANG SHOPPING CENTRE,flash_flood,,,,,1.441853,103.82497,758459,,,,SEMBAWANG,SEMBAWANG SPRINGS,JALAN JERUJU,,,
23,,,2014-11-13,,,TAN HENG LEE BUILDING,flash_flood,,,,,1.332819,103.884451,369610,,,,TOA PAYOH,JOO SENG,HARVEY ROAD,,,
24,,,2014-11-13,,,LORONG GAMBIR,flash_flood,,,,,1.345476,103.875567,556140,,,,SERANGOON,UPPER PAYA LEBAR,LORONG GAMBIR,,,
25,,,2014-11-13,,,LORONG ONG LYE,flash_flood,,,,,1.347784,103.879043,534965,,,,SERANGOON,UPPER PAYA LEBAR,LORONG ONG LYE,,,
28,,,2014-11-17,,,LORONG GAMBIR,flash_flood,,,,,1.345476,103.875567,556140,,,,SERANGOON,UPPER PAYA LEBAR,LORONG GAMBIR,,,
29,,,2014-11-17,,,LORONG ONG LYE,flash_flood,,,,,1.347784,103.879043,534965,,,,SERANGOON,UPPER PAYA LEBAR,LORONG ONG LYE,,,
30,,,2014-11-17,,,63139 (BUS STOP),flash_flood,,,,,1.361202,103.891412,532373,,,,HOUGANG,LORONG AH SOO,TAMPINES ROAD,,,
31,,,2014-11-17,,,HOUGANG AVE 1,flash_flood,,,,,1.353703,103.890681,530106,,,,HOUGANG,LORONG AH SOO,HOUGANG AVENUE 3,,,
32,,,2014-11-17,,,MACPHERSON ROAD,flash_flood,,,,,1.328704,103.872121,348741,,,,GEYLANG,KALLANG WAY,MACPHERSON ROAD,,,
33,,,2014-11-26,,,16 SUNSET DRIVE,flash_flood,,,,,1.325782,103.766715,597092,,,,CLEMENTI,SUNSET WAY,SUNSET SQUARE,,,
35,,,2014-12-17,,,11429 (BUS STOP),flash_flood,,,,,1.30454,103.798363,149597,,,,QUEENSTOWN,COMMONWEALTH,COMMONWEALTH DRIVE,,,
34,,,2014-12-17,,,ENTERPRISE ROAD,flash_flood,,,,,1.333312,103.705117,629840,,,,JURONG WEST,KIAN TECK,ENTERPRISE ROAD,,,
36,,,2014-12-24,,,NATIONAL SHOOTING CENTRE,flash_flood,,,,,1.372792,103.682976,698910,,,,WESTERN WATER CATCHMENT,MURAI,OLD CHOA CHU KANG ROAD,,,
37,,,2015-04-24,,,LORNIE VIADUCT,flash_flood,,,,,1.344614,103.8435,579847,,,,BISHAN,MARYMOUNT,BRADDELL ROAD,,,
38,,,2015-05-03,,,NATIONAL SHOOTING CENTRE,flash_flood,,,,,1.372792,103.682976,698910,,,,WESTERN WATER CATCHMENT,MURAI,OLD CHOA CHU KANG ROAD,,,
39,,,2015-06-08,,,CHIN BEE AVE,flash_flood,,,,,1.333502,103.712787,619941,,,,JURONG WEST,CHIN BEE,CHIN BEE AVENUE,,,
40,,,2015-06-08,,,21229 (BUS STOP),flash_flood,,,,,1.342064,103.71602,648923,,,,JURONG WEST,TAMAN JURONG,CORPORATION ROAD,,,
41,,,2015-08-11,,,NANYANG TECHNOLOGICAL UNIVERSITY NORTH SPINE,flash_flood,,,,,1.346176,103.682049,639798,,,,WESTERN WATER CATCHMENT,MURAI,NANYANG AVENUE,,,
42,,,2015-08-12,,,TAMPINES STREET 32,flash_flood,,,,,1.353779,103.957994,520384,,,,TAMPINES,TAMPINES EAST,TAMPINES STREET 32,,,
43,,,2015-09-09,,,JURONG WEST STREET 51,flash_flood,,,,,1.347889,103.720531,640511,,,,JURONG WEST,HONG KAH,JURONG WEST STREET 51,,,
44,,,2015-12-02,,,12111 (BUS STOP),flash_flood,,,,,1.319118,103.77223,120343,,,,BUKIT TIMAH,ULU PANDAN,ULU PANDAN ROAD,,,
46,,,2015-12-05,,,LORONG BUANGKOK,flash_flood,,,,,1.383418,103.877972,805910,,,,HOUGANG,TRAFALGAR,LORONG BUANG KOK,,,
45,,,2015-12-05,,,CHURCH OF ST VINCENT DE PAUL,flash_flood,,,,,1.382224,103.876411,805910,,,,SERANGOON,SELETAR HILLS,JALAN RESAK,,,
47,,,2015-12-05,,,ANG MO KIO STREET 31,flash_flood,,,,,1.365873,103.848056,560320,,,,ANG MO KIO,TOWNSVILLE,ANG MO KIO STREET 31,,,
51,,,2015-12-10,,,CHANGI FLYOVER,flash_flood,,,,,1.345806,103.982914,819658,,,,CHANGI,CHANGI AIRPORT,AIRPORT BOULEVARD,,,
48,,,2015-12-10,,,21229 (BUS STOP),flash_flood,,,,,1.342064,103.71602,648923,,,,JURONG WEST,TAMAN JURONG,CORPORATION ROAD,,,
49,,,2015-12-10,,,69 BOON KENG ROAD,flash_flood,,,,,1.317147,103.862497,339772,,,,KALLANG,BENDEMEER,BOON KENG ROAD,,,
50,,,2015-12-10,,,MAXWELL FOOD CENTRE,flash_flood,,,,,1.280331,103.844747,088437,,,,DOWNTOWN CORE,MAXWELL,MAXWELL ROAD,,,
52,,,2015-12-11,,,PEK KIO CC,flash_flood,,,,,1.313059,103.851374,219458,,,,KALLANG,KAMPONG JAVA,GLOUCESTER ROAD,,,
53,,,2015-12-11,,,BALESTIER POINT,flash_flood,,,,,1.322812,103.852026,329735,,,,NOVENA,BALESTIER,BALESTIER ROAD,,,
54,,,2015-12-11,,,50199 (BUS STOP),flash_flood,,,,,1.324968,103.850509,308231,,,,NOVENA,BALESTIER,BALESTIER ROAD,,,
55,,,2015-12-11,,,69 BOON KENG ROAD,flash_flood,,,,,1.317147,103.862497,339772,,,,KALLANG,BENDEMEER,BOON KENG ROAD,,,
56,,,2015-12-11,,,21229 (BUS STOP),flash_flood,,,,,1.342064,103.71602,648923,,,,JURONG WEST,TAMAN JURONG,CORPORATION ROAD,,,
57,,,2015-12-11,,,NEO PEE TECK LANE,flash_flood,,,,,1.292623,103.769021,118759,,,,QUEENSTOWN,PASIR PANJANG 1,NEO PEE TECK LANE,,,
58,,,2016-01-22,,,NEO PEE TECK LANE,flash_flood,,,,,1.292623,103.769021,118759,,,,QUEENSTOWN,PASIR PANJANG 1,NEO PEE TECK LANE,,,
59,,,2016-04-09,,,MARKET & HAWKER CENTRE (BLK 20 GHIM MOH ROAD),flash_flood,,,,,1.277368,103.818652,090011,,,,BUKIT MERAH,TELOK BLANGAH WAY,TELOK BLANGAH CRESCENT,,,
60,,,2016-04-20,,,2 ENTERPRISE ROAD,flash_flood,,,,,1.333642,103.707847,629814,,,,JURONG WEST,KIAN TECK,ENTERPRISE ROAD,,,
61,,,2016-05-11,,,45061 (BUS STOP),flash_flood,,,,,1.407181,103.756063,729678,,,,SUNGEI KADUT,GALI BATU,WOODLANDS ROAD,,,
62,,,2016-05-11,,,YISHUN MRT,flash_flood,,,,,1.429525,103.834995,769093,,,,YISHUN,YISHUN WEST,YISHUN AVENUE 2,,,
63,,,2016-05-18,,,PSC BUILDING,flash_flood,,,,,1.328863,103.706189,629813,,,,JURONG WEST,KIAN TECK,INTERNATIONAL ROAD,,,
64,,,2016-06-17,,,ENTERPRISE ROAD,flash_flood,,,,,1.333312,103.705117,629840,,,,JURONG WEST,KIAN TECK,ENTERPRISE ROAD,,,
65,,,2016-06-17,,,21229 (BUS STOP),flash_flood,,,,,1.342064,103.71602,648923,,,,JURONG WEST,TAMAN JURONG,CORPORATION ROAD,,,
66,,,2016-06-17,,,TUAS UNDERPASS,flash_flood,,,,,1.321705,103.663691,638481,,,,PIONEER,GUL CIRCLE,JALAN AHMAD IBRAHIM,,,
67,,,2016-07-08,,,21229 (BUS STOP),flash_flood,,,,,1.342064,103.71602,648923,,,,JURONG WEST,TAMAN JURONG,CORPORATION ROAD,,,
68,,,2016-07-13,,,21229 (BUS STOP),flash_flood,,,,,1.342064,103.71602,648923,,,,JURONG WEST,TAMAN JURONG,CORPORATION ROAD,,,
69,,,2016-07-26,,,NEO PEE TECK LANE,flash_flood,,,,,1.292623,103.769021,118759,,,,QUEENSTOWN,PASIR PANJANG 1,NEO PEE TECK LANE,,,
70,,,2016-09-14,,,50 HOUGANG AVE 1,flash_flood,,,,,1.360305,103.888083,530211,,,,HOUGANG,LORONG AH SOO,HOUGANG AVENUE 1,,,
72,,,2016-12-24,,,BALMORAL ROAD,flash_flood,,,,,1.313244,103.830181,257878,,,,NEWTON,GOODWOOD PARK,BALMORAL ROAD,,,
73,,,2016-12-24,,,CAIRNHILL ROAD,flash_flood,,,,,1.308031,103.836841,228512,,,,NEWTON,CAIRNHILL,CAIRNHILL ROAD,,,
74,,,2016-12-24,,,STEVENS ROAD,flash_flood,,,,,1.31317,103.828976,257878,,,,TANGLIN,NASSIM,STEVENS ROAD,,,
75,,,2016-12-24,,,UPPER THOMSON ROAD,flash_flood,,,,,1.373054,103.828958,574419,,,,ANG MO KIO,SEMBAWANG HILLS,UPPER THOMSON ROAD,,,
76,,,2016-12-24,,,ORCHARD ROAD,flash_flood,,,,,1.303228,103.83668,229921,,,,ORCHARD,SOMERSET,BIDEFORD ROAD,,,
71,,,2016-12-24,,,NEWTON CIRCUS,flash_flood,,,,,1.313224,103.838945,307943,,,,NEWTON,NEWTON CIRCUS,NEWTON CIRCUS,,,
77,,,2017-01-19,,,53041 (BUS STOP),flash_flood,,,,,1.353078,103.834364,574359,,,,BISHAN,UPPER THOMSON,UPPER THOMSON ROAD,,,
78,,,2017-01-23,,,134 TANJONG PAGAR ROAD,flash_flood,,,,,1.277471,103.843403,088534,,,,OUTRAM,CHINATOWN,CRAIG ROAD,,,
79,,,2017-01-23,,,MAXWELL FOOD CENTRE,flash_flood,,,,,1.280331,103.844747,088437,,,,DOWNTOWN CORE,MAXWELL,MAXWELL ROAD,,,
80,,,2017-02-03,,,TAMPINES STREET 22,flash_flood,,,,,1.349038,103.951095,520272,,,,TAMPINES,TAMPINES EAST,TAMPINES STREET 22,,,
81,,,2017-02-03,,,LORONG HALUS,flash_flood,,,,,1.386169,103.923226,533850,,,,PASIR RIS,PASIR RIS WAFER FAB PARK,LORONG HALUS,,,
82,,,2017-02-04,,,TAMPINES FLYOVER,flash_flood,,,,,1.381657,103.917491,520175,,,,PAYA LEBAR,PAYA LEBAR WEST,TAMPINES EXPRESSWAY,,,
83,,,2017-02-04,,,BEDOK NORTH FLYOVER,flash_flood,,,,,1.332028,103.920369,460540,,,,BEDOK,BEDOK NORTH,PAN ISLAND EXPRESSWAY,,,
84,,,2017-02-08,,,TOA PAYOH LORONG 1,flash_flood,,,,,1.338046,103.844734,310127,,,,TOA PAYOH,TOA PAYOH WEST,LORONG 1A TOA PAYOH,,,
85,,,2017-02-08,,,TOA PAYOH LORONG 2,flash_flood,,,,,1.336287,103.846514,319640,,,,TOA PAYOH,TOA PAYOH CENTRAL,LORONG 2 TOA PAYOH,,,
86,,,2017-02-08,,,ORCHARD MRT EXIT 10,flash_flood,,,,,1.304048,103.831124,238878,,,,ORCHARD,BOULEVARD,PATERSON ROAD,,,
87,,,2017-02-08,,,STAMFORD HOUSE,flash_flood,,,,,1.294162,103.850711,179949,,,,DOWNTOWN CORE,CITY HALL,STAMFORD ROAD,,,
88,,,2017-04-18,,,MOUNT ELIZABETH MEDICAL CENTRE,flash_flood,,,,,1.322137,103.844361,329562,,,,NOVENA,BALESTIER,IRRAWADDY ROAD,,,
89,,,2017-04-18,,,UNIVERSITY FLYOVER,flash_flood,,,,,1.303247,103.771674,120611,,,,QUEENSTOWN,NATIONAL UNIVERSITY OF S'PORE,CLEMENTI ROAD,,,
90,,,2017-04-18,,,69 BOON KENG ROAD,flash_flood,,,,,1.317147,103.862497,339772,,,,KALLANG,BENDEMEER,BOON KENG ROAD,,,
91,,,2017-04-18,,,40191 (BUS STOP),flash_flood,,,,,1.312686,103.830427,259978,,,,NEWTON,ORANGE GROVE,STEVENS ROAD,,,
92,,,2017-04-18,,,09191 (BUS STOP),flash_flood,,,,,1.304887,103.825498,247918,,,,ORCHARD,TANGLIN,TOMLINSON ROAD,,,
93,,,2017-04-21,,,UPPER CROSS STREET,flash_flood,,,,,1.285862,103.842811,058288,,,,OUTRAM,PEARL'S HILL,UPPER CROSS STREET,,,
94,,,2017-04-27,,,KOVAN ROAD,flash_flood,,,,,1.358496,103.881234,548534,,,,HOUGANG,KOVAN,KOVAN ROAD,,,
96,,,2017-04-27,,,63139 (BUS STOP),flash_flood,,,,,1.361202,103.891412,532373,,,,HOUGANG,LORONG AH SOO,TAMPINES ROAD,,,
95,,,2017-04-27,,,TAI SENG DRIVE,flash_flood,,,,,1.337758,103.893213,535222,,,,HOUGANG,TAI SENG,TAI SENG DRIVE,,,
97,,,2017-06-18,,,DAIRY FARM ROAD,flash_flood,,,,,1.353493,103.787868,289759,,,,CENTRAL WATER CATCHMENT,CENTRAL WATER CATCHMENT,BUKIT TIMAH EXPRESSWAY,,,
98,,,2017-07-14,,,63139 (BUS STOP),flash_flood,,,,,1.361202,103.891412,532373,,,,HOUGANG,LORONG AH SOO,TAMPINES ROAD,,,
99,,,2017-07-14,,,09191 (BUS STOP),flash_flood,,,,,1.304887,103.825498,247918,,,,ORCHARD,TANGLIN,TOMLINSON ROAD,,,
100,,,2017-10-07,,,BISHAN MRT STATION,flash_flood,,,,,1.350706,103.848079,579827,,,,BISHAN,BISHAN EAST,BISHAN ROAD,,,
101,,,2017-10-07,,,BRADDEL MRT STATION,flash_flood,,,,,1.340605,103.847231,319758,,,,TOA PAYOH,BRADDELL,LORONG 2 TOA PAYOH,,,
102,,,2017-10-30,,,STAMFORD ROAD,flash_flood,,,,,1.294094,103.850124,178892,,,,MUSEUM,BRAS BASAH,HILL STREET,,,
103,,,2017-10-30,,,VICTORIA STREET,flash_flood,,,,,1.300563,103.855781,188045,,,,ROCHOR,VICTORIA,VICTORIA STREET,,,
104,,,2017-10-30,,,MOUNT ELIZABETH,flash_flood,,,,,1.32211,103.844317,329562,,,,NOVENA,BALESTIER,IRRAWADDY ROAD,,,
105,,,2017-11-09,,,63139 (BUS STOP),flash_flood,,,,,1.361202,103.891412,532373,,,,HOUGANG,LORONG AH SOO,TAMPINES ROAD,,,
106,,,2017-11-18,,,MANDAI ROAD,flash_flood,,,,,1.40743,103.783828,729979,,,,CENTRAL WATER CATCHMENT,CENTRAL WATER CATCHMENT,MANDAI LAKE ROAD,,,
107,,,2017-11-18,,,YISHUN MRT,flash_flood,,,,,1.429525,103.834995,769093,,,,YISHUN,YISHUN WEST,YISHUN AVENUE 2,,,
109,,,2017-11-22,,,09191 (BUS STOP),flash_flood,,,,,1.304887,103.825498,247918,,,,ORCHARD,TANGLIN,TOMLINSON ROAD,,,
108,,,2017-11-22,,,40191 (BUS STOP),flash_flood,,,,,1.312686,103.830427,259978,,,,NEWTON,ORANGE GROVE,STEVENS ROAD,,,
110,,,2017-12-15,,,PASIR RIS FARMWAY,flash_flood,,,,,1.385908,103.934912,518221,,,,PASIR RIS,PASIR RIS WAFER FAB PARK,PASIR RIS DRIVE 12,,,
111,,,2018-01-08,,,TAMPINES ROAD,flash_flood,,,,,1.362843,103.966929,509733,,,,PASIR RIS,FLORA DRIVE,OLD TAMPINES ROAD,,,
112,,,2018-01-08,,,THE GLADES,flash_flood,,,,,1.327081,103.947772,469601,,,,BEDOK,BEDOK SOUTH,NEW UPPER CHANGI ROAD,,,
113,,,2018-01-08,,,JALAN NIPAH,flash_flood,,,,,1.325939,103.95278,468585,,,,BEDOK,BEDOK SOUTH,JALAN NIPAH,,,
114,,,2018-01-08,,,PAYA LEBAR QUARTER,flash_flood,,,,,1.316174,103.893139,437161,,,,GEYLANG,GEYLANG EAST,PAYA LEBAR ROAD,,,
115,,,2018-01-08,,,ARUMUGAM ROAD,flash_flood,,,,,1.325178,103.891377,409961,,,,GEYLANG,KAMPONG UBI,ARUMUGAM ROAD,,,
116,,,2018-01-08,,,CHANGI FIRE STATION,flash_flood,,,,,1.33488,103.951353,486123,,,,TAMPINES,SIMEI,UPPER CHANGI ROAD,,,
117,,,2018-01-08,,,TAMPINES AVENUE 12,flash_flood,,,,,1.363297,103.944612,521637,,,,TAMPINES,TAMPINES NORTH,TAMPINES AVENUE 12,,,
118,,,2018-01-09,,,134 TANJONG PAGAR ROAD,flash_flood,,,,,1.277471,103.843403,088534,,,,OUTRAM,CHINATOWN,CRAIG ROAD,,,
119,,,2018-01-24,,,CRAIG ROAD,flash_flood,,,,,1.277854,103.842278,089688,,,,OUTRAM,CHINATOWN,CRAIG ROAD,,,
120,,,2018-01-24,,,PSC BUILDING,flash_flood,,,,,1.328863,103.706189,629813,,,,JURONG WEST,KIAN TECK,INTERNATIONAL ROAD,,,
121,,,2018-01-30,,,SELETAR NORTH LINK,flash_flood,,,,,1.424892,103.883643,797359,,,,SELETAR,PULAU PUNGGOL BARAT,SELETAR NORTH LINK,,,
122,,,2018-01-31,,,ANG MO KIO INDUSTRIAL PARK 2,flash_flood,,,,,1.371047,103.862851,569500,,,,SERANGOON,SERANGOON NORTH IND ESTATE,ANG MO KIO INDUSTRIAL PARK 2,,,
123,,,2018-03-17,,,21229,flash_flood,,,,,1.342064,103.71602,648923,,,,JURONG WEST,TAMAN JURONG,CORPORATION ROAD,,,
124,,,2018-03-30,,,BUKIT BATOK ROAD,flash_flood,,,,,1.363244,103.742569,659203,,,,TENGAH,BRICKLAND,BUKIT BATOK ROAD,,,
125,,,2018-03-30,,,CHOA CHU KANG AVENUE 1,flash_flood,,,,,1.37744,103.744383,680253,,,,CHOA CHU KANG,KEAT HONG,HONG SAN WALK,,,
126,,,2018-03-30,,,CHUA CHU KANG CEMETERY OFFICE,flash_flood,,,,,1.374358,103.693645,698910,,,,WESTERN WATER CATCHMENT,MURAI,OLD CHOA CHU KANG ROAD,,,
127,,,2018-03-30,,,LIM CHU KANG FARMWAY,flash_flood,,,,,1.428068,103.704222,718921,,,,LIM CHU KANG,LIM CHU KANG,PERAHU ROAD,,,
128,,,2018-04-07,,,MARYMOUNT MRT STATION,flash_flood,,,,,1.348707,103.839423,570302,,,,BISHAN,UPPER THOMSON,MARYMOUNT ROAD,,,
129,,,2018-04-20,,,TENGAH FLYOVER,flash_flood,,,,,1.363822,103.707043,648170,,,,TENGAH,TENGAH INDUSTRIAL ESTATE,KRANJI EXPRESSWAY,,,
130,,,2018-04-23,,,40191,flash_flood,,,,,1.312686,103.830427,259978,,,,NEWTON,ORANGE GROVE,STEVENS ROAD,,,
131,,,2018-04-23,,,GILSTEAD 2,flash_flood,,,,,1.31496,103.838459,307997,,,,NOVENA,MOULMEIN,GILSTEAD ROAD,,,
132,,,2018-04-27,,,SELETAR NORTH LINK,flash_flood,,,,,1.424892,103.883643,797359,,,,SELETAR,PULAU PUNGGOL BARAT,SELETAR NORTH LINK,,,
133,,,2018-05-01,,,BLK 448 CLEMENTI AVENUE 3,flash_flood,,,,,1.31332,103.764517,120448,,,,CLEMENTI,CLEMENTI CENTRAL,CLEMENTI AVENUE 3,,,
134,,,2018-05-26,,,KRAMAT LANE,flash_flood,,,,,1.300979,103.842274,228750,,,,ORCHARD,SOMERSET,KRAMAT LANE,,,
135,,,2018-05-26,,,CAVENAGH ROAD,flash_flood,,,,,1.308095,103.84214,229491,,,,NEWTON,ISTANA NEGARA,CAVENAGH ROAD,,,
136,,,2018-06-20,,,21229,flash_flood,,,,,1.342064,103.71602,648923,,,,JURONG WEST,TAMAN JURONG,CORPORATION ROAD,,,
139,,,2018-06-26,,,ENG NEO FLYOVER,flash_flood,,,,,1.339976,103.806539,288303,,,,BUKIT TIMAH,HILLCREST,ENG NEO AVENUE,,,
138,,,2018-06-26,,,TOH TUCK AVENUE,flash_flood,,,,,1.33054,103.758726,596226,,,,CLEMENTI,TOH TUCK,TOH TUCK AVENUE,,,
137,,,2018-06-26,,,KISMIS ROAD,flash_flood,,,,,1.335544,103.771203,599430,,,,BUKIT TIMAH,ANAK BUKIT,KISMIS ROAD,,,
140,,,2018-06-29,,,LORONG KISMIS,flash_flood,,,,,1.336996,103.766805,598112,,,,BUKIT TIMAH,ANAK BUKIT,LORONG KISMIS,,,
141,,,2018-06-29,,,BUKIT TIMAH,flash_flood,,,,,1.333937,103.792132,276308,,,,BUKIT TIMAH,SWISS CLUB,DUNEARN ROAD,,,
142,,,2018-06-29,,,DUNEARN ROAD,flash_flood,,,,,1.321188,103.825058,297753,,,,NOVENA,DUNEARN,DUNEARN ROAD,,,
143,,,2018-09-19,,,55189 (BUS STOP),flash_flood,,,,,1.382953,103.844225,569845,,,,ANG MO KIO,YIO CHU KANG,ANG MO KIO AVENUE 6,,,
144,,,2018-10-16,,,21229 (BUS STOP),flash_flood,,,,,1.342064,103.71602,648923,,,,JURONG WEST,TAMAN JURONG,CORPORATION ROAD,,,
145,,,2018-10-23,,,21229 (BUS STOP),flash_flood,,,,,1.342064,103.71602,648923,,,,JURONG WEST,TAMAN JURONG,CORPORATION ROAD,,,
146,,,2018-11-10,,,CHOA CHU KANG WAY,flash_flood,,,,,1.377584,103.750314,688786,,,,CHOA CHU KANG,KEAT HONG,CHOA CHU KANG WAY,,,
147,,,2018-11-10,,,CHOA CHU KANG AVENUE 1,flash_flood,,,,,1.37744,103.744383,680253,,,,CHOA CHU KANG,KEAT HONG,HONG SAN WALK,,,
148,,,2018-11-10,,,BUKIT BATOK DRIVING CENTRE,flash_flood,,,,,1.3668,103.750142,659003,,,,BUKIT BATOK,HONG KAH NORTH,BUKIT BATOK WEST AVENUE 5,,,
149,,,2018-11-11,,,LORONG 23 GEYLANG,flash_flood,,,,,1.315461,103.881255,388379,,,,GEYLANG,ALJUNIED,LORONG 23 GEYLANG,,,
150,,,2018-11-11,,,ALJUNIED WEST FLYOVER,flash_flood,,,,,1.319295,103.87634,387381,,,,GEYLANG,ALJUNIED,PAN ISLAND EXPRESSWAY,,,
151,,,2018-12-12,,,42059 (BUS STOP),flash_flood,,,,,1.336445,103.782762,596288,,,,BUKIT TIMAH,SWISS CLUB,DUNEARN ROAD,,,
152,,,2018-12-12,,,41069,flash_flood,,,,,1.326528,103.807586,269733,,,,BUKIT TIMAH,HILLCREST,DUNEARN ROAD,,,
153,,,2018-12-12,,,ORCHID VILLAGE,flash_flood,,,,,1.333111,103.800138,288735,,,,BUKIT TIMAH,HILLCREST,VANDA ROAD,,,
154,,,2018-12-15,,,PSC BUILDING,flash_flood,,,,,1.328863,103.706189,629813,,,,JURONG WEST,KIAN TECK,INTERNATIONAL ROAD,,,
155,,,2018-12-15,,,YUAN CHING ROAD,flash_flood,,,,,1.325468,103.725222,618642,,,,JURONG WEST,TAMAN JURONG,JALAN AHMAD IBRAHIM,,,
156,,,2018-12-20,,,SEMBAWANG PARK,flash_flood,,,,,1.461362,103.8365,757600,,,,SEMBAWANG,SEMBAWANG STRAITS,SEMBAWANG ROAD,,,
157,,,2019-05-19,,,NEO PEE TECK LANE,flash_flood,,,,,1.292623,103.769021,118759,,,,QUEENSTOWN,PASIR PANJANG 1,NEO PEE TECK LANE,,,
158,,,2019-06-03,,,OPHIR ROAD,flash_flood,,,,,1.299961,103.859066,307584,,,,DOWNTOWN CORE,BUGIS,OPHIR ROAD,,,
159,,,2019-06-03,,,COMMONWEALTH LANE,flash_flood,,,,,1.304553,103.797475,149547,,,,QUEENSTOWN,HOLLAND DRIVE,COMMONWEALTH LANE,,,
160,,,2019-06-03,,,CRAIG ROAD,flash_flood,,,,,1.277854,103.842278,089688,,,,OUTRAM,CHINATOWN,CRAIG ROAD,,,
161,,,2019-12-02,,,JURONG EAST STREET 32,flash_flood,,,,,1.346948,103.733825,600314,,,,JURONG EAST,YUHUA WEST,JURONG EAST STREET 32,,,
162,,,2019-12-02,,,CHOA CHU KANG AVE 1,flash_flood,,,,,1.37744,103.744383,680253,,,,CHOA CHU KANG,KEAT HONG,HONG SAN WALK,,,
167,,,2020-04-30,,,LICHI AVENUE,flash_flood,,,,,1.33316,103.876492,367874,,,,TOA PAYOH,SENNETT,LICHI AVENUE,,,
166,,,2020-04-30,,,SERANGOON AVENUE 2,flash_flood,,,,,1.353626,103.867705,550304,,,,SERANGOON,SERANGOON CENTRAL,SERANGOON AVENUE 2,,,
168,,,2020-04-30,,,JALAN TELITI,flash_flood,,,,,1.360393,103.890228,532373,,,,HOUGANG,LORONG AH SOO,JALAN TELITI,,,
164,,,2020-04-30,,,LORONG GAMBIR,flash_flood,,,,,1.345476,103.875567,556140,,,,SERANGOON,UPPER PAYA LEBAR,LORONG GAMBIR,,,
165,,,2020-04-30,,,50 HOUGANG AVENUE 1,flash_flood,,,,,1.360305,103.888083,530211,,,,HOUGANG,LORONG AH SOO,HOUGANG AVENUE 1,,,
163,,,2020-04-30,,,UPPER PAYA LEBAR ROAD,flash_flood,,,,,1.335184,103.888238,534803,,,,TOA PAYOH,JOO SENG,KALLANG PAYA LEBAR EXPRESSWAY,,,
169,,,2020-05-22,,,CRAIG ROAD,flash_flood,,,,,1.277854,103.842278,089688,,,,OUTRAM,CHINATOWN,CRAIG ROAD,,,
170,,,2020-06-23,,,JURONG TOWN HALL ROAD,flash_flood,,,,,1.331977,103.739634,608516,,,,JURONG EAST,JURONG GATEWAY,JURONG TOWN HALL ROAD,,,
171,,,2020-06-23,,,CHANGI FIRE STATION,flash_flood,,,,,1.33488,103.951353,486123,,,,TAMPINES,SIMEI,UPPER CHANGI ROAD,,,
172,,,2020-06-23,,,NEW UPPER CHANGI ROAD,flash_flood,,,,,1.324064,103.940749,461059,,,,BEDOK,BEDOK SOUTH,NEW UPPER CHANGI ROAD,,,
173,,,2020-07-09,,,PSC BUILDING,flash_flood,,,,,1.328863,103.706189,629813,,,,JURONG WEST,KIAN TECK,INTERNATIONAL ROAD,,,
174,,,2020-08-13,,,ALJUNIED ROAD,flash_flood,,,,,1.322313,103.881475,370023,,,,GEYLANG,MACPHERSON,ALJUNIED ROAD,,,
175,,,2020-08-14,,,CRAIG ROAD,flash_flood,,,,,1.277854,103.842278,089688,,,,OUTRAM,CHINATOWN,CRAIG ROAD,,,
176,,,2020-08-14,,,TANJONG PAGAR ROAD,flash_flood,,,,,1.273715,103.842919,088542,,,,DOWNTOWN CORE,ANSON,LIM TECK KIM ROAD,,,
179,,,2020-11-02,,,MOUNT VERNON ROAD,flash_flood,,,,,1.34041,103.879577,361222,,,,TOA PAYOH,JOO SENG,MOUNT VERNON ROAD,,,
177,,,2020-11-02,,,UPPER PAYA LEBAR ROAD,flash_flood,,,,,1.335184,103.888238,534803,,,,TOA PAYOH,JOO SENG,KALLANG PAYA LEBAR EXPRESSWAY,,,
178,,,2020-11-02,,,LORONG GAMBIR,flash_flood,,,,,1.345476,103.875567,556140,,,,SERANGOON,UPPER PAYA LEBAR,LORONG GAMBIR,,,
180,,,2020-11-07,,,ALJUNIED ROAD,flash_flood,,,,,1.322313,103.881475,370023,,,,GEYLANG,MACPHERSON,ALJUNIED ROAD,,,
181,,,2021-01-01,,,LORONG HALUS,flash_flood,,,,,1.386169,103.923226,533850,,,,PASIR RIS,PASIR RIS WAFER FAB PARK,LORONG HALUS,,,
182,,,2021-01-02,,,PASIR RIS STREET 11,flash_flood,,,,,1.364996,103.958511,510136,,,,PASIR RIS,PASIR RIS DRIVE,PASIR RIS STREET 11,,,
183,,,2021-03-23,,,BOON LAY WAY,flash_flood,,,,,1.344351,103.727438,648164,,,,JURONG EAST,LAKESIDE (LEISURE),BOON LAY WAY,,,
184,,,2021-03-23,,,CORPORATION ROAD,flash_flood,,,,,1.338077,103.71708,618310,,,,JURONG WEST,CHIN BEE,CORPORATION ROAD,,,
185,,,2021-03-23,,,ENTERPRISE ROAD,flash_flood,,,,,1.333312,103.705117,629840,,,,JURONG WEST,KIAN TECK,ENTERPRISE ROAD,,,
186,,,2021-03-29,,,VICTORIA STREET,flash_flood,,,,,1.300563,103.855781,188030,,,,ROCHOR,VICTORIA,VICTORIA STREET,,,
187,,,2021-04-17,,,DUNEARN ROAD,flash_flood,,,,,1.321188,103.825058,297753,,,,NOVENA,DUNEARN,DUNEARN ROAD,,,
188,,,2021-04-17,,,SUNGEI ULU PANDAN,flash_flood,,,,,1.317109,103.773462,597596,,,,BUKIT TIMAH,ULU PANDAN,PINE GROVE,,,
189,,,2021-07-12,,,CALTEX BINJAI PARK,flash_flood,,,,,1.335235,103.786793,589821,,,,BUKIT TIMAH,SWISS CLUB,DUNEARN ROAD,,,
190,,,2021-08-20,,,75359 (BUS STOP),flash_flood,,,,,1.374387,103.931479,528764,,,,TAMPINES,TAMPINES NORTH,TAMPINES AVENUE 10,,,
191,,,2021-08-24,,,DUNEARN ROAD,flash_flood,,,,,1.321188,103.825058,297753,,,,NOVENA,DUNEARN,DUNEARN ROAD,,,
192,,,2021-08-30,,,HOUGANG AVENUE 8,flash_flood,,,,,1.373321,103.886366,530583,,,,HOUGANG,HOUGANG WEST,HOUGANG AVENUE 8,,,
193,,,2021-08-30,,,PUNGGOL WEST FLYOVER,flash_flood,,,,,1.398885,103.896382,543287,,,,SENGKANG,SENGKANG TOWN CENTRE,TAMPINES EXPRESSWAY,,,
194,,,2021-09-02,,,PUNGGOL WEST FLYOVER,flash_flood,,,,,1.398885,103.896382,543287,,,,SENGKANG,SENGKANG TOWN CENTRE,TAMPINES EXPRESSWAY,,,
195,,,2021-09-06,,,JURONG EAST STREET 32,flash_flood,,,,,1.346948,103.733825,600314,,,,JURONG EAST,YUHUA WEST,JURONG EAST STREET 32,,,
196,,,2021-11-23,,,JURONG EAST STREET 32,flash_flood,,,,,1.346948,103.733825,600314,,,,JURONG EAST,YUHUA WEST,JURONG EAST STREET 32,,,
197,,,2022-02-27,,,BEDOK NORTH FLYOVER,flash_flood,,,,,1.332028,103.920369,460540,,,,BEDOK,BEDOK NORTH,PAN ISLAND EXPRESSWAY,,,
198,,,2022-02-27,,,REGENT CENTRE,flash_flood,,,,,1.334035,103.899317,408609,,,,GEYLANG,KAMPONG UBI,EUNOS LINK,,,
199,,,2022-03-02,,,209 PUNGGOL PLACE PUNGGOL CREST,flash_flood,,,,,1.398977,103.900937,820209,,,,PUNGGOL,MATILDA,TAMPINES EXPRESSWAY,,,
200,,,2022-03-02,,,BUANGKOK FLYOVER,flash_flood,,,,,1.37684,103.910119,533952,,,,SENGKANG,LORONG HALUS NORTH,BUANGKOK EAST DRIVE,,,
203,,,2022-03-07,,,SUNGEI TENGAH,flash_flood,,,,,1.398992,103.725111,698986,,,,WESTERN WATER CATCHMENT,MURAI,SUNGEI TENGAH ROAD,,,
201,,,2022-03-07,,,JURONG EAST ST 32,flash_flood,,,,,1.346948,103.733825,600314,,,,JURONG EAST,YUHUA WEST,JURONG EAST STREET 32,,,
202,,,2022-03-07,,,ENTERPRISE ROAD,flash_flood,,,,,1.333312,103.705117,629840,,,,JURONG WEST,KIAN TECK,ENTERPRISE ROAD,,,
204,,,2022-10-05,,,LAVENDER MRT,flash_flood,,,,,1.307507,103.862938,208699,,,,KALLANG,LAVENDER,KALLANG ROAD,,,
205,,,2022-11-07,,,BKE EXIT 8,flash_flood,,,,,1.416285,103.770721,738078,,,,SUNGEI KADUT,TURF CLUB,BUKIT TIMAH EXPRESSWAY,,,
206,,,2022-11-12,,,TANAH MERAH MRT,flash_flood,,,,,1.327311,103.946452,465514,,,,BEDOK,BEDOK NORTH,NEW UPPER CHANGI ROAD,,,
207,,,2022-12-11,,,BUANGKOK FLYOVER,flash_flood,,,,,1.37684,103.910119,533952,,,,SENGKANG,LORONG HALUS NORTH,BUANGKOK EAST DRIVE,,,
208,,,2023-03-30,,,KRAMAT LANE,flash_flood,,,,,1.300979,103.842274,228750,,,,ORCHARD,SOMERSET,KRAMAT LANE,,,
209,,,2023-03-30,,,CAVENAGH ROAD,flash_flood,,,,,1.308095,103.84214,229491,,,,NEWTON,ISTANA NEGARA,CAVENAGH ROAD,,,
210,,,2023-07-20,,,42059 (BUS STOP),flash_flood,,,,,1.336445,103.782762,596288,,,,BUKIT TIMAH,SWISS CLUB,DUNEARN ROAD,,,
211,,,2023-11-28,,,21229 (BUS STOP),flash_flood,,,,,1.342064,103.71602,648923,,,,JURONG WEST,TAMAN JURONG,CORPORATION ROAD,,,
212,,,2024-02-03,,,DUNEARN ROAD,flash_flood,,,,,1.321188,103.825058,297753,,,,NOVENA,DUNEARN,DUNEARN ROAD,,,
213,,,2024-10-14,,,DUNEARN ROAD,flash_flood,,,,,1.321188,103.825058,297753,,,,NOVENA,DUNEARN,DUNEARN ROAD,,,
305,2025-09-07 06:01:33.360476+00,"[Risk of Flash Floods]

Due to heavy rain, please avoid this location for the next 1 hour: TPE (Punggol West Flyover) [15:28 hours]",2024-11-16,-1001620000000.0,986.0,TPE (Punggol West Flyover),flash_flood_risk,Tampines Expressway Punggol West Flyover,,,Tampines Expressway Punggol West Flyover,1.379707,103.915978,533760,,,,PAYA LEBAR,PAYA LEBAR WEST,TAMPINES ROAD,,,
214,,,2024-12-29,,,DUNEARN ROAD,flash_flood,,,,,1.321188,103.825058,297753,,,,NOVENA,DUNEARN,DUNEARN ROAD,,,
300,2025-09-07 06:01:32.600341+00,"[Risk of Flash Floods]

Due to heavy rain, please avoid this location for the next 1 hour: PIE (towards Changi Airport) after TPE [07:40 hours]",2025-03-19,-1001620000000.0,1114.0,PIE (towards Changi Airport) after TPE,flash_flood_risk,Pan Island Expressway towards Changi Airport,Tampines Expressway,,Pan Island Expressway towards Changi Airport to Tampines Expressway,1.339305,103.974505,486769,1.3704809,103.9415043,519961,CHANGI,CHANGI AIRPORT,PAN ISLAND EXPRESSWAY,TAMPINES,TAMPINES NORTH,TAMPINES EXPRESSWAY
301,2025-09-07 06:01:32.737076+00,"[Risk of Flash Floods]

Due to heavy rain, please avoid this location for the next 1 hour: Mountbatten Road / Jalan Seaview [14:45 hours]",2025-03-19,-1001620000000.0,1113.0,Mountbatten Road / Jalan Seaview,flash_flood_risk,Mountbatten Road,Jalan Seaview,,Mountbatten Road and Jalan Seaview,1.3028098,103.8996285,439970,1.3008882,103.896421,438386,MARINE PARADE,KATONG,MOUNTBATTEN ROAD,MARINE PARADE,MOUNTBATTEN,JALAN SEAVIEW
298,2025-09-07 06:01:32.277088+00,"[Risk of Flash Floods]

Due to heavy rain, please avoid this location for the next 1 hour: ECP (towards Changi Airport) after Bayshore Rd Exit [13:40 hours]",2025-03-20,-1001620000000.0,1120.0,ECP (towards Changi Airport) after Bayshore Rd Exit,flash_flood_risk,East Coast Parkway towards Changi Airport,Bayshore Road Slip,,East Coast Parkway towards Changi Airport to Bayshore Road Slip,1.338224,103.980555,819665,1.312132,103.939068,469986,CHANGI,CHANGI AIRPORT,EAST COAST PARKWAY,BEDOK,BAYSHORE,BAYSHORE ROAD
297,2025-09-07 06:01:32.144474+00,"[Risk of Flash Floods]

Due to heavy rain, please avoid this location for the next 1 hour: Mountbatten Road/Jalan Seaview [13:50 hours]",2025-03-20,-1001620000000.0,1121.0,Mountbatten Road/Jalan Seaview,flash_flood_risk,Mountbatten Road,Jalan Seaview,,Mountbatten Road and Jalan Seaview,1.3028098,103.8996285,439970,1.3008882,103.896421,438386,MARINE PARADE,KATONG,MOUNTBATTEN ROAD,MARINE PARADE,MOUNTBATTEN,JALAN SEAVIEW
299,2025-09-07 06:01:32.450263+00,"[Risk of Flash Floods]

Due to heavy rain, please avoid this location for the next 1 hour: ECP (towards Changi Airport) at Tanah Merah Coast Road Entrance [10:20 hours]",2025-03-20,-1001620000000.0,1116.0,ECP (towards Changi Airport) at Tanah Merah Coast Road Entrance,flash_flood_risk,East Coast Parkway towards Changi Airport,Tanah Merah Coast Road Entrance,,East Coast Parkway towards Changi Airport to Tanah Merah Coast Road Entrance,1.338224,103.980555,819665,1.318466,103.984457,498720,CHANGI,CHANGI AIRPORT,EAST COAST PARKWAY,TAMPINES,XILIN,TANAH MERAH COAST ROAD
296,2025-09-07 06:01:31.96967+00,"[Risk of Flash Floods]

Due to heavy rain, please avoid this location for the next 1 hour: Mountbatten Road/Jalan Seaview [01:31 hours]",2025-03-22,-1001620000000.0,1123.0,Mountbatten Road/Jalan Seaview,flash_flood_risk,Mountbatten Road,Jalan Seaview,,Mountbatten Road and Jalan Seaview,1.3028098,103.8996285,439970,1.3008882,103.896421,438386,MARINE PARADE,KATONG,MOUNTBATTEN ROAD,MARINE PARADE,MOUNTBATTEN,JALAN SEAVIEW
287,2025-09-07 06:01:30.533167+00,"[Risk of Flash Floods]

Due to heavy rain, please avoid this location for the next 1 hour: Thomson Rd (Balestier Rd to Novena Rise) [00:37 hours]",2025-03-23,-1001620000000.0,1133.0,Thomson Rd (Balestier Rd to Novena Rise),flash_flood_risk,balestier Road,novena rise,Thomson Road,Thomson Road (balestier Road to novena rise),1.3265878,103.8430003,329900,1.3242731,103.8429008,307516,NOVENA,BALESTIER,JALAN DATOH,NOVENA,BALESTIER,NOVENA RISE
289,2025-09-07 06:01:30.900078+00,"[Risk of Flash Floods]

Due to heavy rain, please avoid this location for the next 1 hour: Lor Gambir
 [00:29 hours]",2025-03-23,-1001620000000.0,1131.0,Lor Gambir,flash_flood_risk,Lorong Gambir,,,Lorong Gambir,1.3461999,103.8744676,536652,,,,SERANGOON,UPPER PAYA LEBAR,JALAN LABU AYER,,,
290,2025-09-07 06:01:31.046015+00,"[Risk of Flash Floods]

Due to heavy rain, please avoid this location for the next 1 hour: Puay Hee Ave (near Siak Kew Ave);
Siang Kuang Ave; [00:28 hours]",2025-03-23,-1001620000000.0,1130.0,"Puay Hee Ave (near Siak Kew Ave);
Siang Kuang Ave;",flash_flood_risk,Puay Hee Avenue near Siak Kew Avenue Siang Kuang Avenue,,,Puay Hee Avenue near Siak Kew Avenue Siang Kuang Avenue,1.366923,103.801292,678278,,,,CENTRAL WATER CATCHMENT,CENTRAL WATER CATCHMENT,RIFLE RANGE ROAD,,,
288,2025-09-07 06:01:30.706608+00,"[Risk of Flash Floods]

Due to heavy rain, please avoid this location for the next 1 hour: Macpherson Rd OD (Siang Kuang Ave) [00:33 hours]",2025-03-23,-1001620000000.0,1132.0,Macpherson Rd OD (Siang Kuang Ave),flash_flood_risk,Macpherson Road OD Siang Kuang Avenue,,,Macpherson Road OD Siang Kuang Avenue,1.329601,103.87201,347973,,,,TOA PAYOH,SENNETT,SIANG KUANG AVENUE,,,
292,2025-09-07 06:01:31.351177+00,"[Risk of Flash Floods]

Due to heavy rain, please avoid this location for the next 1 hour: Junction of Toa Payoh Lor 1 and Toa Payoh Lor 2
 [00:23 hours]",2025-03-23,-1001620000000.0,1128.0,Junction of Toa Payoh Lor 1 and Toa Payoh Lor 2,flash_flood_risk,toa payoh Lorong 1,toa payoh Lorong 2,,toa payoh Lorong 1 and toa payoh Lorong 2,1.33961615,103.85337221643714,310001,1.3325257499999998,103.8473864759364,310157,TOA PAYOH,LORONG 8 TOA PAYOH,LORONG 8 TOA PAYOH,TOA PAYOH,TOA PAYOH CENTRAL,LORONG 2 TOA PAYOH
293,2025-09-07 06:01:31.494353+00,"[Risk of Flash Floods]

Due to heavy rain, please avoid this location for the next 1 hour: Langsat Rd (Everitt Rd North to Lor 106 Changi);
Lor 105 Changi; [00:20 hours]",2025-03-23,-1001620000000.0,1127.0,"Langsat Rd (Everitt Rd North to Lor 106 Changi);
Lor 105 Changi;",flash_flood_risk,everitt Road north,Lorong 106 changi,Langsat Road,Langsat Road (everitt Road north to Lorong 106 changi),1.3168363,103.9013344,419718,1.3171815,103.9032135,419974,GEYLANG,GEYLANG EAST,EVERITT ROAD NORTH,GEYLANG,GEYLANG EAST,LORONG 106 CHANGI
294,2025-09-07 06:01:31.64662+00,"[Risk of Flash Floods]

Due to heavy rain, please avoid this location for the next 1 hour: Marine Parade Ctrl;
Marine Parade Rd [00:15 hours]",2025-03-23,-1001620000000.0,1126.0,"Marine Parade Ctrl;
Marine Parade Rd",flash_flood_risk,Marine Parade Ctrl Marine Parade Road,,,Marine Parade Ctrl Marine Parade Road,1.301396,103.905945,449408,,,,MARINE PARADE,MARINE PARADE,MARINE PARADE CENTRAL,,,
295,2025-09-07 06:01:31.806335+00,"[Risk of Flash Floods]

Due to heavy rain, please avoid this location for the next 1 hour: East Coast Rd [00:12 hours]",2025-03-23,-1001620000000.0,1125.0,East Coast Rd,flash_flood_risk,East Coast Road,,,East Coast Road,1.3065136,103.9057043,428877,,,,MARINE PARADE,KATONG,TEMBELING ROAD,,,
291,2025-09-07 06:01:31.200378+00,"[Risk of Flash Floods]

Due to heavy rain, please avoid this location for the next 1 hour: Upp Paya Lebar Service Rd (Lim Teck Boo Rd to Rochdale Rd);
Jln Lokam (near Upp Paya Lebar Rd);
Thrift Dr (near Jln Usaha); [00:28 hours]",2025-03-23,-1001620000000.0,1129.0,"Upp Paya Lebar Service Rd (Lim Teck Boo Rd to Rochdale Rd);
Jln Lokam (near Upp Paya Lebar Rd);
Thrift Dr (near Jln Usaha);",flash_flood_risk,lim teck boo Road,rochdale Road,Upper Paya Lebar Service Road,Upper Paya Lebar Service Road (lim teck boo Road to rochdale Road),1.3422987,103.8844939,534878,1.3433183,103.8835973,535823,HOUGANG,TAI SENG,LIM TECK BOO ROAD,HOUGANG,TAI SENG,ROCHDALE ROAD
284,2025-09-07 06:01:29.973055+00,"[Risk of Flash Floods]

Due to heavy rain, please avoid this location for the next 1 hour: Jln Arif [18:35 hours]",2025-04-05,-1001620000000.0,1142.0,Jln Arif,flash_flood_risk,Jalan Arif,,,Jalan Arif,1.3683562,103.8828034,545114,,,,HOUGANG,KOVAN,JALAN ARIF,,,
273,2025-09-07 06:01:28.237661+00,"[Risk of Flash Floods]

Due to heavy rain, please avoid this location for the next 1 hour: Junction of Toa Payoh Lor 1 and Toa Payoh Lor 2
 [14:11 hours]",2025-04-13,-1001620000000.0,1157.0,Junction of Toa Payoh Lor 1 and Toa Payoh Lor 2,flash_flood_risk,toa payoh Lorong 1,toa payoh Lorong 2,,toa payoh Lorong 1 and toa payoh Lorong 2,1.33961615,103.85337221643714,310001,1.3325257499999998,103.8473864759364,310157,TOA PAYOH,LORONG 8 TOA PAYOH,LORONG 8 TOA PAYOH,TOA PAYOH,TOA PAYOH CENTRAL,LORONG 2 TOA PAYOH
268,2025-09-07 06:01:27.498751+00,Flash flood subsided at Yishun Ave 7. Issued 1430 hours.,2025-04-13,-1001620000000.0,1163.0,Yishun Ave 7,flood_subsided,Yishun Avenue 7,,,Yishun Avenue 7,1.4380871,103.8326446,760175,,,,YISHUN,YISHUN WEST,YISHUN AVENUE 7,,,
269,2025-09-07 06:01:27.646196+00,"[Risk of Flash Floods]

Due to heavy rain, please avoid this location for the next 1 hour: Jln Pokok Serunai [14:15 hours]",2025-04-13,-1001620000000.0,1161.0,Jln Pokok Serunai,flash_flood_risk,Jalan Pokok Serunai,,,Jalan Pokok Serunai,1.3143531,103.9363658,466433,,,,BEDOK,BAYSHORE,JALAN POKOK SERUNAI,,,
270,2025-09-07 06:01:27.778342+00,"[Risk of Flash Floods]

Due to heavy rain, please avoid this location for the next 1 hour: Bt Timah Rd (Wilby Rd to Blackmore Dr) [14:15 hours]",2025-04-13,-1001620000000.0,1160.0,Bt Timah Rd (Wilby Rd to Blackmore Dr),flash_flood_risk,wilby Road,blackmore Drive,Bukit Timah Road,Bukit Timah Road (wilby Road to blackmore Drive),1.3302335,103.7876928,275982,1.3356733,103.7836073,599987,BUKIT TIMAH,HOLLAND ROAD,WILBY ROAD,BUKIT TIMAH,HOLLAND ROAD,BLACKMORE DRIVE
271,2025-09-07 06:01:27.928562+00,"[FLASH FLOOD OCCURRED]  

Flash flood at KPE (Slip Rd to Buangkok East Drive). Please avoid the area. PUB officers have been deployed to render assistance. Issued 1405 hours.",2025-04-13,-1001620000000.0,1159.0,KPE (Slip Rd to Buangkok East Drive),flash_flood,slip Road,buangkok east drive,Kallang-Paya Lebar Expressway,Kallang-Paya Lebar Expressway (slip Road to buangkok east drive),1.385923,103.7570677,671634,1.3739123,103.9113798,535191,BUKIT PANJANG,SENJA,WOODLANDS ROAD,PAYA LEBAR,PAYA LEBAR WEST,KALLANG PAYA LEBAR EXPRESSWAY
272,2025-09-07 06:01:28.099047+00,"[Risk of Flash Floods]

Due to heavy rain, please avoid this location for the next 1 hour: Lor Ong Lye (near Lor Lew Lian) [14:12 hours]",2025-04-13,-1001620000000.0,1158.0,Lor Ong Lye (near Lor Lew Lian),flash_flood_risk,Lorong Ong Lye near Lorong Lew Lian,,,Lorong Ong Lye near Lorong Lew Lian,1.366923,103.801292,678278,,,,CENTRAL WATER CATCHMENT,CENTRAL WATER CATCHMENT,RIFLE RANGE ROAD,,,
274,2025-09-07 06:01:28.392465+00,"[Risk of Flash Floods]

Due to heavy rain, please avoid this location for the next 1 hour: Eng Kong Pl (Greenridge Cres to Eng Kong Gdn) [14:11 hours]",2025-04-13,-1001620000000.0,1156.0,Eng Kong Pl (Greenridge Cres to Eng Kong Gdn),flash_flood_risk,greenridge Crescent,eng kong gdn,Eng Kong Place,Eng Kong Place (greenridge Crescent to eng kong gdn),1.3336062,103.7662483,598909,1.33712705,103.76904268077236,596463,BUKIT TIMAH,ANAK BUKIT,GREENRIDGE CRESCENT,BUKIT TIMAH,ANAK BUKIT,UPPER TOH TUCK TERRACE
266,2025-09-07 06:01:27.131765+00,Flash flood subsided at KPE (Slip Rd to Buangkok East Drive). Issued 1500 hours.,2025-04-13,-1001620000000.0,1165.0,KPE (Slip Rd to Buangkok East Drive),flood_subsided,slip Road,buangkok east drive,Kallang-Paya Lebar Expressway,Kallang-Paya Lebar Expressway (slip Road to buangkok east drive),1.385923,103.7570677,671634,1.3739123,103.9113798,535191,BUKIT PANJANG,SENJA,WOODLANDS ROAD,PAYA LEBAR,PAYA LEBAR WEST,KALLANG PAYA LEBAR EXPRESSWAY
276,2025-09-07 06:01:28.710104+00,"[Risk of Flash Floods]

Due to heavy rain, please avoid this location for the next 1 hour: Upp Paya Lebar Service Rd (Lim Teck Boo Rd to Rochdale Rd);
Jln Lokam (near Upp Paya Lebar Rd);
Thrift Dr (near Jln Usaha); [14:03 hours]",2025-04-13,-1001620000000.0,1154.0,"Upp Paya Lebar Service Rd (Lim Teck Boo Rd to Rochdale Rd);
Jln Lokam (near Upp Paya Lebar Rd);
Thrift Dr (near Jln Usaha);",flash_flood_risk,lim teck boo Road,rochdale Road,Upper Paya Lebar Service Road,Upper Paya Lebar Service Road (lim teck boo Road to rochdale Road),1.3422987,103.8844939,534878,1.3433183,103.8835973,535823,HOUGANG,TAI SENG,LIM TECK BOO ROAD,HOUGANG,TAI SENG,ROCHDALE ROAD
275,2025-09-07 06:01:28.549928+00,"[FLASH FLOOD OCCURRED]  

Flash flood at Punggol Way (Slip Rd to TPE). Please avoid the area. PUB officers have been deployed to render assistance. Issued 1357 hours.",2025-04-13,-1001620000000.0,1155.0,Punggol Way (Slip Rd to TPE),flash_flood,slip Road,Tampines Expressway,Punggol Way,Punggol Way (slip Road to Tampines Expressway),1.385923,103.7570677,671634,1.3704809,103.9415043,519961,BUKIT PANJANG,SENJA,WOODLANDS ROAD,TAMPINES,TAMPINES NORTH,TAMPINES EXPRESSWAY
282,2025-09-07 06:01:29.604749+00,"[Risk of Flash Floods]

Due to heavy rain, please avoid this location for the next 1 hour: Yishun Avenue 7 [13:39 hours]",2025-04-13,-1001620000000.0,1148.0,Yishun Avenue 7,flash_flood_risk,Yishun Avenue 7,,,Yishun Avenue 7,1.4380871,103.8326446,760175,,,,YISHUN,YISHUN WEST,YISHUN AVENUE 7,,,
281,2025-09-07 06:01:29.455913+00,"[Risk of Flash Floods]

Due to heavy rain, please avoid this location for the next 1 hour: Junction of Yishun Ave 2 and Yishun Ave 5 [13:49 hours]",2025-04-13,-1001620000000.0,1149.0,Junction of Yishun Ave 2 and Yishun Ave 5,flash_flood_risk,yishun Avenue 2,yishun Avenue 5,,yishun Avenue 2 and yishun Avenue 5,1.4371108,103.8337382,760170,1.4304259,103.8315094,760145,YISHUN,NORTHLAND,YISHUN AVENUE 2,YISHUN,YISHUN WEST,YISHUN AVENUE 5
267,2025-09-07 06:01:27.31152+00,Flash flood subsided at Punggol Way (Slip Rd to TPE). Issued 1450 hours.,2025-04-13,-1001620000000.0,1164.0,Punggol Way (Slip Rd to TPE),flood_subsided,slip Road,Tampines Expressway,Punggol Way,Punggol Way (slip Road to Tampines Expressway),1.385923,103.7570677,671634,1.3704809,103.9415043,519961,BUKIT PANJANG,SENJA,WOODLANDS ROAD,TAMPINES,TAMPINES NORTH,TAMPINES EXPRESSWAY
279,2025-09-07 06:01:29.155392+00,"[Risk of Flash Floods]

Due to heavy rain, please avoid this location for the next 1 hour: KPE(ECP) after Buangkok East Dr Exit [13:53 hours]",2025-04-13,-1001620000000.0,1151.0,KPE(ECP) after Buangkok East Dr Exit,flash_flood_risk,Kallang-Paya Lebar Expressway East Coast Parkway after Buangkok East Drive Slip,,,Kallang-Paya Lebar Expressway East Coast Parkway after Buangkok East Drive Slip,1.375612,103.91004,535191,,,,PAYA LEBAR,PAYA LEBAR WEST,BUANGKOK EAST DRIVE,,,
278,2025-09-07 06:01:29.010003+00,"[Risk of Flash Floods]

Due to heavy rain, please avoid this location for the next 1 hour: TPE Slip Rd towards Punggol Rd [13:56 hours]",2025-04-13,-1001620000000.0,1152.0,TPE Slip Rd towards Punggol Rd,flash_flood_risk,Tampines Expressway Slip Road,Punggol Road,,Tampines Expressway Slip Road to Punggol Road,1.366923,103.801292,678278,1.4012946,103.9055736,821296,CENTRAL WATER CATCHMENT,CENTRAL WATER CATCHMENT,RIFLE RANGE ROAD,PUNGGOL,MATILDA,PUNGGOL ROAD
280,2025-09-07 06:01:29.308793+00,"[Risk of Flash Floods]

Due to heavy rain, please avoid this location for the next 1 hour: TPE (Punggol West Flyover) [13:51 hours]",2025-04-13,-1001620000000.0,1150.0,TPE (Punggol West Flyover),flash_flood_risk,Tampines Expressway Punggol West Flyover,,,Tampines Expressway Punggol West Flyover,1.379707,103.915978,533760,,,,PAYA LEBAR,PAYA LEBAR WEST,TAMPINES ROAD,,,
277,2025-09-07 06:01:28.861171+00,"[FLASH FLOOD OCCURRED]  

Flash flood at Yishun Avenue 7. Please avoid the area. PUB officers have been deployed to render assistance. Issued 1350 hours.",2025-04-13,-1001620000000.0,1153.0,Yishun Avenue 7,flash_flood,Yishun Avenue 7,,,Yishun Avenue 7,1.4380871,103.8326446,760175,,,,YISHUN,YISHUN WEST,YISHUN AVENUE 7,,,
265,2025-09-07 06:01:26.926475+00,"[Risk of Flash Floods]

Due to heavy rain, please avoid this location for the next 1 hour: Yishun Ave 7 (near intersection of Yishun St 22) [16:28 hours]",2025-04-15,-1001620000000.0,1167.0,Yishun Ave 7 (near intersection of Yishun St 22),flash_flood_risk,Yishun Avenue 7 near intersection of Yishun Street 22,,,Yishun Avenue 7 near intersection of Yishun Street 22,1.366923,103.801292,678278,,,,CENTRAL WATER CATCHMENT,CENTRAL WATER CATCHMENT,RIFLE RANGE ROAD,,,
264,2025-09-07 06:01:26.754199+00,"[FLASH FLOOD OCCURRED]  

Flash flood at Yishun Avenue 7 (near intersection of Yishun St 22). Please avoid the area. PUB officers have been deployed to render assistance. Issued 1635 hours.",2025-04-15,-1001620000000.0,1168.0,Yishun Avenue 7 (near intersection of Yishun St 22),flash_flood,Yishun Avenue 7 near intersection of Yishun Street 22,,,Yishun Avenue 7 near intersection of Yishun Street 22,1.366923,103.801292,678278,,,,CENTRAL WATER CATCHMENT,CENTRAL WATER CATCHMENT,RIFLE RANGE ROAD,,,
262,2025-09-07 06:01:26.41163+00,"[Risk of Flash Floods]

Due to heavy rain, please avoid this location for the next 1 hour: TPE (Punggol West Flyover) [16:55 hours]",2025-04-15,-1001620000000.0,1171.0,TPE (Punggol West Flyover),flash_flood_risk,Tampines Expressway Punggol West Flyover,,,Tampines Expressway Punggol West Flyover,1.379707,103.915978,533760,,,,PAYA LEBAR,PAYA LEBAR WEST,TAMPINES ROAD,,,
261,2025-09-07 06:01:26.271964+00,Flash flood subsided at Yishun Avenue 7 (near intersection of Yishun St 22). Issued 1655 hours.,2025-04-15,-1001620000000.0,1172.0,Yishun Avenue 7 (near intersection of Yishun St 22),flood_subsided,Yishun Avenue 7 near intersection of Yishun Street 22,,,Yishun Avenue 7 near intersection of Yishun Street 22,1.366923,103.801292,678278,,,,CENTRAL WATER CATCHMENT,CENTRAL WATER CATCHMENT,RIFLE RANGE ROAD,,,
245,2025-09-07 06:01:23.751587+00,"[Risk of Flash Floods]

Due to heavy rain, please avoid this location for the next 1 hour: Alexandra Rd (opp Alexis Condo) [17:19 hours]",2025-04-20,-1001620000000.0,1191.0,Alexandra Rd (opp Alexis Condo),flash_flood_risk,Alexandra Road opp Alexis Condo,,,Alexandra Road opp Alexis Condo,1.366923,103.801292,678278,,,,CENTRAL WATER CATCHMENT,CENTRAL WATER CATCHMENT,RIFLE RANGE ROAD,,,
244,2025-09-07 06:01:23.620034+00,"[Risk of Flash Floods]

Due to heavy rain, please avoid this location for the next 1 hour: Jln Pokok Serunai [17:19 hours]",2025-04-20,-1001620000000.0,1192.0,Jln Pokok Serunai,flash_flood_risk,Jalan Pokok Serunai,,,Jalan Pokok Serunai,1.3143531,103.9363658,466433,,,,BEDOK,BAYSHORE,JALAN POKOK SERUNAI,,,
243,2025-09-07 06:01:23.442715+00,"[FLASH FLOOD OCCURRED]  

Flash flood at Kings Rd (between Prince Rd and Lutheran Rd). Please avoid the area. PUB officers have been deployed to render assistance. Issued 17:05 hours.",2025-04-20,-1001620000000.0,1193.0,Kings Rd (between Prince Rd and Lutheran Rd),flash_flood,prince Road,lutheran Road,Kings Road,Kings Road (prince Road to lutheran Road),1.3209988,103.8095728,266748,1.3220164,103.8098766,268070,BUKIT TIMAH,CORONATION ROAD,PRINCE ROAD,BUKIT TIMAH,CORONATION ROAD,LUTHERAN ROAD
240,2025-09-07 06:01:22.955746+00,Flash flood subsided at Bukit Timah Rd (between Clementi Rd and Blackmore Dr). Issued 1739 hours.,2025-04-20,-1001620000000.0,1196.0,Bukit Timah Rd (between Clementi Rd and Blackmore Dr),flood_subsided,clementi Road,blackmore Drive,Bukit Timah Road,Bukit Timah Road (clementi Road to blackmore Drive),1.3268641,103.7757811,599477,1.3356733,103.7836073,599987,BUKIT TIMAH,ANAK BUKIT,CLEMENTI ROAD,BUKIT TIMAH,HOLLAND ROAD,BLACKMORE DRIVE
241,2025-09-07 06:01:23.121794+00,"[FLASH FLOOD OCCURRED]

Flash flood at Coronation Walk. Please avoid the area. PUB officers have been deployed to render assistance. Issued 1735 hours.",2025-04-20,-1001620000000.0,1195.0,Coronation Walk,flash_flood,Coronation Walk,,,Coronation Walk,1.3239188,103.8095468,269212,,,,BUKIT TIMAH,CORONATION ROAD,CORONATION WALK,,,
246,2025-09-07 06:01:23.897588+00,"[Risk of Flash Floods]

Due to heavy rain, please avoid this location for the next 1 hour: Junction of Boon Lay Way and Corporation Rd [17:17 hours]",2025-04-20,-1001620000000.0,1190.0,Junction of Boon Lay Way and Corporation Rd,flash_flood_risk,boon lay way,corporation Road,,boon lay way and corporation Road,1.340203,103.7089227,642697,1.3308794,103.721094,619978,JURONG WEST,KIAN TECK,BOON LAY WAY,BOON LAY,TUKANG,CORPORATION ROAD
239,2025-09-07 06:01:22.792333+00,Flash flood subsided at junction of Stevens Road and Balmoral Road. Issued 1740 hours.,2025-04-20,-1001620000000.0,1197.0,junction of Stevens Road and Balmoral Road,flood_subsided,stevens road,balmoral road,,stevens road and balmoral road,1.3178998,103.8258621,257892,1.3165606,103.8342843,259811,TANGLIN,NASSIM,STEVENS ROAD,NEWTON,GOODWOOD PARK,BALMORAL ROAD
238,2025-09-07 06:01:22.620934+00,Flash flood subsided at Coronation Walk. Issued 1810 hours.,2025-04-20,-1001620000000.0,1198.0,Coronation Walk,flood_subsided,Coronation Walk,,,Coronation Walk,1.3239188,103.8095468,269212,,,,BUKIT TIMAH,CORONATION ROAD,CORONATION WALK,,,
237,2025-09-07 06:01:22.466314+00,Flash flood subsided at Kings Rd (between Prince Rd and Lutheran Rd). Issued 1820 hours.,2025-04-20,-1001620000000.0,1199.0,Kings Rd (between Prince Rd and Lutheran Rd),flood_subsided,prince Road,lutheran Road,Kings Road,Kings Road (prince Road to lutheran Road),1.3209988,103.8095728,266748,1.3220164,103.8098766,268070,BUKIT TIMAH,CORONATION ROAD,PRINCE ROAD,BUKIT TIMAH,CORONATION ROAD,LUTHERAN ROAD
242,2025-09-07 06:01:23.292945+00,"[FLASH FLOOD OCCURRED]

Flash flood at Junction of Stevens Road and Balmoral Road. Please avoid the area. PUB officers have been deployed to render assistance. Issued 1720 hours.",2025-04-20,-1001620000000.0,1194.0,Junction of Stevens Road and Balmoral Road,flash_flood,stevens road,balmoral road,,stevens road and balmoral road,1.3178998,103.8258621,257892,1.3165606,103.8342843,259811,TANGLIN,NASSIM,STEVENS ROAD,NEWTON,GOODWOOD PARK,BALMORAL ROAD
247,2025-09-07 06:01:24.044056+00,"[Risk of Flash Floods]

Due to heavy rain, please avoid this location for the next 1 hour: KG Java Rd (Newton Circus to CTE) [17:15 hours]",2025-04-20,-1001620000000.0,1189.0,KG Java Rd (Newton Circus to CTE),flash_flood_risk,newton circus,Central Expressway,Kampong Java Road,Kampong Java Road (newton circus to Central Expressway),1.312812,103.8390316,228234,1.321741,103.856535,320095,NEWTON,NEWTON CIRCUS,BUKIT TIMAH ROAD,KALLANG,BENDEMEER,JALAN KEBUN LIMAU
251,2025-09-07 06:01:24.658318+00,"[Risk of Flash Floods]

Due to heavy rain, please avoid this location for the next 1 hour: Cambridge Rd;
Carlisle Rd; [17:12 hours]",2025-04-20,-1001620000000.0,1185.0,"Cambridge Rd;
Carlisle Rd;",flash_flood_risk,Cambridge Road Carlisle Road,,,Cambridge Road Carlisle Road,1.313642,103.848075,219606,,,,KALLANG,KAMPONG JAVA,CARLISLE ROAD,,,
249,2025-09-07 06:01:24.360606+00,"[FLASH FLOOD OCCURRED]  

Flash flood at Bt Timah Rd (between Clementi Rd and Blackmore Dr). Please avoid the area. PUB officers have been deployed to render assistance. Issued 17:05 hours.",2025-04-20,-1001620000000.0,1187.0,Bt Timah Rd (between Clementi Rd and Blackmore Dr),flash_flood,clementi Road,blackmore Drive,Bukit Timah Road,Bukit Timah Road (clementi Road to blackmore Drive),1.3268641,103.7757811,599477,1.3356733,103.7836073,599987,BUKIT TIMAH,ANAK BUKIT,CLEMENTI ROAD,BUKIT TIMAH,HOLLAND ROAD,BLACKMORE DRIVE
250,2025-09-07 06:01:24.518153+00,"[Risk of Flash Floods]

Due to heavy rain, please avoid this location for the next 1 hour: Orchard Rd (Paterson Rd to Mt Elizabeth) [17:13 hours]",2025-04-20,-1001620000000.0,1186.0,Orchard Rd (Paterson Rd to Mt Elizabeth),flash_flood_risk,paterson Road,mt elizabeth,Orchard Road,Orchard Road (paterson Road to mt elizabeth),1.3019737,103.8297013,238520,1.3048854,103.8358774,229920,RIVER VALLEY,PATERSON,PATERSON ROAD,NEWTON,CAIRNHILL,MOUNT ELIZABETH
252,2025-09-07 06:01:24.82009+00,"[Risk of Flash Floods]

Due to heavy rain, please avoid this location for the next 1 hour: Junction of Sunset Dr and Sunset Way Rd [17:06 hours]",2025-04-20,-1001620000000.0,1184.0,Junction of Sunset Dr and Sunset Way Rd,flash_flood_risk,sunset Drive,sunset way Road,,sunset Drive and sunset way Road,1.3255969,103.7665223,597299,1.3139784,103.8871279,389509,CLEMENTI,SUNSET WAY,SUNSET DRIVE,GEYLANG,ALJUNIED,GEYLANG ROAD
254,2025-09-07 06:01:25.170781+00,"[Risk of Flash Floods]

Due to heavy rain, please avoid this location for the next 1 hour: Thomson Rd (Balestier Rd to Novena Rise) [17:02 hours]",2025-04-20,-1001620000000.0,1182.0,Thomson Rd (Balestier Rd to Novena Rise),flash_flood_risk,balestier Road,novena rise,Thomson Road,Thomson Road (balestier Road to novena rise),1.3265878,103.8430003,329900,1.3242731,103.8429008,307516,NOVENA,BALESTIER,JALAN DATOH,NOVENA,BALESTIER,NOVENA RISE
255,2025-09-07 06:01:25.305322+00,"[Risk of Flash Floods]

Due to heavy rain, please avoid this location for the next 1 hour: Junction of Toa Payoh Lor 1 and Toa Payoh Lor 2
 [17:00 hours]",2025-04-20,-1001620000000.0,1181.0,Junction of Toa Payoh Lor 1 and Toa Payoh Lor 2,flash_flood_risk,toa payoh Lorong 1,toa payoh Lorong 2,,toa payoh Lorong 1 and toa payoh Lorong 2,1.33961615,103.85337221643714,310001,1.3325257499999998,103.8473864759364,310157,TOA PAYOH,LORONG 8 TOA PAYOH,LORONG 8 TOA PAYOH,TOA PAYOH,TOA PAYOH CENTRAL,LORONG 2 TOA PAYOH
256,2025-09-07 06:01:25.43178+00,"[Risk of Flash Floods]

Due to heavy rain, please avoid this location for the next 1 hour: Junction of Lor Kismis and Toh Tuck Rise [17:00 hours]",2025-04-20,-1001620000000.0,1180.0,Junction of Lor Kismis and Toh Tuck Rise,flash_flood_risk,Lorong kismis,toh tuck rise,,Lorong kismis and toh tuck rise,1.3380857,103.7704357,596490,1.3366283,103.7645733,598098,BUKIT TIMAH,ANAK BUKIT,LORONG KISMIS,BUKIT TIMAH,ANAK BUKIT,LORONG KISMIS
257,2025-09-07 06:01:25.599428+00,"[Risk of Flash Floods]

Due to heavy rain, please avoid this location for the next 1 hour: Eng Kong Pl (Greenridge Cres to Eng Kong Gdn) [16:56 hours]",2025-04-20,-1001620000000.0,1179.0,Eng Kong Pl (Greenridge Cres to Eng Kong Gdn),flash_flood_risk,greenridge Crescent,eng kong gdn,Eng Kong Place,Eng Kong Place (greenridge Crescent to eng kong gdn),1.3336062,103.7662483,598909,1.33712705,103.76904268077236,596463,BUKIT TIMAH,ANAK BUKIT,GREENRIDGE CRESCENT,BUKIT TIMAH,ANAK BUKIT,UPPER TOH TUCK TERRACE
258,2025-09-07 06:01:25.746917+00,"[Risk of Flash Floods]

Due to heavy rain, please avoid this location for the next 1 hour: Upp Paya Lebar Service Rd (Lim Teck Boo Rd to Rochdale Rd);
Jln Lokam (near Upp Paya Lebar Rd);
Thrift Dr (near Jln Usaha); [16:48 hours]",2025-04-20,-1001620000000.0,1178.0,"Upp Paya Lebar Service Rd (Lim Teck Boo Rd to Rochdale Rd);
Jln Lokam (near Upp Paya Lebar Rd);
Thrift Dr (near Jln Usaha);",flash_flood_risk,lim teck boo Road,rochdale Road,Upper Paya Lebar Service Road,Upper Paya Lebar Service Road (lim teck boo Road to rochdale Road),1.3422987,103.8844939,534878,1.3433183,103.8835973,535823,HOUGANG,TAI SENG,LIM TECK BOO ROAD,HOUGANG,TAI SENG,ROCHDALE ROAD
259,2025-09-07 06:01:25.903751+00,"[Risk of Flash Floods]

Due to heavy rain, please avoid this location for the next 1 hour: KPE(ECP) after Buangkok East Dr Exit [16:36 hours]",2025-04-20,-1001620000000.0,1177.0,KPE(ECP) after Buangkok East Dr Exit,flash_flood_risk,Kallang-Paya Lebar Expressway East Coast Parkway after Buangkok East Drive Slip,,,Kallang-Paya Lebar Expressway East Coast Parkway after Buangkok East Drive Slip,1.375612,103.91004,535191,,,,PAYA LEBAR,PAYA LEBAR WEST,BUANGKOK EAST DRIVE,,,
248,2025-09-07 06:01:24.19596+00,"[Risk of Flash Floods]

Due to heavy rain, please avoid this location for the next 1 hour: Junction of Stevens Rd and Balmoral Rd [17:14 hours]",2025-04-20,-1001620000000.0,1188.0,Junction of Stevens Rd and Balmoral Rd,flash_flood_risk,stevens Road,balmoral Road,,stevens Road and balmoral Road,1.3178998,103.8258621,257892,1.3165606,103.8342843,259811,TANGLIN,NASSIM,STEVENS ROAD,NEWTON,GOODWOOD PARK,BALMORAL ROAD
253,2025-09-07 06:01:25.028666+00,"[Risk of Flash Floods]

Due to heavy rain, please avoid this location for the next 1 hour: Hillcrest Rd (Watten Rise to Dunearn Rd) [17:02 hours]",2025-04-20,-1001620000000.0,1183.0,Hillcrest Rd (Watten Rise to Dunearn Rd),flash_flood_risk,watten rise,dunearn Road,Hillcrest Road,Hillcrest Road (watten rise to dunearn Road),1.3285739,103.8094744,287367,1.332195,103.7947496,279886,BUKIT TIMAH,HILLCREST,WATTEN RISE,BUKIT TIMAH,SWISS CLUB,BUKIT TIMAH ROAD
234,2025-09-07 06:01:21.979062+00,Flash flood subsided at Yishun Avenue 7 (near intersection of Yishun St 22). Issued 1555 hours.,2025-04-21,-1001620000000.0,1204.0,Yishun Avenue 7 (near intersection of Yishun St 22),flood_subsided,Yishun Avenue 7 near intersection of Yishun Street 22,,,Yishun Avenue 7 near intersection of Yishun Street 22,1.366923,103.801292,678278,,,,CENTRAL WATER CATCHMENT,CENTRAL WATER CATCHMENT,RIFLE RANGE ROAD,,,
235,2025-09-07 06:01:22.161563+00,"[FLASH FLOOD OCCURRED]  

Flash flood at Yishun Ave 7 (near intersection of Yishun St 22). Please avoid the area. PUB officers have been deployed to render assistance. Issued 15:30 hours.",2025-04-21,-1001620000000.0,1203.0,Yishun Ave 7 (near intersection of Yishun St 22),flash_flood,Yishun Avenue 7 near intersection of Yishun Street 22,,,Yishun Avenue 7 near intersection of Yishun Street 22,1.366923,103.801292,678278,,,,CENTRAL WATER CATCHMENT,CENTRAL WATER CATCHMENT,RIFLE RANGE ROAD,,,
236,2025-09-07 06:01:22.298863+00,"[Risk of Flash Floods]

Due to heavy rain, please avoid this location for the next 1 hour: Yishun Ave 7 (near intersection of Yishun St 22) [15:18 hours]",2025-04-21,-1001620000000.0,1201.0,Yishun Ave 7 (near intersection of Yishun St 22),flash_flood_risk,Yishun Avenue 7 near intersection of Yishun Street 22,,,Yishun Avenue 7 near intersection of Yishun Street 22,1.366923,103.801292,678278,,,,CENTRAL WATER CATCHMENT,CENTRAL WATER CATCHMENT,RIFLE RANGE ROAD,,,
232,2025-09-07 06:01:21.627786+00,"[Risk of Flash Floods] 

Due to heavy rain, please avoid this location for the next 1 hour: Riverside Road (near Junction of Riverside Road and Admiralty Road) [Issued 14:40 hours]",2025-04-26,-1001620000000.0,1208.0,Riverside Road (near Junction of Riverside Road and Admiralty Road),flash_flood_risk,junction of riverside road,admiralty road,Riverside Road,Riverside Road (junction of riverside road and admiralty road),1.366923,103.801292,678278,1.4418389,103.775189,739297,CENTRAL WATER CATCHMENT,CENTRAL WATER CATCHMENT,RIFLE RANGE ROAD,WOODLANDS,WOODLANDS WEST,ADMIRALTY ROAD
230,2025-09-07 06:01:21.12128+00,"[Risk of Flash Floods]

Due to heavy rain, please avoid this location for the next 1 hour: Choa Chu Kang Ave 1 (towards Choa Chu Kang Way, Choa Chu kang Dr to Teck Whye Lane) [17:47 hours]",2025-04-29,-1001620000000.0,1211.0,"Choa Chu Kang Ave 1 (towards Choa Chu Kang Way, Choa Chu kang Dr to Teck Whye Lane)",flash_flood_risk,"towards choa chu kang way, choa chu kang Drive",teck whye lane,Choa Chu Kang Avenue 1,"Choa Chu Kang Avenue 1 (towards choa chu kang way, choa chu kang Drive to teck whye lane)",1.397513,103.747745,680637,1.3769504,103.7547497,680102,CHOA CHU KANG,YEW TEE,CHOA CHU KANG DRIVE,CHOA CHU KANG,TECK WHYE,TECK WHYE LANE
229,2025-09-07 06:01:20.955469+00,"[Risk of Flash Floods]

Due to heavy rain, please avoid this location for the next 1 hour: KJE Slip Rd (KJE to Woodlands Rd, towards Senja Way) [17:48 hours]",2025-04-29,-1001620000000.0,1212.0,"KJE Slip Rd (KJE to Woodlands Rd, towards Senja Way)",flash_flood_risk,Kranji Expressway Slip Road Kranji Expressway to Woodlands Road,Senja Way,,Kranji Expressway Slip Road Kranji Expressway to Woodlands Road to Senja Way,1.366923,103.801292,678278,1.3838523,103.7589849,672632,CENTRAL WATER CATCHMENT,CENTRAL WATER CATCHMENT,RIFLE RANGE ROAD,BUKIT PANJANG,SENJA,SENJA WAY
228,2025-09-07 06:01:20.795595+00,"[Risk of Flash Floods]

Due to heavy rain, please avoid this location for the next 1 hour: Junction of Toa Payoh Lor 1 and Toa Payoh Lor 2
 [17:15 hours]",2025-04-30,-1001620000000.0,1215.0,Junction of Toa Payoh Lor 1 and Toa Payoh Lor 2,flash_flood_risk,toa payoh Lorong 1,toa payoh Lorong 2,,toa payoh Lorong 1 and toa payoh Lorong 2,1.33961615,103.85337221643714,310001,1.3325257499999998,103.8473864759364,310157,TOA PAYOH,LORONG 8 TOA PAYOH,LORONG 8 TOA PAYOH,TOA PAYOH,TOA PAYOH CENTRAL,LORONG 2 TOA PAYOH
227,2025-09-07 06:01:20.631853+00,"[Risk of Flash Floods]

Due to heavy rain, please avoid this location for the next 1 hour: Junction of Toa Payoh Lor 1 and Toa Payoh Lor 2
 [15:52 hours]",2025-05-01,-1001620000000.0,1217.0,Junction of Toa Payoh Lor 1 and Toa Payoh Lor 2,flash_flood_risk,toa payoh Lorong 1,toa payoh Lorong 2,,toa payoh Lorong 1 and toa payoh Lorong 2,1.33961615,103.85337221643714,310001,1.3325257499999998,103.8473864759364,310157,TOA PAYOH,LORONG 8 TOA PAYOH,LORONG 8 TOA PAYOH,TOA PAYOH,TOA PAYOH CENTRAL,LORONG 2 TOA PAYOH
226,2025-09-07 06:01:20.495395+00,"[Risk of Flash Floods]

Due to heavy rain, please avoid this location for the next 1 hour: Lor Gambir
 [16:08 hours]",2025-05-01,-1001620000000.0,1218.0,Lor Gambir,flash_flood_risk,Lorong Gambir,,,Lorong Gambir,1.3461999,103.8744676,536652,,,,SERANGOON,UPPER PAYA LEBAR,JALAN LABU AYER,,,
224,2025-09-07 06:01:20.141404+00,"[Risk of Flash Floods]

Due to heavy rain, please avoid this location for the next 1 hour: Upp Paya Lebar Service Rd (Lim Teck Boo Rd to Rochdale Rd);
Jln Lokam (near Upp Paya Lebar Rd);
Thrift Dr (near Jln Usaha); [08:12 hours]",2025-05-03,-1001620000000.0,1221.0,"Upp Paya Lebar Service Rd (Lim Teck Boo Rd to Rochdale Rd);
Jln Lokam (near Upp Paya Lebar Rd);
Thrift Dr (near Jln Usaha);",flash_flood_risk,lim teck boo Road,rochdale Road,Upper Paya Lebar Service Road,Upper Paya Lebar Service Road (lim teck boo Road to rochdale Road),1.3422987,103.8844939,534878,1.3433183,103.8835973,535823,HOUGANG,TAI SENG,LIM TECK BOO ROAD,HOUGANG,TAI SENG,ROCHDALE ROAD
216,2025-09-07 06:01:18.803865+00,Flash flood subsided at King's Road (from Prince Road to Lutheran Road). Issued 1425 hours.,2025-05-05,-1001620000000.0,1232.0,King's Road (from Prince Road to Lutheran Road),flood_subsided,prince road,lutheran road,King s Road,King s Road (prince road to lutheran road),1.3209988,103.8095728,266748,1.3220164,103.8098766,268070,BUKIT TIMAH,CORONATION ROAD,PRINCE ROAD,BUKIT TIMAH,CORONATION ROAD,LUTHERAN ROAD
217,2025-09-07 06:01:18.959585+00,Flash flood subsided at Woollerton Drive. Issued 1415 hours.,2025-05-05,-1001620000000.0,1231.0,Woollerton Drive,flood_subsided,Woollerton Drive,,,Woollerton Drive,1.3174547,103.8099872,257555,,,,TANGLIN,TYERSALL,WOOLLERTON DRIVE,,,
218,2025-09-07 06:01:19.10322+00,"[FLASH FLOOD OCCURRED]  

Flash flood at Woollerton Drive. Please avoid the area. PUB officers have been deployed to render assistance. Issued 1405 hours.",2025-05-05,-1001620000000.0,1230.0,Woollerton Drive,flash_flood,Woollerton Drive,,,Woollerton Drive,1.3174547,103.8099872,257555,,,,TANGLIN,TYERSALL,WOOLLERTON DRIVE,,,
219,2025-09-07 06:01:19.260518+00,"[FLASH FLOOD OCCURRED]  

Flash flood at King's Road (from Prince Road to Lutheran Road). Please avoid the area. PUB officers have been deployed to render assistance. Issued 1400 hours.",2025-05-05,-1001620000000.0,1229.0,King's Road (from Prince Road to Lutheran Road),flash_flood,prince road,lutheran road,King s Road,King s Road (prince road to lutheran road),1.3209988,103.8095728,266748,1.3220164,103.8098766,268070,BUKIT TIMAH,CORONATION ROAD,PRINCE ROAD,BUKIT TIMAH,CORONATION ROAD,LUTHERAN ROAD
220,2025-09-07 06:01:19.431314+00,"[Risk of Flash Floods]

Due to heavy rain, please avoid this location for the next 1 hour: Woollerton Drive [Issued 13:58 hours]",2025-05-05,-1001620000000.0,1227.0,Woollerton Drive,flash_flood_risk,Woollerton Drive,,,Woollerton Drive,1.3174547,103.8099872,257555,,,,TANGLIN,TYERSALL,WOOLLERTON DRIVE,,,
221,2025-09-07 06:01:19.584252+00,"[Risk of Flash Floods]

Due to heavy rain, please avoid this location for the next 1 hour: Queen's Rd [13:56 hours]",2025-05-05,-1001620000000.0,1226.0,Queen's Rd,flash_flood_risk,Queen s Road,,,Queen s Road,1.3217094,103.8102837,267746,,,,BUKIT TIMAH,CORONATION ROAD,QUEEN'S ROAD,,,
222,2025-09-07 06:01:19.750665+00,"[Risk of Flash Floods]

Due to heavy rain, please avoid this location for the next 1 hour: Kings Road (from Prince Road to Lutheran Rd) [Issued 13:20 hours]",2025-05-05,-1001620000000.0,1225.0,Kings Road (from Prince Road to Lutheran Rd),flash_flood_risk,prince road,lutheran Road,Kings Road,Kings Road (prince road to lutheran Road),1.3209988,103.8095728,266748,1.3220164,103.8098766,268070,BUKIT TIMAH,CORONATION ROAD,PRINCE ROAD,BUKIT TIMAH,CORONATION ROAD,LUTHERAN ROAD
223,2025-09-07 06:01:19.976298+00,"[Risk of Flash Floods]

Due to heavy rain, please avoid this location for the next 1 hour: Margaret Drive [Issued 13:12 hours]",2025-05-05,-1001620000000.0,1223.0,Margaret Drive,flash_flood_risk,Margaret Drive,,,Margaret Drive,1.3001247,103.8030061,149312,,,,QUEENSTOWN,MARGARET DRIVE,MARGARET DRIVE,,,
215,2025-09-07 06:01:18.627876+00,"[Risk of Flash Floods] 

Due to heavy rain, please avoid this location for the next 1 hour: Jln Boon Lay (Enterprise Rd to International Rd) [Issued 07:30 hours]",2025-05-07,-1001620000000.0,1233.0,Jln Boon Lay (Enterprise Rd to International Rd),flash_flood_risk,enterprise Road,international Road,Jalan Boon Lay,Jalan Boon Lay (enterprise Road to international Road),1.3333182,103.7026361,627667,1.3303924,103.716687,618680,JURONG WEST,KIAN TECK,ENTERPRISE ROAD,JURONG WEST,CHIN BEE,THIRD CHIN BEE ROAD
200,2025-09-07 06:01:16.003534+00,"[Risk of Flash Floods]

Due to heavy rain, please avoid this location for the next 1 hour: Lor H Telok Kurau (cul-de-sac);
Joo Chiat Ave(cul-de-sac) [04:18 hours]",2025-05-10,-1001620000000.0,1250.0,"Lor H Telok Kurau (cul-de-sac);
Joo Chiat Ave(cul-de-sac)",flash_flood_risk,Lorong H Telok Kurau cul-de-sac Joo Chiat Avenue cul-de-sac,,,Lorong H Telok Kurau cul-de-sac Joo Chiat Avenue cul-de-sac,1.366923,103.801292,678278,,,,CENTRAL WATER CATCHMENT,CENTRAL WATER CATCHMENT,RIFLE RANGE ROAD,,,
202,2025-09-07 06:01:16.303398+00,"[Risk of Flash Floods]

Due to heavy rain, please avoid this location for the next 1 hour: KG Java Rd (Newton Circus to CTE) [04:08 hours]",2025-05-10,-1001620000000.0,1248.0,KG Java Rd (Newton Circus to CTE),flash_flood_risk,newton circus,Central Expressway,Kampong Java Road,Kampong Java Road (newton circus to Central Expressway),1.312812,103.8390316,228234,1.321741,103.856535,320095,NEWTON,NEWTON CIRCUS,BUKIT TIMAH ROAD,KALLANG,BENDEMEER,JALAN KEBUN LIMAU
203,2025-09-07 06:01:16.447164+00,"[Risk of Flash Floods]

Due to heavy rain, please avoid this location for the next 1 hour: East Coast Rd [04:07 hours]",2025-05-10,-1001620000000.0,1247.0,East Coast Rd,flash_flood_risk,East Coast Road,,,East Coast Road,1.3065136,103.9057043,428877,,,,MARINE PARADE,KATONG,TEMBELING ROAD,,,
204,2025-09-07 06:01:16.611537+00,"[Risk of Flash Floods]

Due to heavy rain, please avoid this location for the next 1 hour: Puay Hee Ave (near Siak Kew Ave);
 [04:04 hours]",2025-05-10,-1001620000000.0,1246.0,Puay Hee Ave (near Siak Kew Ave);,flash_flood_risk,Puay Hee Avenue near Siak Kew Avenue,,,Puay Hee Avenue near Siak Kew Avenue,1.330209,103.871778,348072,,,,TOA PAYOH,SENNETT,SIAK KEW AVENUE,,,
205,2025-09-07 06:01:16.790262+00,"[Risk of Flash Floods]

Due to heavy rain, please avoid this location for the next 1 hour: Cambridge Rd;
Carlisle Rd; [04:03 hours]",2025-05-10,-1001620000000.0,1245.0,"Cambridge Rd;
Carlisle Rd;",flash_flood_risk,Cambridge Road Carlisle Road,,,Cambridge Road Carlisle Road,1.313642,103.848075,219606,,,,KALLANG,KAMPONG JAVA,CARLISLE ROAD,,,
206,2025-09-07 06:01:16.969494+00,"[Risk of Flash Floods]

Due to heavy rain, please avoid this location for the next 1 hour: Orchard Rd (Paterson Rd to Mt Elizabeth) [03:59 hours]",2025-05-10,-1001620000000.0,1244.0,Orchard Rd (Paterson Rd to Mt Elizabeth),flash_flood_risk,paterson Road,mt elizabeth,Orchard Road,Orchard Road (paterson Road to mt elizabeth),1.3019737,103.8297013,238520,1.3048854,103.8358774,229920,RIVER VALLEY,PATERSON,PATERSON ROAD,NEWTON,CAIRNHILL,MOUNT ELIZABETH
201,2025-09-07 06:01:16.159226+00,"[Risk of Flash Floods]

Due to heavy rain, please avoid this location for the next 1 hour: Mountbatten Rd leading to Jln Seaview [04:10 hours]",2025-05-10,-1001620000000.0,1249.0,Mountbatten Rd leading to Jln Seaview,flash_flood_risk,Mountbatten Road,Jalan Seaview,,Mountbatten Road to Jalan Seaview,1.3028098,103.8996285,439970,1.3008882,103.896421,438386,MARINE PARADE,KATONG,MOUNTBATTEN ROAD,MARINE PARADE,MOUNTBATTEN,JALAN SEAVIEW
208,2025-09-07 06:01:17.341161+00,"[Risk of Flash Floods]

Due to heavy rain, please avoid this location for the next 1 hour: Junction of Toa Payoh Lor 1 and Toa Payoh Lor 2
 [03:56 hours]",2025-05-10,-1001620000000.0,1242.0,Junction of Toa Payoh Lor 1 and Toa Payoh Lor 2,flash_flood_risk,toa payoh Lorong 1,toa payoh Lorong 2,,toa payoh Lorong 1 and toa payoh Lorong 2,1.33961615,103.85337221643714,310001,1.3325257499999998,103.8473864759364,310157,TOA PAYOH,LORONG 8 TOA PAYOH,LORONG 8 TOA PAYOH,TOA PAYOH,TOA PAYOH CENTRAL,LORONG 2 TOA PAYOH
209,2025-09-07 06:01:17.494591+00,"[Risk of Flash Floods]

Due to heavy rain, please avoid this location for the next 1 hour: Aljunied Rd under PIE Flyover [03:56 hours]",2025-05-10,-1001620000000.0,1241.0,Aljunied Rd under PIE Flyover,flash_flood_risk,Aljunied Road under Pan Island Expressway Flyover,,,Aljunied Road under Pan Island Expressway Flyover,1.366923,103.801292,678278,,,,CENTRAL WATER CATCHMENT,CENTRAL WATER CATCHMENT,RIFLE RANGE ROAD,,,
210,2025-09-07 06:01:17.674633+00,"[Risk of Flash Floods]

Due to heavy rain, please avoid this location for the next 1 hour: Lor Gambir
 [03:54 hours]",2025-05-10,-1001620000000.0,1240.0,Lor Gambir,flash_flood_risk,Lorong Gambir,,,Lorong Gambir,1.3461999,103.8744676,536652,,,,SERANGOON,UPPER PAYA LEBAR,JALAN LABU AYER,,,
211,2025-09-07 06:01:17.890579+00,"[Risk of Flash Floods]

Due to heavy rain, please avoid this location for the next 1 hour: Junction of Neo Pee Teck Lane and Pasir Panjang Rd [03:51 hours]",2025-05-10,-1001620000000.0,1239.0,Junction of Neo Pee Teck Lane and Pasir Panjang Rd,flash_flood_risk,neo pee teck lane,pasir panjang Road,,neo pee teck lane and pasir panjang Road,1.2920468,103.7685915,118759,1.2784095,103.7859948,118135,QUEENSTOWN,PASIR PANJANG 1,PASIR PANJANG ROAD,QUEENSTOWN,PASIR PANJANG 2,PASIR PANJANG ROAD
212,2025-09-07 06:01:18.058482+00,"[Risk of Flash Floods]

Due to heavy rain, please avoid this location for the next 1 hour: Thomson Rd (Balestier Rd to Novena Rise) [03:50 hours]",2025-05-10,-1001620000000.0,1238.0,Thomson Rd (Balestier Rd to Novena Rise),flash_flood_risk,balestier Road,novena rise,Thomson Road,Thomson Road (balestier Road to novena rise),1.3265878,103.8430003,329900,1.3242731,103.8429008,307516,NOVENA,BALESTIER,JALAN DATOH,NOVENA,BALESTIER,NOVENA RISE
213,2025-09-07 06:01:18.264161+00,"[Risk of Flash Floods]

Due to heavy rain, please avoid this location for the next 1 hour: Jln Boon Lay (Enterprise Rd to International Rd) [03:43 hours]",2025-05-10,-1001620000000.0,1237.0,Jln Boon Lay (Enterprise Rd to International Rd),flash_flood_risk,enterprise Road,international Road,Jalan Boon Lay,Jalan Boon Lay (enterprise Road to international Road),1.3333182,103.7026361,627667,1.3303924,103.716687,618680,JURONG WEST,KIAN TECK,ENTERPRISE ROAD,JURONG WEST,CHIN BEE,THIRD CHIN BEE ROAD
214,2025-09-07 06:01:18.440108+00,"[Risk of Flash Floods]

Due to heavy rain, please avoid this location for the next 1 hour: Lor Gambir
 [03:42 hours]",2025-05-10,-1001620000000.0,1236.0,Lor Gambir,flash_flood_risk,Lorong Gambir,,,Lorong Gambir,1.3461999,103.8744676,536652,,,,SERANGOON,UPPER PAYA LEBAR,JALAN LABU AYER,,,
207,2025-09-07 06:01:17.153355+00,"[Risk of Flash Floods]

Due to heavy rain, please avoid this location for the next 1 hour: Queen's Rd [03:57 hours]",2025-05-10,-1001620000000.0,1243.0,Queen's Rd,flash_flood_risk,Queen s Road,,,Queen s Road,1.3217094,103.8102837,267746,,,,BUKIT TIMAH,CORONATION ROAD,QUEEN'S ROAD,,,
199,2025-09-07 06:01:15.81889+00,"[Risk of Flash Floods]

Due to heavy rain, please avoid this location for the next 1 hour: Jln Boon Lay (Enterprise Rd to International Rd) [11:29 hours]",2025-05-18,-1001620000000.0,1254.0,Jln Boon Lay (Enterprise Rd to International Rd),flash_flood_risk,enterprise Road,international Road,Jalan Boon Lay,Jalan Boon Lay (enterprise Road to international Road),1.3333182,103.7026361,627667,1.3303924,103.716687,618680,JURONG WEST,KIAN TECK,ENTERPRISE ROAD,JURONG WEST,CHIN BEE,THIRD CHIN BEE ROAD
198,2025-09-07 06:01:15.68491+00,"[Risk of Flash Floods]

Due to heavy rain, please avoid this location for the next 1 hour: Dunearn Rd (Yarwood Ave to Binjai Pk) [12:15 hours]",2025-05-18,-1001620000000.0,1255.0,Dunearn Rd (Yarwood Ave to Binjai Pk),flash_flood_risk,yarwood Avenue,binjai Park,Dunearn Road,Dunearn Road (yarwood Avenue to binjai Park),1.3375703,103.7839724,588035,1.3404925,103.787472,589871,BUKIT TIMAH,SWISS CLUB,YARWOOD AVENUE,BUKIT TIMAH,SWISS CLUB,BINJAI PARK
197,2025-09-07 06:01:15.48716+00,"[Risk of Flash Floods]

Due to heavy rain, please avoid this location for the next 1 hour: Craig Rd (Duxton Rd to TG Pagar Rd) [03:46 hours]",2025-06-07,-1001620000000.0,1258.0,Craig Rd (Duxton Rd to TG Pagar Rd),flash_flood_risk,duxton Road,tg pagar Road,Craig Road,Craig Road (duxton Road to tg pagar Road),1.2775364,103.8429301,089667,1.278193,103.843765,088474,OUTRAM,CHINATOWN,DUXTON ROAD,OUTRAM,CHINATOWN,TANJONG PAGAR ROAD
196,2025-09-07 06:01:15.333726+00,"[Risk of Flash Floods]

Due to heavy rain, please avoid this location for the next 1 hour: Lor Gambir
 [03:55 hours]",2025-06-07,-1001620000000.0,1259.0,Lor Gambir,flash_flood_risk,Lorong Gambir,,,Lorong Gambir,1.3461999,103.8744676,536652,,,,SERANGOON,UPPER PAYA LEBAR,JALAN LABU AYER,,,
195,2025-09-07 06:01:15.176919+00,"[Risk of Flash Floods]

Due to heavy rain, please avoid this location for the next 1 hour: Rowell Rd;
Syed Alwi Rd;
Jln Besar Rd (Veerasamy Rd to Kitchener Rd);
Veerasamy Rd;
Kg Kapor Rd (Hindoo Rd to Kitchener Rd); [03:56 hours]",2025-06-07,-1001620000000.0,1260.0,"Rowell Rd;
Syed Alwi Rd;
Jln Besar Rd (Veerasamy Rd to Kitchener Rd);
Veerasamy Rd;
Kg Kapor Rd (Hindoo Rd to Kitchener Rd);",flash_flood_risk,veerasamy Road,kitchener Road,Rowell Road Syed Alwi Road Jalan Besar Road,Rowell Road Syed Alwi Road Jalan Besar Road (veerasamy Road to kitchener Road),1.3069003,103.8551773,200637,1.3099242,103.8571424,208524,ROCHOR,LITTLE INDIA,VEERASAMY ROAD,KALLANG,LAVENDER,KITCHENER ROAD
194,2025-09-07 06:01:15.003515+00,"[Risk of Flash Floods]

Due to heavy rain, please avoid this location for the next 1 hour: Upp Paya Lebar Service Rd (Lim Teck Boo Rd to Rochdale Rd);
Jln Lokam (near Upp Paya Lebar Rd);
Thrift Dr (near Jln Usaha); [04:00 hours]",2025-06-07,-1001620000000.0,1261.0,"Upp Paya Lebar Service Rd (Lim Teck Boo Rd to Rochdale Rd);
Jln Lokam (near Upp Paya Lebar Rd);
Thrift Dr (near Jln Usaha);",flash_flood_risk,lim teck boo Road,rochdale Road,Upper Paya Lebar Service Road,Upper Paya Lebar Service Road (lim teck boo Road to rochdale Road),1.3422987,103.8844939,534878,1.3433183,103.8835973,535823,HOUGANG,TAI SENG,LIM TECK BOO ROAD,HOUGANG,TAI SENG,ROCHDALE ROAD
193,2025-09-07 06:01:14.834517+00,"[Risk of Flash Floods]

Due to heavy rain, please avoid this location for the next 1 hour: Jln Pokok Serunai [04:09 hours]",2025-06-07,-1001620000000.0,1262.0,Jln Pokok Serunai,flash_flood_risk,Jalan Pokok Serunai,,,Jalan Pokok Serunai,1.3143531,103.9363658,466433,,,,BEDOK,BAYSHORE,JALAN POKOK SERUNAI,,,
191,2025-09-07 06:01:14.467614+00,"[Risk of Flash Floods] 

Due to heavy rain, please avoid this location for the next 1 hour: Riverside Road (near Junction of Riverside Road and Admiralty Road).",2025-06-28,-1001620000000.0,1268.0,Riverside Road (near Junction of Riverside Road and Admiralty Road).,flash_flood_risk,junction of riverside road,admiralty road,Riverside Road,Riverside Road (junction of riverside road and admiralty road),1.366923,103.801292,678278,1.4418389,103.775189,739297,CENTRAL WATER CATCHMENT,CENTRAL WATER CATCHMENT,RIFLE RANGE ROAD,WOODLANDS,WOODLANDS WEST,ADMIRALTY ROAD
187,2025-09-07 06:01:13.734416+00,"[Risk of Flash Floods]

Due to heavy rain, please avoid this location for the next 1 hour: Jln Pokok Serunai [17:51 hours]",2025-07-04,-1001620000000.0,1274.0,Jln Pokok Serunai,flash_flood_risk,Jalan Pokok Serunai,,,Jalan Pokok Serunai,1.3143531,103.9363658,466433,,,,BEDOK,BAYSHORE,JALAN POKOK SERUNAI,,,
189,2025-09-07 06:01:14.094576+00,"[Risk of Flash Floods]

Due to heavy rain, please avoid this location for the next 1 hour: Lor Gambir
 [17:23 hours]",2025-07-04,-1001620000000.0,1272.0,Lor Gambir,flash_flood_risk,Lorong Gambir,,,Lorong Gambir,1.3461999,103.8744676,536652,,,,SERANGOON,UPPER PAYA LEBAR,JALAN LABU AYER,,,
188,2025-09-07 06:01:13.926913+00,"[Risk of Flash Floods]

Due to heavy rain, please avoid this location for the next 1 hour: Lor Gambir
 [17:51 hours]",2025-07-04,-1001620000000.0,1273.0,Lor Gambir,flash_flood_risk,Lorong Gambir,,,Lorong Gambir,1.3461999,103.8744676,536652,,,,SERANGOON,UPPER PAYA LEBAR,JALAN LABU AYER,,,
186,2025-09-07 06:01:13.578888+00,"[Risk of Flash Floods]

Due to heavy rain, please avoid this location for the next 1 hour:   Dunearn Road (between Yarwood Ave and Binjai Park)[Issued 08:13hours]",2025-07-09,-1001620000000.0,1276.0,Dunearn Road (between Yarwood Ave and Binjai Park)[Issued 08:13hours],flash_flood_risk,yarwood Avenue,binjai park,Dunearn Road,Dunearn Road (yarwood Avenue to binjai park),1.3375703,103.7839724,588035,1.3404925,103.787472,589871,BUKIT TIMAH,SWISS CLUB,YARWOOD AVENUE,BUKIT TIMAH,SWISS CLUB,BINJAI PARK
185,2025-09-07 06:01:13.385328+00,"[Risk of Flash Floods]

Due to heavy rain, please avoid this location for the next 1 hour: Craig Rd (Duxton Rd to TG Pagar Rd) [11:20 hours]",2025-07-21,-1001620000000.0,1280.0,Craig Rd (Duxton Rd to TG Pagar Rd),flash_flood_risk,duxton Road,tg pagar Road,Craig Road,Craig Road (duxton Road to tg pagar Road),1.2775364,103.8429301,089667,1.278193,103.843765,088474,OUTRAM,CHINATOWN,DUXTON ROAD,OUTRAM,CHINATOWN,TANJONG PAGAR ROAD
184,2025-09-07 06:01:13.16404+00,"[Risk of Flash Floods]

Due to heavy rain, please avoid this location for the next 1 hour: Lor Gambir
 [11:30 hours]",2025-07-21,-1001620000000.0,1281.0,Lor Gambir,flash_flood_risk,Lorong Gambir,,,Lorong Gambir,1.3461999,103.8744676,536652,,,,SERANGOON,UPPER PAYA LEBAR,JALAN LABU AYER,,,
183,2025-09-07 06:01:12.998435+00,"[Risk of Flash Floods]

Due to heavy rain, please avoid this location for the next 1 hour: Upp Paya Lebar Service Rd (Lim Teck Boo Rd to Rochdale Rd);
Jln Lokam (near Upp Paya Lebar Rd);
Thrift Dr (near Jln Usaha); [11:38 hours]",2025-07-21,-1001620000000.0,1282.0,"Upp Paya Lebar Service Rd (Lim Teck Boo Rd to Rochdale Rd);
Jln Lokam (near Upp Paya Lebar Rd);
Thrift Dr (near Jln Usaha);",flash_flood_risk,lim teck boo Road,rochdale Road,Upper Paya Lebar Service Road,Upper Paya Lebar Service Road (lim teck boo Road to rochdale Road),1.3422987,103.8844939,534878,1.3433183,103.8835973,535823,HOUGANG,TAI SENG,LIM TECK BOO ROAD,HOUGANG,TAI SENG,ROCHDALE ROAD
182,2025-09-07 06:01:12.831374+00,"[Risk of Flash Floods]

Due to heavy rain, please avoid this location for the next 1 hour: Jln Pokok Serunai [12:00 hours]",2025-07-21,-1001620000000.0,1284.0,Jln Pokok Serunai,flash_flood_risk,Jalan Pokok Serunai,,,Jalan Pokok Serunai,1.3143531,103.9363658,466433,,,,BEDOK,BAYSHORE,JALAN POKOK SERUNAI,,,
181,2025-09-07 06:01:12.611231+00,"[Risk of Flash Floods]

Due to heavy rain, please avoid this location for the next 1 hour: Jln Boon Lay (Enterprise Rd to International Rd) [07:39hours]",2025-08-03,-1001620000000.0,1287.0,Jln Boon Lay (Enterprise Rd to International Rd),flash_flood_risk,enterprise Road,international Road,Jalan Boon Lay,Jalan Boon Lay (enterprise Road to international Road),1.3333182,103.7026361,627667,1.3303924,103.716687,618680,JURONG WEST,KIAN TECK,ENTERPRISE ROAD,JURONG WEST,CHIN BEE,THIRD CHIN BEE ROAD
178,2025-09-07 06:01:12.059223+00,"[Risk of Flash Floods]

Due to heavy rain, please avoid this location for the next 1 hour: Mountbatten Rd leading to Jln Seaview [02:08 hours]",2025-08-12,-1001620000000.0,1293.0,Mountbatten Rd leading to Jln Seaview,flash_flood_risk,Mountbatten Road,Jalan Seaview,,Mountbatten Road to Jalan Seaview,1.3028098,103.8996285,439970,1.3008882,103.896421,438386,MARINE PARADE,KATONG,MOUNTBATTEN ROAD,MARINE PARADE,MOUNTBATTEN,JALAN SEAVIEW
179,2025-09-07 06:01:12.239465+00,"[Risk of Flash Floods]

Due to heavy rain, please avoid this location for the next 1 hour: Junction of TG Pagar Rd and Hoe Chiang Rd [01:48 hours]",2025-08-12,-1001620000000.0,1292.0,Junction of TG Pagar Rd and Hoe Chiang Rd,flash_flood_risk,tg pagar Road,hoe chiang Road,,tg pagar Road and hoe chiang Road,1.278193,103.843765,088474,1.2740948,103.8423663,089314,OUTRAM,CHINATOWN,TANJONG PAGAR ROAD,DOWNTOWN CORE,ANSON,HOE CHIANG ROAD
177,2025-09-07 06:01:11.864453+00,"[Risk of Flash Floods]

Due to heavy rain, please avoid this location for the next 1 hour: Dunearn Rd (Yarwood Ave to Binjai Pk) [07:21 hours]",2025-08-23,-1001620000000.0,1297.0,Dunearn Rd (Yarwood Ave to Binjai Pk),flash_flood_risk,yarwood Avenue,binjai Park,Dunearn Road,Dunearn Road (yarwood Avenue to binjai Park),1.3375703,103.7839724,588035,1.3404925,103.787472,589871,BUKIT TIMAH,SWISS CLUB,YARWOOD AVENUE,BUKIT TIMAH,SWISS CLUB,BINJAI PARK
176,2025-09-07 06:01:11.694761+00,"[Risk of Flash Floods] 

Due to heavy rain, please avoid this location for the next 1 hour: Jurong Town Hall Road (towards PIE) before Jurong East Street 11 [Issued 07:43hours]",2025-08-23,-1001620000000.0,1298.0,Jurong Town Hall Road (towards PIE) before Jurong East Street 11,flash_flood_risk,Jurong Town Hall Road towards Pan Island Expressway,Jurong East Street 11,,Jurong Town Hall Road towards Pan Island Expressway to Jurong East Street 11,1.340929,103.971106,486059,1.3299899,103.7457325,609930,TAMPINES,XILIN,CHANGI SOUTH AVENUE 3,JURONG EAST,INTERNATIONAL BUSINESS PARK,JURONG EAST STREET 11
175,2025-09-07 06:01:11.51741+00,"[FLASH FLOOD OCCURRED]  

Flash flood at Jurong Town Hall Road (towards PIE) before Jurong East Street 11. Please avoid the area. Issued 0749 hours.",2025-08-23,-1001620000000.0,1299.0,Jurong Town Hall Road (towards PIE) before Jurong East Street 11,flash_flood,Jurong Town Hall Road towards Pan Island Expressway,Jurong East Street 11,,Jurong Town Hall Road towards Pan Island Expressway to Jurong East Street 11,1.340929,103.971106,486059,1.3299899,103.7457325,609930,TAMPINES,XILIN,CHANGI SOUTH AVENUE 3,JURONG EAST,INTERNATIONAL BUSINESS PARK,JURONG EAST STREET 11
174,2025-09-07 06:01:11.335184+00,Flash flood subsided at Jurong Town Hall Road (towards PIE) before Jurong East Street 11. Issued 0810 hours.,2025-08-24,-1001620000000.0,1300.0,Jurong Town Hall Road (towards PIE) before Jurong East Street 11,flood_subsided,Jurong Town Hall Road towards Pan Island Expressway,Jurong East Street 11,,Jurong Town Hall Road towards Pan Island Expressway to Jurong East Street 11,1.340929,103.971106,486059,1.3299899,103.7457325,609930,TAMPINES,XILIN,CHANGI SOUTH AVENUE 3,JURONG EAST,INTERNATIONAL BUSINESS PARK,JURONG EAST STREET 11
173,2025-09-07 06:01:11.195825+00,"[Risk of Flash Floods]

Due to heavy rain, please avoid this location for the next 1 hour:   Dunearn Road (between Yarwood Ave and Binjai Park)[Issued 1347hours]",2025-08-28,-1001620000000.0,1301.0,Dunearn Road (between Yarwood Ave and Binjai Park)[Issued 1347hours],flash_flood_risk,yarwood Avenue,binjai park,Dunearn Road,Dunearn Road (yarwood Avenue to binjai park),1.3375703,103.7839724,588035,1.3404925,103.787472,589871,BUKIT TIMAH,SWISS CLUB,YARWOOD AVENUE,BUKIT TIMAH,SWISS CLUB,BINJAI PARK
172,2025-09-07 06:01:10.993998+00,"[Risk of Flash Floods]

Due to heavy rain, please avoid this location for the next 1 hour: Yishun Avenue 7 [09:13 hours]",2025-09-05,-1001620000000.0,1306.0,Yishun Avenue 7,flash_flood_risk,Yishun Avenue 7,,,Yishun Avenue 7,1.4380871,103.8326446,760175,,,,YISHUN,YISHUN WEST,YISHUN AVENUE 7,,,
171,2025-09-07 06:01:10.831987+00,"[Risk of Flash Floods]

Due to heavy rain, please avoid this location for the next 1 hour: Junction of Yishun Ave 2 and Yishun Ave 5 [09:16 hours]",2025-09-05,-1001620000000.0,1307.0,Junction of Yishun Ave 2 and Yishun Ave 5,flash_flood_risk,yishun Avenue 2,yishun Avenue 5,,yishun Avenue 2 and yishun Avenue 5,1.4371108,103.8337382,760170,1.4304259,103.8315094,760145,YISHUN,NORTHLAND,YISHUN AVENUE 2,YISHUN,YISHUN WEST,YISHUN AVENUE 5
170,2025-09-07 06:01:10.693335+00,"[Risk of Flash Floods]

Due to heavy rain, please avoid this location for the next 1 hour: TPE (Punggol West Flyover) [09:28 hours]",2025-09-05,-1001620000000.0,1308.0,TPE (Punggol West Flyover),flash_flood_risk,Tampines Expressway Punggol West Flyover,,,Tampines Expressway Punggol West Flyover,1.379707,103.915978,533760,,,,PAYA LEBAR,PAYA LEBAR WEST,TAMPINES ROAD,,,
