id,text,event_date,location,event,start_loc,end_loc,parent_road,cleaned_location,start_lat,start_lng,start_postal_code,end_lat,end_lng,end_postal_code,start_planning_area,start_planning_area_id,start_subzone,start_subzone_id,start_street_name,nearest_road_1_id,end_planning_area,end_planning_area_id,end_subzone,end_subzone_id,end_street_name,end_street_id
1,,3/20/2014,YISHUN MRT,flash_flood,,,,,1.429525,103.834995,769093,,,,YISHUN,000055,YISHUN WEST,000316,YISHUN AVENUE 2,008503,,,,,,
2,,4/4/2014,2 KAKI BUKIT ROAD 3,flash_flood,,,,,1.337334,103.901943,416161,,,,BEDOK,000001,KAKI BUKIT,000211,KAKI BUKIT AVENUE 2,049801,,,,,,
3,,4/23/2014,PSC BUILDING,flash_flood,,,,,1.328863,103.706189,629813,,,,JURONG WEST,000013,KIAN TECK,000105,INTERNATIONAL ROAD,007731,,,,,,
4,,4/23/2014,21229 (BUS STOP),flash_flood,,,,,1.342064,103.71602,648923,,,,JURONG WEST,000013,TAMAN JURONG,000208,CORPORATION ROAD,006363,,,,,,
5,,5/16/2014,TENGAH FLYOVER,flash_flood,,,,,1.363822,103.707043,648170,,,,TENGAH,000049,TENGAH INDUSTRIAL ESTATE,000113,KRANJI EXPRESSWAY,009854,,,,,,
6,,5/16/2014,PSC BUILDING,flash_flood,,,,,1.328863,103.706189,629813,,,,JURONG WEST,000013,KIAN TECK,000105,INTERNATIONAL ROAD,007731,,,,,,
7,,5/16/2014,21229 (BUS STOP),flash_flood,,,,,1.342064,103.71602,648923,,,,JURONG WEST,000013,TAMAN JURONG,000208,CORPORATION ROAD,006363,,,,,,
8,,6/25/2014,45019 (BUS STOP),flash_flood,,,,,1.388299,103.755539,682036,,,,BUKIT PANJANG,000005,SENJA,000247,WOODLANDS ROAD,000007,,,,,,
9,,6/25/2014,45061 (BUS STOP),flash_flood,,,,,1.407181,103.756063,729678,,,,SUNGEI KADUT,000028,GALI BATU,000277,WOODLANDS ROAD,000006,,,,,,
10,,7/9/2014,45019 (BUS STOP),flash_flood,,,,,1.388299,103.755539,682036,,,,BUKIT PANJANG,000005,SENJA,000247,WOODLANDS ROAD,000007,,,,,,
11,,7/9/2014,COMMONWEALTH LANE,flash_flood,,,,,1.304553,103.797475,149547,,,,QUEENSTOWN,000017,HOLLAND DRIVE,000227,COMMONWEALTH LANE,046473,,,,,,
14,,7/29/2014,BASSEIN ROAD,flash_flood,,,,,1.323316,103.848088,309838,,,,NOVENA,000025,BALESTIER,000175,BASSEIN ROAD,001222,,,,,,
12,,7/29/2014,MACKENZIE ROAD,flash_flood,,,,,1.305873,103.848002,228708,,,,NEWTON,000044,ISTANA NEGARA,000074,MACKENZIE ROAD,055906,,,,,,
13,,7/29/2014,KRAMAT LANE,flash_flood,,,,,1.300979,103.842274,228750,,,,ORCHARD,000045,SOMERSET,000079,KRAMAT LANE,041779,,,,,,
15,,9/3/2014,14379 (BUS STOP),flash_flood,,,,,1.272438,103.823794,090109,,,,BUKIT MERAH,000004,TELOK BLANGAH RISE,000036,LOWER DELTA ROAD,023314,,,,,,
16,,9/24/2014,2 MANDAI ROAD,flash_flood,,,,,1.402422,103.815417,779403,,,,YISHUN,000055,NEE SOON,000327,MANDAI ROAD,019140,,,,,,
17,,10/4/2014,21329 (BUS STOP),flash_flood,,,,,1.326915,103.709018,619625,,,,BOON LAY,000002,TUKANG,000147,JALAN BOON LAY,013705,,,,,,
18,,10/4/2014,LORONG BUANGKOK,flash_flood,,,,,1.383418,103.877972,805910,,,,HOUGANG,000011,TRAFALGAR,000243,LORONG BUANG KOK,007439,,,,,,
19,,10/31/2014,45061 (BUS STOP),flash_flood,,,,,1.407181,103.756063,729678,,,,SUNGEI KADUT,000028,GALI BATU,000277,WOODLANDS ROAD,000006,,,,,,
20,,11/6/2014,58161 (BUS STOP),flash_flood,,,,,1.460528,103.820374,757443,,,,SEMBAWANG,000019,THE WHARVES,000296,ADMIRALTY ROAD WEST,000019,,,,,,
21,,11/8/2014,42241 (BUS STOP),flash_flood,,,,,1.337118,103.767085,598112,,,,BUKIT TIMAH,000006,ANAK BUKIT,000152,LORONG KISMIS,002390,,,,,,
22,,11/8/2014,40099 (BUS STOP),flash_flood,,,,,1.321852,103.82344,259372,,,,NOVENA,000025,DUNEARN,000150,DUNEARN ROAD,009971,,,,,,
27,,11/13/2014,YISHUN MRT,flash_flood,,,,,1.429525,103.834995,769093,,,,YISHUN,000055,YISHUN WEST,000316,YISHUN AVENUE 2,008503,,,,,,
26,,11/13/2014,SEMBAWANG SHOPPING CENTRE,flash_flood,,,,,1.441853,103.82497,758459,,,,SEMBAWANG,000019,SEMBAWANG SPRINGS,000323,JALAN JERUJU,022160,,,,,,
23,,11/13/2014,TAN HENG LEE BUILDING,flash_flood,,,,,1.332819,103.884451,369610,,,,TOA PAYOH,000029,JOO SENG,000192,HARVEY ROAD,031046,,,,,,
24,,11/13/2014,LORONG GAMBIR,flash_flood,,,,,1.345476,103.875567,556140,,,,SERANGOON,000021,UPPER PAYA LEBAR,000201,LORONG GAMBIR,013464,,,,,,
25,,11/13/2014,LORONG ONG LYE,flash_flood,,,,,1.347784,103.879043,534965,,,,SERANGOON,000021,UPPER PAYA LEBAR,000201,LORONG ONG LYE,028966,,,,,,
28,,11/17/2014,LORONG GAMBIR,flash_flood,,,,,1.345476,103.875567,556140,,,,SERANGOON,000021,UPPER PAYA LEBAR,000201,LORONG GAMBIR,013464,,,,,,
29,,11/17/2014,LORONG ONG LYE,flash_flood,,,,,1.347784,103.879043,534965,,,,SERANGOON,000021,UPPER PAYA LEBAR,000201,LORONG ONG LYE,028966,,,,,,
30,,11/17/2014,63139 (BUS STOP),flash_flood,,,,,1.361202,103.891412,532373,,,,HOUGANG,000011,LORONG AH SOO,000186,TAMPINES ROAD,000100,,,,,,
31,,11/17/2014,HOUGANG AVE 1,flash_flood,,,,,1.353703,103.890681,530106,,,,HOUGANG,000011,LORONG AH SOO,000186,HOUGANG AVENUE 3,001348,,,,,,
32,,11/17/2014,MACPHERSON ROAD,flash_flood,,,,,1.328704,103.872121,348741,,,,GEYLANG,000053,KALLANG WAY,000145,MACPHERSON ROAD,000109,,,,,,
33,,11/26/2014,16 SUNSET DRIVE,flash_flood,,,,,1.325782,103.766715,597092,,,,CLEMENTI,000010,SUNSET WAY,000151,SUNSET SQUARE,048658,,,,,,
35,,12/17/2014,11429 (BUS STOP),flash_flood,,,,,1.30454,103.798363,149597,,,,QUEENSTOWN,000017,COMMONWEALTH,000053,COMMONWEALTH DRIVE,012460,,,,,,
34,,12/17/2014,ENTERPRISE ROAD,flash_flood,,,,,1.333312,103.705117,629840,,,,JURONG WEST,000013,KIAN TECK,000105,ENTERPRISE ROAD,048331,,,,,,
36,,12/24/2014,NATIONAL SHOOTING CENTRE,flash_flood,,,,,1.372792,103.682976,698910,,,,WESTERN WATER CATCHMENT,000032,MURAI,000307,OLD CHOA CHU KANG ROAD,006945,,,,,,
37,,4/24/2015,LORNIE VIADUCT,flash_flood,,,,,1.344614,103.8435,579847,,,,BISHAN,000051,MARYMOUNT,000331,BRADDELL ROAD,002611,,,,,,
38,,5/3/2015,NATIONAL SHOOTING CENTRE,flash_flood,,,,,1.372792,103.682976,698910,,,,WESTERN WATER CATCHMENT,000032,MURAI,000307,OLD CHOA CHU KANG ROAD,006945,,,,,,
39,,6/8/2015,CHIN BEE AVE,flash_flood,,,,,1.333502,103.712787,619941,,,,JURONG WEST,000013,CHIN BEE,000193,CHIN BEE AVENUE,003832,,,,,,
40,,6/8/2015,21229 (BUS STOP),flash_flood,,,,,1.342064,103.71602,648923,,,,JURONG WEST,000013,TAMAN JURONG,000208,CORPORATION ROAD,006363,,,,,,
41,,8/11/2015,NANYANG TECHNOLOGICAL UNIVERSITY NORTH SPINE,flash_flood,,,,,1.346176,103.682049,639798,,,,WESTERN WATER CATCHMENT,000032,MURAI,000307,NANYANG AVENUE,042454,,,,,,
42,,8/12/2015,TAMPINES STREET 32,flash_flood,,,,,1.353779,103.957994,520384,,,,TAMPINES,000047,TAMPINES EAST,000185,TAMPINES STREET 32,001162,,,,,,
43,,9/9/2015,JURONG WEST STREET 51,flash_flood,,,,,1.347889,103.720531,640511,,,,JURONG WEST,000013,HONG KAH,000261,JURONG WEST STREET 51,003310,,,,,,
44,,12/2/2015,12111 (BUS STOP),flash_flood,,,,,1.319118,103.77223,120343,,,,BUKIT TIMAH,000006,ULU PANDAN,000132,ULU PANDAN ROAD,004474,,,,,,
46,,12/5/2015,LORONG BUANGKOK,flash_flood,,,,,1.383418,103.877972,805910,,,,HOUGANG,000011,TRAFALGAR,000243,LORONG BUANG KOK,007439,,,,,,
45,,12/5/2015,CHURCH OF ST VINCENT DE PAUL,flash_flood,,,,,1.382224,103.876411,805910,,,,SERANGOON,000021,SELETAR HILLS,000249,JALAN RESAK,019226,,,,,,
47,,12/5/2015,ANG MO KIO STREET 31,flash_flood,,,,,1.365873,103.848056,560320,,,,ANG MO KIO,000052,TOWNSVILLE,000330,ANG MO KIO STREET 31,004841,,,,,,
51,,12/10/2015,CHANGI FLYOVER,flash_flood,,,,,1.345806,103.982914,819658,,,,CHANGI,000008,CHANGI AIRPORT,000298,AIRPORT BOULEVARD,015681,,,,,,
48,,12/10/2015,21229 (BUS STOP),flash_flood,,,,,1.342064,103.71602,648923,,,,JURONG WEST,000013,TAMAN JURONG,000208,CORPORATION ROAD,006363,,,,,,
49,,12/10/2015,69 BOON KENG ROAD,flash_flood,,,,,1.317147,103.862497,339772,,,,KALLANG,000022,BENDEMEER,000174,BOON KENG ROAD,020957,,,,,,
50,,12/10/2015,MAXWELL FOOD CENTRE,flash_flood,,,,,1.280331,103.844747,088437,,,,DOWNTOWN CORE,000040,MAXWELL,000040,MAXWELL ROAD,009049,,,,,,
52,,12/11/2015,PEK KIO CC,flash_flood,,,,,1.313059,103.851374,219458,,,,KALLANG,000022,KAMPONG JAVA,000129,GLOUCESTER ROAD,009160,,,,,,
53,,12/11/2015,BALESTIER POINT,flash_flood,,,,,1.322812,103.852026,329735,,,,NOVENA,000025,BALESTIER,000175,BALESTIER ROAD,003455,,,,,,
54,,12/11/2015,50199 (BUS STOP),flash_flood,,,,,1.324968,103.850509,308231,,,,NOVENA,000025,BALESTIER,000175,BALESTIER ROAD,003455,,,,,,
55,,12/11/2015,69 BOON KENG ROAD,flash_flood,,,,,1.317147,103.862497,339772,,,,KALLANG,000022,BENDEMEER,000174,BOON KENG ROAD,020957,,,,,,
56,,12/11/2015,21229 (BUS STOP),flash_flood,,,,,1.342064,103.71602,648923,,,,JURONG WEST,000013,TAMAN JURONG,000208,CORPORATION ROAD,006363,,,,,,
57,,12/11/2015,NEO PEE TECK LANE,flash_flood,,,,,1.292623,103.769021,118759,,,,QUEENSTOWN,000017,PASIR PANJANG 1,000025,NEO PEE TECK LANE,035415,,,,,,
58,,1/22/2016,NEO PEE TECK LANE,flash_flood,,,,,1.292623,103.769021,118759,,,,QUEENSTOWN,000017,PASIR PANJANG 1,000025,NEO PEE TECK LANE,035415,,,,,,
59,,4/9/2016,MARKET & HAWKER CENTRE (BLK 20 GHIM MOH ROAD),flash_flood,,,,,1.277368,103.818652,090011,,,,BUKIT MERAH,000004,TELOK BLANGAH WAY,000039,TELOK BLANGAH CRESCENT,052278,,,,,,
60,,4/20/2016,2 ENTERPRISE ROAD,flash_flood,,,,,1.333642,103.707847,629814,,,,JURONG WEST,000013,KIAN TECK,000105,ENTERPRISE ROAD,048331,,,,,,
61,,5/11/2016,45061 (BUS STOP),flash_flood,,,,,1.407181,103.756063,729678,,,,SUNGEI KADUT,000028,GALI BATU,000277,WOODLANDS ROAD,000006,,,,,,
62,,5/11/2016,YISHUN MRT,flash_flood,,,,,1.429525,103.834995,769093,,,,YISHUN,000055,YISHUN WEST,000316,YISHUN AVENUE 2,008503,,,,,,
63,,5/18/2016,PSC BUILDING,flash_flood,,,,,1.328863,103.706189,629813,,,,JURONG WEST,000013,KIAN TECK,000105,INTERNATIONAL ROAD,007731,,,,,,
64,,6/17/2016,ENTERPRISE ROAD,flash_flood,,,,,1.333312,103.705117,629840,,,,JURONG WEST,000013,KIAN TECK,000105,ENTERPRISE ROAD,048331,,,,,,
65,,6/17/2016,21229 (BUS STOP),flash_flood,,,,,1.342064,103.71602,648923,,,,JURONG WEST,000013,TAMAN JURONG,000208,CORPORATION ROAD,006363,,,,,,
66,,6/17/2016,TUAS UNDERPASS,flash_flood,,,,,1.321705,103.663691,638481,,,,PIONEER,000015,GUL CIRCLE,000138,JALAN AHMAD IBRAHIM,001805,,,,,,
67,,7/8/2016,21229 (BUS STOP),flash_flood,,,,,1.342064,103.71602,648923,,,,JURONG WEST,000013,TAMAN JURONG,000208,CORPORATION ROAD,006363,,,,,,
68,,7/13/2016,21229 (BUS STOP),flash_flood,,,,,1.342064,103.71602,648923,,,,JURONG WEST,000013,TAMAN JURONG,000208,CORPORATION ROAD,006363,,,,,,
69,,7/26/2016,NEO PEE TECK LANE,flash_flood,,,,,1.292623,103.769021,118759,,,,QUEENSTOWN,000017,PASIR PANJANG 1,000025,NEO PEE TECK LANE,035415,,,,,,
70,,9/14/2016,50 HOUGANG AVE 1,flash_flood,,,,,1.360305,103.888083,530211,,,,HOUGANG,000011,LORONG AH SOO,000186,HOUGANG AVENUE 1,003552,,,,,,
72,,12/24/2016,BALMORAL ROAD,flash_flood,,,,,1.313244,103.830181,257878,,,,NEWTON,000044,GOODWOOD PARK,000125,BALMORAL ROAD,024345,,,,,,
73,,12/24/2016,CAIRNHILL ROAD,flash_flood,,,,,1.308031,103.836841,228512,,,,NEWTON,000044,CAIRNHILL,000056,CAIRNHILL ROAD,000091,,,,,,
74,,12/24/2016,STEVENS ROAD,flash_flood,,,,,1.31317,103.828976,257878,,,,TANGLIN,000048,NASSIM,000134,STEVENS ROAD,013534,,,,,,
75,,12/24/2016,UPPER THOMSON ROAD,flash_flood,,,,,1.373054,103.828958,574419,,,,ANG MO KIO,000052,SEMBAWANG HILLS,000171,UPPER THOMSON ROAD,019126,,,,,,
76,,12/24/2016,ORCHARD ROAD,flash_flood,,,,,1.303228,103.83668,229921,,,,ORCHARD,000045,SOMERSET,000079,BIDEFORD ROAD,000732,,,,,,
71,,12/24/2016,NEWTON CIRCUS,flash_flood,,,,,1.313224,103.838945,307943,,,,NEWTON,000044,NEWTON CIRCUS,000108,NEWTON CIRCUS,024862,,,,,,
77,,1/19/2017,53041 (BUS STOP),flash_flood,,,,,1.353078,103.834364,574359,,,,BISHAN,000051,UPPER THOMSON,000328,UPPER THOMSON ROAD,003397,,,,,,
78,,1/23/2017,134 TANJONG PAGAR ROAD,flash_flood,,,,,1.277471,103.843403,088534,,,,OUTRAM,000046,CHINATOWN,000003,CRAIG ROAD,006815,,,,,,
79,,1/23/2017,MAXWELL FOOD CENTRE,flash_flood,,,,,1.280331,103.844747,088437,,,,DOWNTOWN CORE,000040,MAXWELL,000040,MAXWELL ROAD,009049,,,,,,
80,,2/3/2017,TAMPINES STREET 22,flash_flood,,,,,1.349038,103.951095,520272,,,,TAMPINES,000047,TAMPINES EAST,000185,TAMPINES STREET 22,028897,,,,,,
81,,2/3/2017,LORONG HALUS,flash_flood,,,,,1.386169,103.923226,533850,,,,PASIR RIS,000014,PASIR RIS WAFER FAB PARK,000242,LORONG HALUS,003072,,,,,,
82,,2/4/2017,TAMPINES FLYOVER,flash_flood,,,,,1.381657,103.917491,520175,,,,PAYA LEBAR,000054,PAYA LEBAR WEST,000229,TAMPINES EXPRESSWAY,004689,,,,,,
83,,2/4/2017,BEDOK NORTH FLYOVER,flash_flood,,,,,1.332028,103.920369,460540,,,,BEDOK,000001,BEDOK NORTH,000095,PAN ISLAND EXPRESSWAY,015901,,,,,,
84,,2/8/2017,TOA PAYOH LORONG 1,flash_flood,,,,,1.338046,103.844734,310127,,,,TOA PAYOH,000029,TOA PAYOH WEST,000210,LORONG 1A TOA PAYOH,041327,,,,,,
85,,2/8/2017,TOA PAYOH LORONG 2,flash_flood,,,,,1.336287,103.846514,319640,,,,TOA PAYOH,000029,TOA PAYOH CENTRAL,000096,LORONG 2 TOA PAYOH,022434,,,,,,
86,,2/8/2017,ORCHARD MRT EXIT 10,flash_flood,,,,,1.304048,103.831124,238878,,,,ORCHARD,000045,BOULEVARD,000073,PATERSON ROAD,025537,,,,,,
87,,2/8/2017,STAMFORD HOUSE,flash_flood,,,,,1.294162,103.850711,179949,,,,DOWNTOWN CORE,000040,CITY HALL,000088,STAMFORD ROAD,022582,,,,,,
88,,4/18/2017,MOUNT ELIZABETH MEDICAL CENTRE,flash_flood,,,,,1.322137,103.844361,329562,,,,NOVENA,000025,BALESTIER,000175,IRRAWADDY ROAD,045555,,,,,,
89,,4/18/2017,UNIVERSITY FLYOVER,flash_flood,,,,,1.303247,103.771674,120611,,,,QUEENSTOWN,000017,NATIONAL UNIVERSITY OF S'PORE,000051,CLEMENTI ROAD,003541,,,,,,
90,,4/18/2017,69 BOON KENG ROAD,flash_flood,,,,,1.317147,103.862497,339772,,,,KALLANG,000022,BENDEMEER,000174,BOON KENG ROAD,020957,,,,,,
91,,4/18/2017,40191 (BUS STOP),flash_flood,,,,,1.312686,103.830427,259978,,,,NEWTON,000044,ORANGE GROVE,000063,STEVENS ROAD,003862,,,,,,
92,,4/18/2017,09191 (BUS STOP),flash_flood,,,,,1.304887,103.825498,247918,,,,ORCHARD,000045,TANGLIN,000142,TOMLINSON ROAD,033355,,,,,,
93,,4/21/2017,UPPER CROSS STREET,flash_flood,,,,,1.285862,103.842811,058288,,,,OUTRAM,000046,PEARL'S HILL,000018,UPPER CROSS STREET,014325,,,,,,
94,,4/27/2017,KOVAN ROAD,flash_flood,,,,,1.358496,103.881234,548534,,,,HOUGANG,000011,KOVAN,000162,KOVAN ROAD,002531,,,,,,
96,,4/27/2017,63139 (BUS STOP),flash_flood,,,,,1.361202,103.891412,532373,,,,HOUGANG,000011,LORONG AH SOO,000186,TAMPINES ROAD,000100,,,,,,
95,,4/27/2017,TAI SENG DRIVE,flash_flood,,,,,1.337758,103.893213,535222,,,,HOUGANG,000011,TAI SENG,000202,TAI SENG DRIVE,029543,,,,,,
97,,6/18/2017,DAIRY FARM ROAD,flash_flood,,,,,1.353493,103.787868,289759,,,,CENTRAL WATER CATCHMENT,000007,CENTRAL WATER CATCHMENT,000294,BUKIT TIMAH EXPRESSWAY,000001,,,,,,
98,,7/14/2017,63139 (BUS STOP),flash_flood,,,,,1.361202,103.891412,532373,,,,HOUGANG,000011,LORONG AH SOO,000186,TAMPINES ROAD,000100,,,,,,
99,,7/14/2017,09191 (BUS STOP),flash_flood,,,,,1.304887,103.825498,247918,,,,ORCHARD,000045,TANGLIN,000142,TOMLINSON ROAD,033355,,,,,,
100,,10/7/2017,BISHAN MRT STATION,flash_flood,,,,,1.350706,103.848079,579827,,,,BISHAN,000051,BISHAN EAST,000178,BISHAN ROAD,009945,,,,,,
101,,10/7/2017,BRADDEL MRT STATION,flash_flood,,,,,1.340605,103.847231,319758,,,,TOA PAYOH,000029,BRADDELL,000205,LORONG 2 TOA PAYOH,041300,,,,,,
102,,10/30/2017,STAMFORD ROAD,flash_flood,,,,,1.294094,103.850124,178892,,,,MUSEUM,000043,BRAS BASAH,000078,HILL STREET,036346,,,,,,
103,,10/30/2017,VICTORIA STREET,flash_flood,,,,,1.300563,103.855781,188045,,,,ROCHOR,000035,VICTORIA,000048,VICTORIA STREET,041888,,,,,,
104,,10/30/2017,MOUNT ELIZABETH,flash_flood,,,,,1.32211,103.844317,329562,,,,NOVENA,000025,BALESTIER,000175,IRRAWADDY ROAD,045555,,,,,,
105,,11/9/2017,63139 (BUS STOP),flash_flood,,,,,1.361202,103.891412,532373,,,,HOUGANG,000011,LORONG AH SOO,000186,TAMPINES ROAD,000100,,,,,,
106,,11/18/2017,MANDAI ROAD,flash_flood,,,,,1.40743,103.783828,729979,,,,CENTRAL WATER CATCHMENT,000007,CENTRAL WATER CATCHMENT,000294,MANDAI LAKE ROAD,010683,,,,,,
107,,11/18/2017,YISHUN MRT,flash_flood,,,,,1.429525,103.834995,769093,,,,YISHUN,000055,YISHUN WEST,000316,YISHUN AVENUE 2,008503,,,,,,
109,,11/22/2017,09191 (BUS STOP),flash_flood,,,,,1.304887,103.825498,247918,,,,ORCHARD,000045,TANGLIN,000142,TOMLINSON ROAD,033355,,,,,,
108,,11/22/2017,40191 (BUS STOP),flash_flood,,,,,1.312686,103.830427,259978,,,,NEWTON,000044,ORANGE GROVE,000063,STEVENS ROAD,003862,,,,,,
110,,12/15/2017,PASIR RIS FARMWAY,flash_flood,,,,,1.385908,103.934912,518221,,,,PASIR RIS,000014,PASIR RIS WAFER FAB PARK,000242,PASIR RIS DRIVE 12,000355,,,,,,
111,,1/8/2018,TAMPINES ROAD,flash_flood,,,,,1.362843,103.966929,509733,,,,PASIR RIS,000014,FLORA DRIVE,000187,OLD TAMPINES ROAD,012598,,,,,,
112,,1/8/2018,THE GLADES,flash_flood,,,,,1.327081,103.947772,469601,,,,BEDOK,000001,BEDOK SOUTH,000157,NEW UPPER CHANGI ROAD,000536,,,,,,
113,,1/8/2018,JALAN NIPAH,flash_flood,,,,,1.325939,103.95278,468585,,,,BEDOK,000001,BEDOK SOUTH,000157,JALAN NIPAH,026454,,,,,,
114,,1/8/2018,PAYA LEBAR QUARTER,flash_flood,,,,,1.316174,103.893139,437161,,,,GEYLANG,000053,GEYLANG EAST,000121,PAYA LEBAR ROAD,002118,,,,,,
115,,1/8/2018,ARUMUGAM ROAD,flash_flood,,,,,1.325178,103.891377,409961,,,,GEYLANG,000053,KAMPONG UBI,000099,ARUMUGAM ROAD,000320,,,,,,
116,,1/8/2018,CHANGI FIRE STATION,flash_flood,,,,,1.33488,103.951353,486123,,,,TAMPINES,000047,SIMEI,000196,UPPER CHANGI ROAD,000270,,,,,,
117,,1/8/2018,TAMPINES AVENUE 12,flash_flood,,,,,1.363297,103.944612,521637,,,,TAMPINES,000047,TAMPINES NORTH,000169,TAMPINES AVENUE 12,012591,,,,,,
118,,1/9/2018,134 TANJONG PAGAR ROAD,flash_flood,,,,,1.277471,103.843403,088534,,,,OUTRAM,000046,CHINATOWN,000003,CRAIG ROAD,006815,,,,,,
119,,1/24/2018,CRAIG ROAD,flash_flood,,,,,1.277854,103.842278,089688,,,,OUTRAM,000046,CHINATOWN,000003,CRAIG ROAD,006815,,,,,,
120,,1/24/2018,PSC BUILDING,flash_flood,,,,,1.328863,103.706189,629813,,,,JURONG WEST,000013,KIAN TECK,000105,INTERNATIONAL ROAD,007731,,,,,,
121,,1/30/2018,SELETAR NORTH LINK,flash_flood,,,,,1.424892,103.883643,797359,,,,SELETAR,000018,PULAU PUNGGOL BARAT,000308,SELETAR NORTH LINK,055060,,,,,,
122,,1/31/2018,ANG MO KIO INDUSTRIAL PARK 2,flash_flood,,,,,1.371047,103.862851,569500,,,,SERANGOON,000021,SERANGOON NORTH IND ESTATE,000112,ANG MO KIO INDUSTRIAL PARK 2,019315,,,,,,
123,,3/17/2018,21229,flash_flood,,,,,1.342064,103.71602,648923,,,,JURONG WEST,000013,TAMAN JURONG,000208,CORPORATION ROAD,006363,,,,,,
124,,3/30/2018,BUKIT BATOK ROAD,flash_flood,,,,,1.363244,103.742569,659203,,,,TENGAH,000049,BRICKLAND,000285,BUKIT BATOK ROAD,002993,,,,,,
125,,3/30/2018,CHOA CHU KANG AVENUE 1,flash_flood,,,,,1.37744,103.744383,680253,,,,CHOA CHU KANG,000009,KEAT HONG,000173,HONG SAN WALK,006497,,,,,,
126,,3/30/2018,CHUA CHU KANG CEMETERY OFFICE,flash_flood,,,,,1.374358,103.693645,698910,,,,WESTERN WATER CATCHMENT,000032,MURAI,000307,OLD CHOA CHU KANG ROAD,006945,,,,,,
127,,3/30/2018,LIM CHU KANG FARMWAY,flash_flood,,,,,1.428068,103.704222,718921,,,,LIM CHU KANG,000023,LIM CHU KANG,000311,PERAHU ROAD,038546,,,,,,
128,,4/7/2018,MARYMOUNT MRT STATION,flash_flood,,,,,1.348707,103.839423,570302,,,,BISHAN,000051,UPPER THOMSON,000328,MARYMOUNT ROAD,006164,,,,,,
129,,4/20/2018,TENGAH FLYOVER,flash_flood,,,,,1.363822,103.707043,648170,,,,TENGAH,000049,TENGAH INDUSTRIAL ESTATE,000113,KRANJI EXPRESSWAY,009854,,,,,,
130,,4/23/2018,40191,flash_flood,,,,,1.312686,103.830427,259978,,,,NEWTON,000044,ORANGE GROVE,000063,STEVENS ROAD,003862,,,,,,
131,,4/23/2018,GILSTEAD 2,flash_flood,,,,,1.31496,103.838459,307997,,,,NOVENA,000025,MOULMEIN,000140,GILSTEAD ROAD,027133,,,,,,
132,,4/27/2018,SELETAR NORTH LINK,flash_flood,,,,,1.424892,103.883643,797359,,,,SELETAR,000018,PULAU PUNGGOL BARAT,000308,SELETAR NORTH LINK,055060,,,,,,
133,,5/1/2018,BLK 448 CLEMENTI AVENUE 3,flash_flood,,,,,1.31332,103.764517,120448,,,,CLEMENTI,000010,CLEMENTI CENTRAL,000128,CLEMENTI AVENUE 3,003316,,,,,,
134,,5/26/2018,KRAMAT LANE,flash_flood,,,,,1.300979,103.842274,228750,,,,ORCHARD,000045,SOMERSET,000079,KRAMAT LANE,041779,,,,,,
135,,5/26/2018,CAVENAGH ROAD,flash_flood,,,,,1.308095,103.84214,229491,,,,NEWTON,000044,ISTANA NEGARA,000074,CAVENAGH ROAD,029250,,,,,,
136,,6/20/2018,21229,flash_flood,,,,,1.342064,103.71602,648923,,,,JURONG WEST,000013,TAMAN JURONG,000208,CORPORATION ROAD,006363,,,,,,
139,,6/26/2018,ENG NEO FLYOVER,flash_flood,,,,,1.339976,103.806539,288303,,,,BUKIT TIMAH,000006,HILLCREST,000191,ENG NEO AVENUE,003420,,,,,,
138,,6/26/2018,TOH TUCK AVENUE,flash_flood,,,,,1.33054,103.758726,596226,,,,CLEMENTI,000010,TOH TUCK,000189,TOH TUCK AVENUE,008619,,,,,,
137,,6/26/2018,KISMIS ROAD,flash_flood,,,,,1.335544,103.771203,599430,,,,BUKIT TIMAH,000006,ANAK BUKIT,000152,KISMIS ROAD,011254,,,,,,
140,,6/29/2018,LORONG KISMIS,flash_flood,,,,,1.336996,103.766805,598112,,,,BUKIT TIMAH,000006,ANAK BUKIT,000152,LORONG KISMIS,002390,,,,,,
141,,6/29/2018,BUKIT TIMAH,flash_flood,,,,,1.333937,103.792132,276308,,,,BUKIT TIMAH,000006,SWISS CLUB,000153,DUNEARN ROAD,002314,,,,,,
142,,6/29/2018,DUNEARN ROAD,flash_flood,,,,,1.321188,103.825058,297753,,,,NOVENA,000025,DUNEARN,000150,DUNEARN ROAD,009971,,,,,,
143,,9/19/2018,55189 (BUS STOP),flash_flood,,,,,1.382953,103.844225,569845,,,,ANG MO KIO,000052,YIO CHU KANG,000252,ANG MO KIO AVENUE 6,005006,,,,,,
144,,10/16/2018,21229 (BUS STOP),flash_flood,,,,,1.342064,103.71602,648923,,,,JURONG WEST,000013,TAMAN JURONG,000208,CORPORATION ROAD,006363,,,,,,
145,,10/23/2018,21229 (BUS STOP),flash_flood,,,,,1.342064,103.71602,648923,,,,JURONG WEST,000013,TAMAN JURONG,000208,CORPORATION ROAD,006363,,,,,,
146,,11/10/2018,CHOA CHU KANG WAY,flash_flood,,,,,1.377584,103.750314,688786,,,,CHOA CHU KANG,000009,KEAT HONG,000173,CHOA CHU KANG WAY,000168,,,,,,
147,,11/10/2018,CHOA CHU KANG AVENUE 1,flash_flood,,,,,1.37744,103.744383,680253,,,,CHOA CHU KANG,000009,KEAT HONG,000173,HONG SAN WALK,006497,,,,,,
148,,11/10/2018,BUKIT BATOK DRIVING CENTRE,flash_flood,,,,,1.3668,103.750142,659003,,,,BUKIT BATOK,000003,HONG KAH NORTH,000161,BUKIT BATOK WEST AVENUE 5,001311,,,,,,
149,,11/11/2018,LORONG 23 GEYLANG,flash_flood,,,,,1.315461,103.881255,388379,,,,GEYLANG,000053,ALJUNIED,000301,LORONG 23 GEYLANG,028039,,,,,,
150,,11/11/2018,ALJUNIED WEST FLYOVER,flash_flood,,,,,1.319295,103.87634,387381,,,,GEYLANG,000053,ALJUNIED,000301,PAN ISLAND EXPRESSWAY,000099,,,,,,
151,,12/12/2018,42059 (BUS STOP),flash_flood,,,,,1.336445,103.782762,596288,,,,BUKIT TIMAH,000006,SWISS CLUB,000153,DUNEARN ROAD,002314,,,,,,
152,,12/12/2018,41069,flash_flood,,,,,1.326528,103.807586,269733,,,,BUKIT TIMAH,000006,HILLCREST,000191,DUNEARN ROAD,001147,,,,,,
153,,12/12/2018,ORCHID VILLAGE,flash_flood,,,,,1.333111,103.800138,288735,,,,BUKIT TIMAH,000006,HILLCREST,000191,VANDA ROAD,014019,,,,,,
154,,12/15/2018,PSC BUILDING,flash_flood,,,,,1.328863,103.706189,629813,,,,JURONG WEST,000013,KIAN TECK,000105,INTERNATIONAL ROAD,007731,,,,,,
155,,12/15/2018,YUAN CHING ROAD,flash_flood,,,,,1.325468,103.725222,618642,,,,JURONG WEST,000013,TAMAN JURONG,000208,JALAN AHMAD IBRAHIM,006176,,,,,,
156,,12/20/2018,SEMBAWANG PARK,flash_flood,,,,,1.461362,103.8365,757600,,,,SEMBAWANG,000019,SEMBAWANG STRAITS,000295,SEMBAWANG ROAD,001752,,,,,,
157,,5/19/2019,NEO PEE TECK LANE,flash_flood,,,,,1.292623,103.769021,118759,,,,QUEENSTOWN,000017,PASIR PANJANG 1,000025,NEO PEE TECK LANE,035415,,,,,,
158,,6/3/2019,OPHIR ROAD,flash_flood,,,,,1.299961,103.859066,307584,,,,DOWNTOWN CORE,000040,BUGIS,000047,OPHIR ROAD,033461,,,,,,
159,,6/3/2019,COMMONWEALTH LANE,flash_flood,,,,,1.304553,103.797475,149547,,,,QUEENSTOWN,000017,HOLLAND DRIVE,000227,COMMONWEALTH LANE,046473,,,,,,
160,,6/3/2019,CRAIG ROAD,flash_flood,,,,,1.277854,103.842278,089688,,,,OUTRAM,000046,CHINATOWN,000003,CRAIG ROAD,006815,,,,,,
161,,12/2/2019,JURONG EAST STREET 32,flash_flood,,,,,1.346948,103.733825,600314,,,,JURONG EAST,000012,YUHUA WEST,000204,JURONG EAST STREET 32,002279,,,,,,
162,,12/2/2019,CHOA CHU KANG AVE 1,flash_flood,,,,,1.37744,103.744383,680253,,,,CHOA CHU KANG,000009,KEAT HONG,000173,HONG SAN WALK,006497,,,,,,
167,,4/30/2020,LICHI AVENUE,flash_flood,,,,,1.33316,103.876492,367874,,,,TOA PAYOH,000029,SENNETT,000100,LICHI AVENUE,000339,,,,,,
166,,4/30/2020,SERANGOON AVENUE 2,flash_flood,,,,,1.353626,103.867705,550304,,,,SERANGOON,000021,SERANGOON CENTRAL,000177,SERANGOON AVENUE 2,000568,,,,,,
168,,4/30/2020,JALAN TELITI,flash_flood,,,,,1.360393,103.890228,532373,,,,HOUGANG,000011,LORONG AH SOO,000186,JALAN TELITI,013960,,,,,,
164,,4/30/2020,LORONG GAMBIR,flash_flood,,,,,1.345476,103.875567,556140,,,,SERANGOON,000021,UPPER PAYA LEBAR,000201,LORONG GAMBIR,013464,,,,,,
165,,4/30/2020,50 HOUGANG AVENUE 1,flash_flood,,,,,1.360305,103.888083,530211,,,,HOUGANG,000011,LORONG AH SOO,000186,HOUGANG AVENUE 1,003552,,,,,,
163,,4/30/2020,UPPER PAYA LEBAR ROAD,flash_flood,,,,,1.335184,103.888238,534803,,,,TOA PAYOH,000029,JOO SENG,000192,KALLANG PAYA LEBAR EXPRESSWAY,053418,,,,,,
169,,5/22/2020,CRAIG ROAD,flash_flood,,,,,1.277854,103.842278,089688,,,,OUTRAM,000046,CHINATOWN,000003,CRAIG ROAD,006815,,,,,,
170,,6/23/2020,JURONG TOWN HALL ROAD,flash_flood,,,,,1.331977,103.739634,608516,,,,JURONG EAST,000012,JURONG GATEWAY,000097,JURONG TOWN HALL ROAD,055322,,,,,,
171,,6/23/2020,CHANGI FIRE STATION,flash_flood,,,,,1.33488,103.951353,486123,,,,TAMPINES,000047,SIMEI,000196,UPPER CHANGI ROAD,000270,,,,,,
172,,6/23/2020,NEW UPPER CHANGI ROAD,flash_flood,,,,,1.324064,103.940749,461059,,,,BEDOK,000001,BEDOK SOUTH,000157,NEW UPPER CHANGI ROAD,000536,,,,,,
173,,7/9/2020,PSC BUILDING,flash_flood,,,,,1.328863,103.706189,629813,,,,JURONG WEST,000013,KIAN TECK,000105,INTERNATIONAL ROAD,007731,,,,,,
174,,8/13/2020,ALJUNIED ROAD,flash_flood,,,,,1.322313,103.881475,370023,,,,GEYLANG,000053,MACPHERSON,000093,ALJUNIED ROAD,011675,,,,,,
175,,8/14/2020,CRAIG ROAD,flash_flood,,,,,1.277854,103.842278,089688,,,,OUTRAM,000046,CHINATOWN,000003,CRAIG ROAD,006815,,,,,,
176,,8/14/2020,TANJONG PAGAR ROAD,flash_flood,,,,,1.273715,103.842919,088542,,,,DOWNTOWN CORE,000040,ANSON,000033,LIM TECK KIM ROAD,037585,,,,,,
179,,11/2/2020,MOUNT VERNON ROAD,flash_flood,,,,,1.34041,103.879577,361222,,,,TOA PAYOH,000029,JOO SENG,000192,MOUNT VERNON ROAD,041220,,,,,,
177,,11/2/2020,UPPER PAYA LEBAR ROAD,flash_flood,,,,,1.335184,103.888238,534803,,,,TOA PAYOH,000029,JOO SENG,000192,KALLANG PAYA LEBAR EXPRESSWAY,053418,,,,,,
178,,11/2/2020,LORONG GAMBIR,flash_flood,,,,,1.345476,103.875567,556140,,,,SERANGOON,000021,UPPER PAYA LEBAR,000201,LORONG GAMBIR,013464,,,,,,
180,,11/7/2020,ALJUNIED ROAD,flash_flood,,,,,1.322313,103.881475,370023,,,,GEYLANG,000053,MACPHERSON,000093,ALJUNIED ROAD,011675,,,,,,
181,,1/1/2021,LORONG HALUS,flash_flood,,,,,1.386169,103.923226,533850,,,,PASIR RIS,000014,PASIR RIS WAFER FAB PARK,000242,LORONG HALUS,003072,,,,,,
182,,1/2/2021,PASIR RIS STREET 11,flash_flood,,,,,1.364996,103.958511,510136,,,,PASIR RIS,000014,PASIR RIS DRIVE,000168,PASIR RIS STREET 11,020024,,,,,,
183,,3/23/2021,BOON LAY WAY,flash_flood,,,,,1.344351,103.727438,648164,,,,JURONG EAST,000012,LAKESIDE (LEISURE),000209,BOON LAY WAY,002243,,,,,,
184,,3/23/2021,CORPORATION ROAD,flash_flood,,,,,1.338077,103.71708,618310,,,,JURONG WEST,000013,CHIN BEE,000193,CORPORATION ROAD,006263,,,,,,
185,,3/23/2021,ENTERPRISE ROAD,flash_flood,,,,,1.333312,103.705117,629840,,,,JURONG WEST,000013,KIAN TECK,000105,ENTERPRISE ROAD,048331,,,,,,
186,,3/29/2021,VICTORIA STREET,flash_flood,,,,,1.300563,103.855781,188030,,,,ROCHOR,000035,VICTORIA,000048,VICTORIA STREET,041888,,,,,,
187,,4/17/2021,DUNEARN ROAD,flash_flood,,,,,1.321188,103.825058,297753,,,,NOVENA,000025,DUNEARN,000150,DUNEARN ROAD,009971,,,,,,
188,,4/17/2021,SUNGEI ULU PANDAN,flash_flood,,,,,1.317109,103.773462,597596,,,,BUKIT TIMAH,000006,ULU PANDAN,000132,PINE GROVE,004244,,,,,,
189,,7/12/2021,CALTEX BINJAI PARK,flash_flood,,,,,1.335235,103.786793,589821,,,,BUKIT TIMAH,000006,SWISS CLUB,000153,DUNEARN ROAD,002314,,,,,,
190,,8/20/2021,75359 (BUS STOP),flash_flood,,,,,1.374387,103.931479,528764,,,,TAMPINES,000047,TAMPINES NORTH,000169,TAMPINES AVENUE 10,000322,,,,,,
191,,8/24/2021,DUNEARN ROAD,flash_flood,,,,,1.321188,103.825058,297753,,,,NOVENA,000025,DUNEARN,000150,DUNEARN ROAD,009971,,,,,,
192,,8/30/2021,HOUGANG AVENUE 8,flash_flood,,,,,1.373321,103.886366,530583,,,,HOUGANG,000011,HOUGANG WEST,000228,HOUGANG AVENUE 8,010957,,,,,,
193,,8/30/2021,PUNGGOL WEST FLYOVER,flash_flood,,,,,1.398885,103.896382,543287,,,,SENGKANG,000020,SENGKANG TOWN CENTRE,000236,TAMPINES EXPRESSWAY,000225,,,,,,
194,,9/2/2021,PUNGGOL WEST FLYOVER,flash_flood,,,,,1.398885,103.896382,543287,,,,SENGKANG,000020,SENGKANG TOWN CENTRE,000236,TAMPINES EXPRESSWAY,000225,,,,,,
195,,9/6/2021,JURONG EAST STREET 32,flash_flood,,,,,1.346948,103.733825,600314,,,,JURONG EAST,000012,YUHUA WEST,000204,JURONG EAST STREET 32,002279,,,,,,
196,,11/23/2021,JURONG EAST STREET 32,flash_flood,,,,,1.346948,103.733825,600314,,,,JURONG EAST,000012,YUHUA WEST,000204,JURONG EAST STREET 32,002279,,,,,,
197,,2/27/2022,BEDOK NORTH FLYOVER,flash_flood,,,,,1.332028,103.920369,460540,,,,BEDOK,000001,BEDOK NORTH,000095,PAN ISLAND EXPRESSWAY,015901,,,,,,
198,,2/27/2022,REGENT CENTRE,flash_flood,,,,,1.334035,103.899317,408609,,,,GEYLANG,000053,KAMPONG UBI,000099,EUNOS LINK,000288,,,,,,
199,,3/2/2022,209 PUNGGOL PLACE PUNGGOL CREST,flash_flood,,,,,1.398977,103.900937,820209,,,,PUNGGOL,000016,MATILDA,000275,TAMPINES EXPRESSWAY,000208,,,,,,
200,,3/2/2022,BUANGKOK FLYOVER,flash_flood,,,,,1.37684,103.910119,533952,,,,SENGKANG,000020,LORONG HALUS NORTH,000231,BUANGKOK EAST DRIVE,050399,,,,,,
203,,3/7/2022,SUNGEI TENGAH,flash_flood,,,,,1.398992,103.725111,698986,,,,WESTERN WATER CATCHMENT,000032,MURAI,000307,SUNGEI TENGAH ROAD,022110,,,,,,
201,,3/7/2022,JURONG EAST ST 32,flash_flood,,,,,1.346948,103.733825,600314,,,,JURONG EAST,000012,YUHUA WEST,000204,JURONG EAST STREET 32,002279,,,,,,
202,,3/7/2022,ENTERPRISE ROAD,flash_flood,,,,,1.333312,103.705117,629840,,,,JURONG WEST,000013,KIAN TECK,000105,ENTERPRISE ROAD,048331,,,,,,
204,,10/5/2022,LAVENDER MRT,flash_flood,,,,,1.307507,103.862938,208699,,,,KALLANG,000022,LAVENDER,000117,KALLANG ROAD,008267,,,,,,
205,,11/7/2022,BKE EXIT 8,flash_flood,,,,,1.416285,103.770721,738078,,,,SUNGEI KADUT,000028,TURF CLUB,000303,BUKIT TIMAH EXPRESSWAY,000056,,,,,,
206,,11/12/2022,TANAH MERAH MRT,flash_flood,,,,,1.327311,103.946452,465514,,,,BEDOK,000001,BEDOK NORTH,000095,NEW UPPER CHANGI ROAD,001463,,,,,,
207,,12/11/2022,BUANGKOK FLYOVER,flash_flood,,,,,1.37684,103.910119,533952,,,,SENGKANG,000020,LORONG HALUS NORTH,000231,BUANGKOK EAST DRIVE,050399,,,,,,
208,,3/30/2023,KRAMAT LANE,flash_flood,,,,,1.300979,103.842274,228750,,,,ORCHARD,000045,SOMERSET,000079,KRAMAT LANE,041779,,,,,,
209,,3/30/2023,CAVENAGH ROAD,flash_flood,,,,,1.308095,103.84214,229491,,,,NEWTON,000044,ISTANA NEGARA,000074,CAVENAGH ROAD,029250,,,,,,
210,,7/20/2023,42059 (BUS STOP),flash_flood,,,,,1.336445,103.782762,596288,,,,BUKIT TIMAH,000006,SWISS CLUB,000153,DUNEARN ROAD,002314,,,,,,
211,,11/28/2023,21229 (BUS STOP),flash_flood,,,,,1.342064,103.71602,648923,,,,JURONG WEST,000013,TAMAN JURONG,000208,CORPORATION ROAD,006363,,,,,,
212,,2/3/2024,DUNEARN ROAD,flash_flood,,,,,1.321188,103.825058,297753,,,,NOVENA,000025,DUNEARN,000150,DUNEARN ROAD,009971,,,,,,
213,,10/14/2024,DUNEARN ROAD,flash_flood,,,,,1.321188,103.825058,297753,,,,NOVENA,000025,DUNEARN,000150,DUNEARN ROAD,009971,,,,,,
305,"[Risk of Flash Floods]

Due to heavy rain, please avoid this location for the next 1 hour: TPE (Punggol West Flyover) [15:28 hours]",11/16/2024,TPE (Punggol West Flyover),flash_flood_risk,Tampines Expressway Punggol West Flyover,,,Tampines Expressway Punggol West Flyover,1.379707,103.915978,533760,,,,PAYA LEBAR,000054,PAYA LEBAR WEST,000229,TAMPINES ROAD,000095,,,,,,
214,,12/29/2024,DUNEARN ROAD,flash_flood,,,,,1.321188,103.825058,297753,,,,NOVENA,000025,DUNEARN,000150,DUNEARN ROAD,009971,,,,,,
300,"[Risk of Flash Floods]

Due to heavy rain, please avoid this location for the next 1 hour: PIE (towards Changi Airport) after TPE [07:40 hours]",3/19/2025,PIE (towards Changi Airport) after TPE,flash_flood_risk,Pan Island Expressway towards Changi Airport,Tampines Expressway,,Pan Island Expressway towards Changi Airport to Tampines Expressway,1.339305,103.974505,486769,1.3704809,103.9415043,519961,CHANGI,000008,CHANGI AIRPORT,000298,PAN ISLAND EXPRESSWAY,039147,TAMPINES,000047,TAMPINES NORTH,000169,TAMPINES EXPRESSWAY,000120
301,"[Risk of Flash Floods]

Due to heavy rain, please avoid this location for the next 1 hour: Mountbatten Road / Jalan Seaview [14:45 hours]",3/19/2025,Mountbatten Road / Jalan Seaview,flash_flood_risk,Mountbatten Road,Jalan Seaview,,Mountbatten Road and Jalan Seaview,1.3028098,103.8996285,439970,1.3008882,103.896421,438386,MARINE PARADE,000039,KATONG,000072,MOUNTBATTEN ROAD,010789,MARINE PARADE,000039,MOUNTBATTEN,000300,JALAN SEAVIEW,009432
298,"[Risk of Flash Floods]

Due to heavy rain, please avoid this location for the next 1 hour: ECP (towards Changi Airport) after Bayshore Rd Exit [13:40 hours]",3/20/2025,ECP (towards Changi Airport) after Bayshore Rd Exit,flash_flood_risk,East Coast Parkway towards Changi Airport,Bayshore Road Slip,,East Coast Parkway towards Changi Airport to Bayshore Road Slip,1.338224,103.980555,819665,1.312132,103.939068,469986,CHANGI,000008,CHANGI AIRPORT,000298,EAST COAST PARKWAY,012789,BEDOK,000001,BAYSHORE,000136,BAYSHORE ROAD,003009
297,"[Risk of Flash Floods]

Due to heavy rain, please avoid this location for the next 1 hour: Mountbatten Road/Jalan Seaview [13:50 hours]",3/20/2025,Mountbatten Road/Jalan Seaview,flash_flood_risk,Mountbatten Road,Jalan Seaview,,Mountbatten Road and Jalan Seaview,1.3028098,103.8996285,439970,1.3008882,103.896421,438386,MARINE PARADE,000039,KATONG,000072,MOUNTBATTEN ROAD,010789,MARINE PARADE,000039,MOUNTBATTEN,000300,JALAN SEAVIEW,009432
299,"[Risk of Flash Floods]

Due to heavy rain, please avoid this location for the next 1 hour: ECP (towards Changi Airport) at Tanah Merah Coast Road Entrance [10:20 hours]",3/20/2025,ECP (towards Changi Airport) at Tanah Merah Coast Road Entrance,flash_flood_risk,East Coast Parkway towards Changi Airport,Tanah Merah Coast Road Entrance,,East Coast Parkway towards Changi Airport to Tanah Merah Coast Road Entrance,1.338224,103.980555,819665,1.318466,103.984457,498720,CHANGI,000008,CHANGI AIRPORT,000298,EAST COAST PARKWAY,012789,TAMPINES,000047,XILIN,000154,TANAH MERAH COAST ROAD,038504
296,"[Risk of Flash Floods]

Due to heavy rain, please avoid this location for the next 1 hour: Mountbatten Road/Jalan Seaview [01:31 hours]",3/22/2025,Mountbatten Road/Jalan Seaview,flash_flood_risk,Mountbatten Road,Jalan Seaview,,Mountbatten Road and Jalan Seaview,1.3028098,103.8996285,439970,1.3008882,103.896421,438386,MARINE PARADE,000039,KATONG,000072,MOUNTBATTEN ROAD,010789,MARINE PARADE,000039,MOUNTBATTEN,000300,JALAN SEAVIEW,009432
287,"[Risk of Flash Floods]

Due to heavy rain, please avoid this location for the next 1 hour: Thomson Rd (Balestier Rd to Novena Rise) [00:37 hours]",3/23/2025,Thomson Rd (Balestier Rd to Novena Rise),flash_flood_risk,balestier Road,novena rise,Thomson Road,Thomson Road (balestier Road to novena rise),1.3265878,103.8430003,329900,1.3242731,103.8429008,307516,NOVENA,000025,BALESTIER,000175,JALAN DATOH,025845,NOVENA,000025,BALESTIER,000175,NOVENA RISE,038449
289,"[Risk of Flash Floods]

Due to heavy rain, please avoid this location for the next 1 hour: Lor Gambir
 [00:29 hours]",3/23/2025,Lor Gambir,flash_flood_risk,Lorong Gambir,,,Lorong Gambir,1.3461999,103.8744676,536652,,,,SERANGOON,000021,UPPER PAYA LEBAR,000201,JALAN LABU AYER,015356,,,,,,
290,"[Risk of Flash Floods]

Due to heavy rain, please avoid this location for the next 1 hour: Puay Hee Ave (near Siak Kew Ave);
Siang Kuang Ave; [00:28 hours]",3/23/2025,"Puay Hee Ave (near Siak Kew Ave);
Siang Kuang Ave;",flash_flood_risk,Puay Hee Avenue near Siak Kew Avenue Siang Kuang Avenue,,,Puay Hee Avenue near Siak Kew Avenue Siang Kuang Avenue,1.366923,103.801292,678278,,,,CENTRAL WATER CATCHMENT,000007,CENTRAL WATER CATCHMENT,000294,RIFLE RANGE ROAD,045624,,,,,,
288,"[Risk of Flash Floods]

Due to heavy rain, please avoid this location for the next 1 hour: Macpherson Rd OD (Siang Kuang Ave) [00:33 hours]",3/23/2025,Macpherson Rd OD (Siang Kuang Ave),flash_flood_risk,Macpherson Road OD Siang Kuang Avenue,,,Macpherson Road OD Siang Kuang Avenue,1.329601,103.87201,347973,,,,TOA PAYOH,000029,SENNETT,000100,SIANG KUANG AVENUE,001254,,,,,,
292,"[Risk of Flash Floods]

Due to heavy rain, please avoid this location for the next 1 hour: Junction of Toa Payoh Lor 1 and Toa Payoh Lor 2
 [00:23 hours]",3/23/2025,Junction of Toa Payoh Lor 1 and Toa Payoh Lor 2,flash_flood_risk,toa payoh Lorong 1,toa payoh Lorong 2,,toa payoh Lorong 1 and toa payoh Lorong 2,1.33961615,103.85337221643714,310001,1.3325257499999998,103.8473864759364,310157,TOA PAYOH,000029,LORONG 8 TOA PAYOH,000194,LORONG 8 TOA PAYOH,009227,TOA PAYOH,000029,TOA PAYOH CENTRAL,000096,LORONG 2 TOA PAYOH,022434
293,"[Risk of Flash Floods]

Due to heavy rain, please avoid this location for the next 1 hour: Langsat Rd (Everitt Rd North to Lor 106 Changi);
Lor 105 Changi; [00:20 hours]",3/23/2025,"Langsat Rd (Everitt Rd North to Lor 106 Changi);
Lor 105 Changi;",flash_flood_risk,everitt Road north,Lorong 106 changi,Langsat Road,Langsat Road (everitt Road north to Lorong 106 changi),1.3168363,103.9013344,419718,1.3171815,103.9032135,419974,GEYLANG,000053,GEYLANG EAST,000121,EVERITT ROAD NORTH,014344,GEYLANG,000053,GEYLANG EAST,000121,LORONG 106 CHANGI,010401
294,"[Risk of Flash Floods]

Due to heavy rain, please avoid this location for the next 1 hour: Marine Parade Ctrl;
Marine Parade Rd [00:15 hours]",3/23/2025,"Marine Parade Ctrl;
Marine Parade Rd",flash_flood_risk,Marine Parade Ctrl Marine Parade Road,,,Marine Parade Ctrl Marine Parade Road,1.301396,103.905945,449408,,,,MARINE PARADE,000039,MARINE PARADE,000143,MARINE PARADE CENTRAL,005524,,,,,,
295,"[Risk of Flash Floods]

Due to heavy rain, please avoid this location for the next 1 hour: East Coast Rd [00:12 hours]",3/23/2025,East Coast Rd,flash_flood_risk,East Coast Road,,,East Coast Road,1.3065136,103.9057043,428877,,,,MARINE PARADE,000039,KATONG,000072,TEMBELING ROAD,003360,,,,,,
291,"[Risk of Flash Floods]

Due to heavy rain, please avoid this location for the next 1 hour: Upp Paya Lebar Service Rd (Lim Teck Boo Rd to Rochdale Rd);
Jln Lokam (near Upp Paya Lebar Rd);
Thrift Dr (near Jln Usaha); [00:28 hours]",3/23/2025,"Upp Paya Lebar Service Rd (Lim Teck Boo Rd to Rochdale Rd);
Jln Lokam (near Upp Paya Lebar Rd);
Thrift Dr (near Jln Usaha);",flash_flood_risk,lim teck boo Road,rochdale Road,Upper Paya Lebar Service Road,Upper Paya Lebar Service Road (lim teck boo Road to rochdale Road),1.3422987,103.8844939,534878,1.3433183,103.8835973,535823,HOUGANG,000011,TAI SENG,000202,LIM TECK BOO ROAD,000481,HOUGANG,000011,TAI SENG,000202,ROCHDALE ROAD,014305
284,"[Risk of Flash Floods]

Due to heavy rain, please avoid this location for the next 1 hour: Jln Arif [18:35 hours]",4/5/2025,Jln Arif,flash_flood_risk,Jalan Arif,,,Jalan Arif,1.3683562,103.8828034,545114,,,,HOUGANG,000011,KOVAN,000162,JALAN ARIF,015695,,,,,,
273,"[Risk of Flash Floods]

Due to heavy rain, please avoid this location for the next 1 hour: Junction of Toa Payoh Lor 1 and Toa Payoh Lor 2
 [14:11 hours]",4/13/2025,Junction of Toa Payoh Lor 1 and Toa Payoh Lor 2,flash_flood_risk,toa payoh Lorong 1,toa payoh Lorong 2,,toa payoh Lorong 1 and toa payoh Lorong 2,1.33961615,103.85337221643714,310001,1.3325257499999998,103.8473864759364,310157,TOA PAYOH,000029,LORONG 8 TOA PAYOH,000194,LORONG 8 TOA PAYOH,009227,TOA PAYOH,000029,TOA PAYOH CENTRAL,000096,LORONG 2 TOA PAYOH,022434
269,"[Risk of Flash Floods]

Due to heavy rain, please avoid this location for the next 1 hour: Jln Pokok Serunai [14:15 hours]",4/13/2025,Jln Pokok Serunai,flash_flood_risk,Jalan Pokok Serunai,,,Jalan Pokok Serunai,1.3143531,103.9363658,466433,,,,BEDOK,000001,BAYSHORE,000136,JALAN POKOK SERUNAI,041115,,,,,,
270,"[Risk of Flash Floods]

Due to heavy rain, please avoid this location for the next 1 hour: Bt Timah Rd (Wilby Rd to Blackmore Dr) [14:15 hours]",4/13/2025,Bt Timah Rd (Wilby Rd to Blackmore Dr),flash_flood_risk,wilby Road,blackmore Drive,Bukit Timah Road,Bukit Timah Road (wilby Road to blackmore Drive),1.3302335,103.7876928,275982,1.3356733,103.7836073,599987,BUKIT TIMAH,000006,HOLLAND ROAD,000098,WILBY ROAD,030967,BUKIT TIMAH,000006,HOLLAND ROAD,000098,BLACKMORE DRIVE,016789
271,"[FLASH FLOOD OCCURRED]  

Flash flood at KPE (Slip Rd to Buangkok East Drive). Please avoid the area. PUB officers have been deployed to render assistance. Issued 1405 hours.",4/13/2025,KPE (Slip Rd to Buangkok East Drive),flash_flood,slip Road,buangkok east drive,Kallang-Paya Lebar Expressway,Kallang-Paya Lebar Expressway (slip Road to buangkok east drive),1.385923,103.7570677,671634,1.3739123,103.9113798,535191,BUKIT PANJANG,000005,SENJA,000247,WOODLANDS ROAD,000007,PAYA LEBAR,000054,PAYA LEBAR WEST,000229,KALLANG PAYA LEBAR EXPRESSWAY,010686
272,"[Risk of Flash Floods]

Due to heavy rain, please avoid this location for the next 1 hour: Lor Ong Lye (near Lor Lew Lian) [14:12 hours]",4/13/2025,Lor Ong Lye (near Lor Lew Lian),flash_flood_risk,Lorong Ong Lye near Lorong Lew Lian,,,Lorong Ong Lye near Lorong Lew Lian,1.366923,103.801292,678278,,,,CENTRAL WATER CATCHMENT,000007,CENTRAL WATER CATCHMENT,000294,RIFLE RANGE ROAD,045624,,,,,,
274,"[Risk of Flash Floods]

Due to heavy rain, please avoid this location for the next 1 hour: Eng Kong Pl (Greenridge Cres to Eng Kong Gdn) [14:11 hours]",4/13/2025,Eng Kong Pl (Greenridge Cres to Eng Kong Gdn),flash_flood_risk,greenridge Crescent,eng kong gdn,Eng Kong Place,Eng Kong Place (greenridge Crescent to eng kong gdn),1.3336062,103.7662483,598909,1.33712705,103.76904268077236,596463,BUKIT TIMAH,000006,ANAK BUKIT,000152,GREENRIDGE CRESCENT,040344,BUKIT TIMAH,000006,ANAK BUKIT,000152,UPPER TOH TUCK TERRACE,046577
276,"[Risk of Flash Floods]

Due to heavy rain, please avoid this location for the next 1 hour: Upp Paya Lebar Service Rd (Lim Teck Boo Rd to Rochdale Rd);
Jln Lokam (near Upp Paya Lebar Rd);
Thrift Dr (near Jln Usaha); [14:03 hours]",4/13/2025,"Upp Paya Lebar Service Rd (Lim Teck Boo Rd to Rochdale Rd);
Jln Lokam (near Upp Paya Lebar Rd);
Thrift Dr (near Jln Usaha);",flash_flood_risk,lim teck boo Road,rochdale Road,Upper Paya Lebar Service Road,Upper Paya Lebar Service Road (lim teck boo Road to rochdale Road),1.3422987,103.8844939,534878,1.3433183,103.8835973,535823,HOUGANG,000011,TAI SENG,000202,LIM TECK BOO ROAD,000481,HOUGANG,000011,TAI SENG,000202,ROCHDALE ROAD,014305
275,"[FLASH FLOOD OCCURRED]  

Flash flood at Punggol Way (Slip Rd to TPE). Please avoid the area. PUB officers have been deployed to render assistance. Issued 1357 hours.",4/13/2025,Punggol Way (Slip Rd to TPE),flash_flood,slip Road,Tampines Expressway,Punggol Way,Punggol Way (slip Road to Tampines Expressway),1.385923,103.7570677,671634,1.3704809,103.9415043,519961,BUKIT PANJANG,000005,SENJA,000247,WOODLANDS ROAD,000007,TAMPINES,000047,TAMPINES NORTH,000169,TAMPINES EXPRESSWAY,000120
282,"[Risk of Flash Floods]

Due to heavy rain, please avoid this location for the next 1 hour: Yishun Avenue 7 [13:39 hours]",4/13/2025,Yishun Avenue 7,flash_flood_risk,Yishun Avenue 7,,,Yishun Avenue 7,1.4380871,103.8326446,760175,,,,YISHUN,000055,YISHUN WEST,000316,YISHUN AVENUE 7,001045,,,,,,
281,"[Risk of Flash Floods]

Due to heavy rain, please avoid this location for the next 1 hour: Junction of Yishun Ave 2 and Yishun Ave 5 [13:49 hours]",4/13/2025,Junction of Yishun Ave 2 and Yishun Ave 5,flash_flood_risk,yishun Avenue 2,yishun Avenue 5,,yishun Avenue 2 and yishun Avenue 5,1.4371108,103.8337382,760170,1.4304259,103.8315094,760145,YISHUN,000055,NORTHLAND,000320,YISHUN AVENUE 2,010598,YISHUN,000055,YISHUN WEST,000316,YISHUN AVENUE 5,003976
279,"[Risk of Flash Floods]

Due to heavy rain, please avoid this location for the next 1 hour: KPE(ECP) after Buangkok East Dr Exit [13:53 hours]",4/13/2025,KPE(ECP) after Buangkok East Dr Exit,flash_flood_risk,Kallang-Paya Lebar Expressway East Coast Parkway after Buangkok East Drive Slip,,,Kallang-Paya Lebar Expressway East Coast Parkway after Buangkok East Drive Slip,1.375612,103.91004,535191,,,,PAYA LEBAR,000054,PAYA LEBAR WEST,000229,BUANGKOK EAST DRIVE,040289,,,,,,
278,"[Risk of Flash Floods]

Due to heavy rain, please avoid this location for the next 1 hour: TPE Slip Rd towards Punggol Rd [13:56 hours]",4/13/2025,TPE Slip Rd towards Punggol Rd,flash_flood_risk,Tampines Expressway Slip Road,Punggol Road,,Tampines Expressway Slip Road to Punggol Road,1.366923,103.801292,678278,1.4012946,103.9055736,821296,CENTRAL WATER CATCHMENT,000007,CENTRAL WATER CATCHMENT,000294,RIFLE RANGE ROAD,045624,PUNGGOL,000016,MATILDA,000275,PUNGGOL ROAD,014788
280,"[Risk of Flash Floods]

Due to heavy rain, please avoid this location for the next 1 hour: TPE (Punggol West Flyover) [13:51 hours]",4/13/2025,TPE (Punggol West Flyover),flash_flood_risk,Tampines Expressway Punggol West Flyover,,,Tampines Expressway Punggol West Flyover,1.379707,103.915978,533760,,,,PAYA LEBAR,000054,PAYA LEBAR WEST,000229,TAMPINES ROAD,000095,,,,,,
277,"[FLASH FLOOD OCCURRED]  

Flash flood at Yishun Avenue 7. Please avoid the area. PUB officers have been deployed to render assistance. Issued 1350 hours.",4/13/2025,Yishun Avenue 7,flash_flood,Yishun Avenue 7,,,Yishun Avenue 7,1.4380871,103.8326446,760175,,,,YISHUN,000055,YISHUN WEST,000316,YISHUN AVENUE 7,001045,,,,,,
265,"[Risk of Flash Floods]

Due to heavy rain, please avoid this location for the next 1 hour: Yishun Ave 7 (near intersection of Yishun St 22) [16:28 hours]",4/15/2025,Yishun Ave 7 (near intersection of Yishun St 22),flash_flood_risk,Yishun Avenue 7 near intersection of Yishun Street 22,,,Yishun Avenue 7 near intersection of Yishun Street 22,1.366923,103.801292,678278,,,,CENTRAL WATER CATCHMENT,000007,CENTRAL WATER CATCHMENT,000294,RIFLE RANGE ROAD,045624,,,,,,
264,"[FLASH FLOOD OCCURRED]  

Flash flood at Yishun Avenue 7 (near intersection of Yishun St 22). Please avoid the area. PUB officers have been deployed to render assistance. Issued 1635 hours.",4/15/2025,Yishun Avenue 7 (near intersection of Yishun St 22),flash_flood,Yishun Avenue 7 near intersection of Yishun Street 22,,,Yishun Avenue 7 near intersection of Yishun Street 22,1.366923,103.801292,678278,,,,CENTRAL WATER CATCHMENT,000007,CENTRAL WATER CATCHMENT,000294,RIFLE RANGE ROAD,045624,,,,,,
262,"[Risk of Flash Floods]

Due to heavy rain, please avoid this location for the next 1 hour: TPE (Punggol West Flyover) [16:55 hours]",4/15/2025,TPE (Punggol West Flyover),flash_flood_risk,Tampines Expressway Punggol West Flyover,,,Tampines Expressway Punggol West Flyover,1.379707,103.915978,533760,,,,PAYA LEBAR,000054,PAYA LEBAR WEST,000229,TAMPINES ROAD,000095,,,,,,
245,"[Risk of Flash Floods]

Due to heavy rain, please avoid this location for the next 1 hour: Alexandra Rd (opp Alexis Condo) [17:19 hours]",4/20/2025,Alexandra Rd (opp Alexis Condo),flash_flood_risk,Alexandra Road opp Alexis Condo,,,Alexandra Road opp Alexis Condo,1.366923,103.801292,678278,,,,CENTRAL WATER CATCHMENT,000007,CENTRAL WATER CATCHMENT,000294,RIFLE RANGE ROAD,045624,,,,,,
244,"[Risk of Flash Floods]

Due to heavy rain, please avoid this location for the next 1 hour: Jln Pokok Serunai [17:19 hours]",4/20/2025,Jln Pokok Serunai,flash_flood_risk,Jalan Pokok Serunai,,,Jalan Pokok Serunai,1.3143531,103.9363658,466433,,,,BEDOK,000001,BAYSHORE,000136,JALAN POKOK SERUNAI,041115,,,,,,
243,"[FLASH FLOOD OCCURRED]  

Flash flood at Kings Rd (between Prince Rd and Lutheran Rd). Please avoid the area. PUB officers have been deployed to render assistance. Issued 17:05 hours.",4/20/2025,Kings Rd (between Prince Rd and Lutheran Rd),flash_flood,prince Road,lutheran Road,Kings Road,Kings Road (prince Road to lutheran Road),1.3209988,103.8095728,266748,1.3220164,103.8098766,268070,BUKIT TIMAH,000006,CORONATION ROAD,000148,PRINCE ROAD,006606,BUKIT TIMAH,000006,CORONATION ROAD,000148,LUTHERAN ROAD,013939
241,"[FLASH FLOOD OCCURRED]

Flash flood at Coronation Walk. Please avoid the area. PUB officers have been deployed to render assistance. Issued 1735 hours.",4/20/2025,Coronation Walk,flash_flood,Coronation Walk,,,Coronation Walk,1.3239188,103.8095468,269212,,,,BUKIT TIMAH,000006,CORONATION ROAD,000148,CORONATION WALK,013639,,,,,,
246,"[Risk of Flash Floods]

Due to heavy rain, please avoid this location for the next 1 hour: Junction of Boon Lay Way and Corporation Rd [17:17 hours]",4/20/2025,Junction of Boon Lay Way and Corporation Rd,flash_flood_risk,boon lay way,corporation Road,,boon lay way and corporation Road,1.340203,103.7089227,642697,1.3308794,103.721094,619978,JURONG WEST,000013,KIAN TECK,000105,BOON LAY WAY,027335,BOON LAY,000002,TUKANG,000147,CORPORATION ROAD,007813
242,"[FLASH FLOOD OCCURRED]

Flash flood at Junction of Stevens Road and Balmoral Road. Please avoid the area. PUB officers have been deployed to render assistance. Issued 1720 hours.",4/20/2025,Junction of Stevens Road and Balmoral Road,flash_flood,stevens road,balmoral road,,stevens road and balmoral road,1.3178998,103.8258621,257892,1.3165606,103.8342843,259811,TANGLIN,000048,NASSIM,000134,STEVENS ROAD,013534,NEWTON,000044,GOODWOOD PARK,000125,BALMORAL ROAD,024345
247,"[Risk of Flash Floods]

Due to heavy rain, please avoid this location for the next 1 hour: KG Java Rd (Newton Circus to CTE) [17:15 hours]",4/20/2025,KG Java Rd (Newton Circus to CTE),flash_flood_risk,newton circus,Central Expressway,Kampong Java Road,Kampong Java Road (newton circus to Central Expressway),1.312812,103.8390316,228234,1.321741,103.856535,320095,NEWTON,000044,NEWTON CIRCUS,000108,BUKIT TIMAH ROAD,014359,KALLANG,000022,BENDEMEER,000174,JALAN KEBUN LIMAU,009825
251,"[Risk of Flash Floods]

Due to heavy rain, please avoid this location for the next 1 hour: Cambridge Rd;
Carlisle Rd; [17:12 hours]",4/20/2025,"Cambridge Rd;
Carlisle Rd;",flash_flood_risk,Cambridge Road Carlisle Road,,,Cambridge Road Carlisle Road,1.313642,103.848075,219606,,,,KALLANG,000022,KAMPONG JAVA,000129,CARLISLE ROAD,015200,,,,,,
249,"[FLASH FLOOD OCCURRED]  

Flash flood at Bt Timah Rd (between Clementi Rd and Blackmore Dr). Please avoid the area. PUB officers have been deployed to render assistance. Issued 17:05 hours.",4/20/2025,Bt Timah Rd (between Clementi Rd and Blackmore Dr),flash_flood,clementi Road,blackmore Drive,Bukit Timah Road,Bukit Timah Road (clementi Road to blackmore Drive),1.3268641,103.7757811,599477,1.3356733,103.7836073,599987,BUKIT TIMAH,000006,ANAK BUKIT,000152,CLEMENTI ROAD,002329,BUKIT TIMAH,000006,HOLLAND ROAD,000098,BLACKMORE DRIVE,016789
250,"[Risk of Flash Floods]

Due to heavy rain, please avoid this location for the next 1 hour: Orchard Rd (Paterson Rd to Mt Elizabeth) [17:13 hours]",4/20/2025,Orchard Rd (Paterson Rd to Mt Elizabeth),flash_flood_risk,paterson Road,mt elizabeth,Orchard Road,Orchard Road (paterson Road to mt elizabeth),1.3019737,103.8297013,238520,1.3048854,103.8358774,229920,RIVER VALLEY,000034,PATERSON,000049,PATERSON ROAD,021870,NEWTON,000044,CAIRNHILL,000056,MOUNT ELIZABETH,052212
252,"[Risk of Flash Floods]

Due to heavy rain, please avoid this location for the next 1 hour: Junction of Sunset Dr and Sunset Way Rd [17:06 hours]",4/20/2025,Junction of Sunset Dr and Sunset Way Rd,flash_flood_risk,sunset Drive,sunset way Road,,sunset Drive and sunset way Road,1.3255969,103.7665223,597299,1.3139784,103.8871279,389509,CLEMENTI,000010,SUNSET WAY,000151,SUNSET DRIVE,044330,GEYLANG,000053,ALJUNIED,000301,GEYLANG ROAD,002661
254,"[Risk of Flash Floods]

Due to heavy rain, please avoid this location for the next 1 hour: Thomson Rd (Balestier Rd to Novena Rise) [17:02 hours]",4/20/2025,Thomson Rd (Balestier Rd to Novena Rise),flash_flood_risk,balestier Road,novena rise,Thomson Road,Thomson Road (balestier Road to novena rise),1.3265878,103.8430003,329900,1.3242731,103.8429008,307516,NOVENA,000025,BALESTIER,000175,JALAN DATOH,025845,NOVENA,000025,BALESTIER,000175,NOVENA RISE,038449
255,"[Risk of Flash Floods]

Due to heavy rain, please avoid this location for the next 1 hour: Junction of Toa Payoh Lor 1 and Toa Payoh Lor 2
 [17:00 hours]",4/20/2025,Junction of Toa Payoh Lor 1 and Toa Payoh Lor 2,flash_flood_risk,toa payoh Lorong 1,toa payoh Lorong 2,,toa payoh Lorong 1 and toa payoh Lorong 2,1.33961615,103.85337221643714,310001,1.3325257499999998,103.8473864759364,310157,TOA PAYOH,000029,LORONG 8 TOA PAYOH,000194,LORONG 8 TOA PAYOH,009227,TOA PAYOH,000029,TOA PAYOH CENTRAL,000096,LORONG 2 TOA PAYOH,022434
256,"[Risk of Flash Floods]

Due to heavy rain, please avoid this location for the next 1 hour: Junction of Lor Kismis and Toh Tuck Rise [17:00 hours]",4/20/2025,Junction of Lor Kismis and Toh Tuck Rise,flash_flood_risk,Lorong kismis,toh tuck rise,,Lorong kismis and toh tuck rise,1.3380857,103.7704357,596490,1.3366283,103.7645733,598098,BUKIT TIMAH,000006,ANAK BUKIT,000152,LORONG KISMIS,002390,BUKIT TIMAH,000006,ANAK BUKIT,000152,LORONG KISMIS,002390
257,"[Risk of Flash Floods]

Due to heavy rain, please avoid this location for the next 1 hour: Eng Kong Pl (Greenridge Cres to Eng Kong Gdn) [16:56 hours]",4/20/2025,Eng Kong Pl (Greenridge Cres to Eng Kong Gdn),flash_flood_risk,greenridge Crescent,eng kong gdn,Eng Kong Place,Eng Kong Place (greenridge Crescent to eng kong gdn),1.3336062,103.7662483,598909,1.33712705,103.76904268077236,596463,BUKIT TIMAH,000006,ANAK BUKIT,000152,GREENRIDGE CRESCENT,040344,BUKIT TIMAH,000006,ANAK BUKIT,000152,UPPER TOH TUCK TERRACE,046577
258,"[Risk of Flash Floods]

Due to heavy rain, please avoid this location for the next 1 hour: Upp Paya Lebar Service Rd (Lim Teck Boo Rd to Rochdale Rd);
Jln Lokam (near Upp Paya Lebar Rd);
Thrift Dr (near Jln Usaha); [16:48 hours]",4/20/2025,"Upp Paya Lebar Service Rd (Lim Teck Boo Rd to Rochdale Rd);
Jln Lokam (near Upp Paya Lebar Rd);
Thrift Dr (near Jln Usaha);",flash_flood_risk,lim teck boo Road,rochdale Road,Upper Paya Lebar Service Road,Upper Paya Lebar Service Road (lim teck boo Road to rochdale Road),1.3422987,103.8844939,534878,1.3433183,103.8835973,535823,HOUGANG,000011,TAI SENG,000202,LIM TECK BOO ROAD,000481,HOUGANG,000011,TAI SENG,000202,ROCHDALE ROAD,014305
259,"[Risk of Flash Floods]

Due to heavy rain, please avoid this location for the next 1 hour: KPE(ECP) after Buangkok East Dr Exit [16:36 hours]",4/20/2025,KPE(ECP) after Buangkok East Dr Exit,flash_flood_risk,Kallang-Paya Lebar Expressway East Coast Parkway after Buangkok East Drive Slip,,,Kallang-Paya Lebar Expressway East Coast Parkway after Buangkok East Drive Slip,1.375612,103.91004,535191,,,,PAYA LEBAR,000054,PAYA LEBAR WEST,000229,BUANGKOK EAST DRIVE,040289,,,,,,
248,"[Risk of Flash Floods]

Due to heavy rain, please avoid this location for the next 1 hour: Junction of Stevens Rd and Balmoral Rd [17:14 hours]",4/20/2025,Junction of Stevens Rd and Balmoral Rd,flash_flood_risk,stevens Road,balmoral Road,,stevens Road and balmoral Road,1.3178998,103.8258621,257892,1.3165606,103.8342843,259811,TANGLIN,000048,NASSIM,000134,STEVENS ROAD,013534,NEWTON,000044,GOODWOOD PARK,000125,BALMORAL ROAD,024345
253,"[Risk of Flash Floods]

Due to heavy rain, please avoid this location for the next 1 hour: Hillcrest Rd (Watten Rise to Dunearn Rd) [17:02 hours]",4/20/2025,Hillcrest Rd (Watten Rise to Dunearn Rd),flash_flood_risk,watten rise,dunearn Road,Hillcrest Road,Hillcrest Road (watten rise to dunearn Road),1.3285739,103.8094744,287367,1.332195,103.7947496,279886,BUKIT TIMAH,000006,HILLCREST,000191,WATTEN RISE,003463,BUKIT TIMAH,000006,SWISS CLUB,000153,BUKIT TIMAH ROAD,014700
235,"[FLASH FLOOD OCCURRED]  

Flash flood at Yishun Ave 7 (near intersection of Yishun St 22). Please avoid the area. PUB officers have been deployed to render assistance. Issued 15:30 hours.",4/21/2025,Yishun Ave 7 (near intersection of Yishun St 22),flash_flood,Yishun Avenue 7 near intersection of Yishun Street 22,,,Yishun Avenue 7 near intersection of Yishun Street 22,1.366923,103.801292,678278,,,,CENTRAL WATER CATCHMENT,000007,CENTRAL WATER CATCHMENT,000294,RIFLE RANGE ROAD,045624,,,,,,
236,"[Risk of Flash Floods]

Due to heavy rain, please avoid this location for the next 1 hour: Yishun Ave 7 (near intersection of Yishun St 22) [15:18 hours]",4/21/2025,Yishun Ave 7 (near intersection of Yishun St 22),flash_flood_risk,Yishun Avenue 7 near intersection of Yishun Street 22,,,Yishun Avenue 7 near intersection of Yishun Street 22,1.366923,103.801292,678278,,,,CENTRAL WATER CATCHMENT,000007,CENTRAL WATER CATCHMENT,000294,RIFLE RANGE ROAD,045624,,,,,,
232,"[Risk of Flash Floods] 

Due to heavy rain, please avoid this location for the next 1 hour: Riverside Road (near Junction of Riverside Road and Admiralty Road) [Issued 14:40 hours]",4/26/2025,Riverside Road (near Junction of Riverside Road and Admiralty Road),flash_flood_risk,junction of riverside road,admiralty road,Riverside Road,Riverside Road (junction of riverside road and admiralty road),1.366923,103.801292,678278,1.4418389,103.775189,739297,CENTRAL WATER CATCHMENT,000007,CENTRAL WATER CATCHMENT,000294,RIFLE RANGE ROAD,045624,WOODLANDS,000033,WOODLANDS WEST,000322,ADMIRALTY ROAD,002370
230,"[Risk of Flash Floods]

Due to heavy rain, please avoid this location for the next 1 hour: Choa Chu Kang Ave 1 (towards Choa Chu Kang Way, Choa Chu kang Dr to Teck Whye Lane) [17:47 hours]",4/29/2025,"Choa Chu Kang Ave 1 (towards Choa Chu Kang Way, Choa Chu kang Dr to Teck Whye Lane)",flash_flood_risk,"towards choa chu kang way, choa chu kang Drive",teck whye lane,Choa Chu Kang Avenue 1,"Choa Chu Kang Avenue 1 (towards choa chu kang way, choa chu kang Drive to teck whye lane)",1.397513,103.747745,680637,1.3769504,103.7547497,680102,CHOA CHU KANG,000009,YEW TEE,000241,CHOA CHU KANG DRIVE,010053,CHOA CHU KANG,000009,TECK WHYE,000244,TECK WHYE LANE,015512
229,"[Risk of Flash Floods]

Due to heavy rain, please avoid this location for the next 1 hour: KJE Slip Rd (KJE to Woodlands Rd, towards Senja Way) [17:48 hours]",4/29/2025,"KJE Slip Rd (KJE to Woodlands Rd, towards Senja Way)",flash_flood_risk,Kranji Expressway Slip Road Kranji Expressway to Woodlands Road,Senja Way,,Kranji Expressway Slip Road Kranji Expressway to Woodlands Road to Senja Way,1.366923,103.801292,678278,1.3838523,103.7589849,672632,CENTRAL WATER CATCHMENT,000007,CENTRAL WATER CATCHMENT,000294,RIFLE RANGE ROAD,045624,BUKIT PANJANG,000005,SENJA,000247,SENJA WAY,000020
228,"[Risk of Flash Floods]

Due to heavy rain, please avoid this location for the next 1 hour: Junction of Toa Payoh Lor 1 and Toa Payoh Lor 2
 [17:15 hours]",4/30/2025,Junction of Toa Payoh Lor 1 and Toa Payoh Lor 2,flash_flood_risk,toa payoh Lorong 1,toa payoh Lorong 2,,toa payoh Lorong 1 and toa payoh Lorong 2,1.33961615,103.85337221643714,310001,1.3325257499999998,103.8473864759364,310157,TOA PAYOH,000029,LORONG 8 TOA PAYOH,000194,LORONG 8 TOA PAYOH,009227,TOA PAYOH,000029,TOA PAYOH CENTRAL,000096,LORONG 2 TOA PAYOH,022434
227,"[Risk of Flash Floods]

Due to heavy rain, please avoid this location for the next 1 hour: Junction of Toa Payoh Lor 1 and Toa Payoh Lor 2
 [15:52 hours]",5/1/2025,Junction of Toa Payoh Lor 1 and Toa Payoh Lor 2,flash_flood_risk,toa payoh Lorong 1,toa payoh Lorong 2,,toa payoh Lorong 1 and toa payoh Lorong 2,1.33961615,103.85337221643714,310001,1.3325257499999998,103.8473864759364,310157,TOA PAYOH,000029,LORONG 8 TOA PAYOH,000194,LORONG 8 TOA PAYOH,009227,TOA PAYOH,000029,TOA PAYOH CENTRAL,000096,LORONG 2 TOA PAYOH,022434
226,"[Risk of Flash Floods]

Due to heavy rain, please avoid this location for the next 1 hour: Lor Gambir
 [16:08 hours]",5/1/2025,Lor Gambir,flash_flood_risk,Lorong Gambir,,,Lorong Gambir,1.3461999,103.8744676,536652,,,,SERANGOON,000021,UPPER PAYA LEBAR,000201,JALAN LABU AYER,015356,,,,,,
224,"[Risk of Flash Floods]

Due to heavy rain, please avoid this location for the next 1 hour: Upp Paya Lebar Service Rd (Lim Teck Boo Rd to Rochdale Rd);
Jln Lokam (near Upp Paya Lebar Rd);
Thrift Dr (near Jln Usaha); [08:12 hours]",5/3/2025,"Upp Paya Lebar Service Rd (Lim Teck Boo Rd to Rochdale Rd);
Jln Lokam (near Upp Paya Lebar Rd);
Thrift Dr (near Jln Usaha);",flash_flood_risk,lim teck boo Road,rochdale Road,Upper Paya Lebar Service Road,Upper Paya Lebar Service Road (lim teck boo Road to rochdale Road),1.3422987,103.8844939,534878,1.3433183,103.8835973,535823,HOUGANG,000011,TAI SENG,000202,LIM TECK BOO ROAD,000481,HOUGANG,000011,TAI SENG,000202,ROCHDALE ROAD,014305
218,"[FLASH FLOOD OCCURRED]  

Flash flood at Woollerton Drive. Please avoid the area. PUB officers have been deployed to render assistance. Issued 1405 hours.",5/5/2025,Woollerton Drive,flash_flood,Woollerton Drive,,,Woollerton Drive,1.3174547,103.8099872,257555,,,,TANGLIN,000048,TYERSALL,000139,WOOLLERTON DRIVE,047984,,,,,,
219,"[FLASH FLOOD OCCURRED]  

Flash flood at King's Road (from Prince Road to Lutheran Road). Please avoid the area. PUB officers have been deployed to render assistance. Issued 1400 hours.",5/5/2025,King's Road (from Prince Road to Lutheran Road),flash_flood,prince road,lutheran road,King s Road,King s Road (prince road to lutheran road),1.3209988,103.8095728,266748,1.3220164,103.8098766,268070,BUKIT TIMAH,000006,CORONATION ROAD,000148,PRINCE ROAD,006606,BUKIT TIMAH,000006,CORONATION ROAD,000148,LUTHERAN ROAD,013939
220,"[Risk of Flash Floods]

Due to heavy rain, please avoid this location for the next 1 hour: Woollerton Drive [Issued 13:58 hours]",5/5/2025,Woollerton Drive,flash_flood_risk,Woollerton Drive,,,Woollerton Drive,1.3174547,103.8099872,257555,,,,TANGLIN,000048,TYERSALL,000139,WOOLLERTON DRIVE,047984,,,,,,
221,"[Risk of Flash Floods]

Due to heavy rain, please avoid this location for the next 1 hour: Queen's Rd [13:56 hours]",5/5/2025,Queen's Rd,flash_flood_risk,Queen s Road,,,Queen s Road,1.3217094,103.8102837,267746,,,,BUKIT TIMAH,000006,CORONATION ROAD,000148,QUEEN'S ROAD,037350,,,,,,
222,"[Risk of Flash Floods]

Due to heavy rain, please avoid this location for the next 1 hour: Kings Road (from Prince Road to Lutheran Rd) [Issued 13:20 hours]",5/5/2025,Kings Road (from Prince Road to Lutheran Rd),flash_flood_risk,prince road,lutheran Road,Kings Road,Kings Road (prince road to lutheran Road),1.3209988,103.8095728,266748,1.3220164,103.8098766,268070,BUKIT TIMAH,000006,CORONATION ROAD,000148,PRINCE ROAD,006606,BUKIT TIMAH,000006,CORONATION ROAD,000148,LUTHERAN ROAD,013939
223,"[Risk of Flash Floods]

Due to heavy rain, please avoid this location for the next 1 hour: Margaret Drive [Issued 13:12 hours]",5/5/2025,Margaret Drive,flash_flood_risk,Margaret Drive,,,Margaret Drive,1.3001247,103.8030061,149312,,,,QUEENSTOWN,000017,MARGARET DRIVE,000086,MARGARET DRIVE,013294,,,,,,
215,"[Risk of Flash Floods] 

Due to heavy rain, please avoid this location for the next 1 hour: Jln Boon Lay (Enterprise Rd to International Rd) [Issued 07:30 hours]",5/7/2025,Jln Boon Lay (Enterprise Rd to International Rd),flash_flood_risk,enterprise Road,international Road,Jalan Boon Lay,Jalan Boon Lay (enterprise Road to international Road),1.3333182,103.7026361,627667,1.3303924,103.716687,618680,JURONG WEST,000013,KIAN TECK,000105,ENTERPRISE ROAD,048331,JURONG WEST,000013,CHIN BEE,000193,THIRD CHIN BEE ROAD,003283
200,"[Risk of Flash Floods]

Due to heavy rain, please avoid this location for the next 1 hour: Lor H Telok Kurau (cul-de-sac);
Joo Chiat Ave(cul-de-sac) [04:18 hours]",5/10/2025,"Lor H Telok Kurau (cul-de-sac);
Joo Chiat Ave(cul-de-sac)",flash_flood_risk,Lorong H Telok Kurau cul-de-sac Joo Chiat Avenue cul-de-sac,,,Lorong H Telok Kurau cul-de-sac Joo Chiat Avenue cul-de-sac,1.366923,103.801292,678278,,,,CENTRAL WATER CATCHMENT,000007,CENTRAL WATER CATCHMENT,000294,RIFLE RANGE ROAD,045624,,,,,,
202,"[Risk of Flash Floods]

Due to heavy rain, please avoid this location for the next 1 hour: KG Java Rd (Newton Circus to CTE) [04:08 hours]",5/10/2025,KG Java Rd (Newton Circus to CTE),flash_flood_risk,newton circus,Central Expressway,Kampong Java Road,Kampong Java Road (newton circus to Central Expressway),1.312812,103.8390316,228234,1.321741,103.856535,320095,NEWTON,000044,NEWTON CIRCUS,000108,BUKIT TIMAH ROAD,014359,KALLANG,000022,BENDEMEER,000174,JALAN KEBUN LIMAU,009825
203,"[Risk of Flash Floods]

Due to heavy rain, please avoid this location for the next 1 hour: East Coast Rd [04:07 hours]",5/10/2025,East Coast Rd,flash_flood_risk,East Coast Road,,,East Coast Road,1.3065136,103.9057043,428877,,,,MARINE PARADE,000039,KATONG,000072,TEMBELING ROAD,003360,,,,,,
204,"[Risk of Flash Floods]

Due to heavy rain, please avoid this location for the next 1 hour: Puay Hee Ave (near Siak Kew Ave);
 [04:04 hours]",5/10/2025,Puay Hee Ave (near Siak Kew Ave);,flash_flood_risk,Puay Hee Avenue near Siak Kew Avenue,,,Puay Hee Avenue near Siak Kew Avenue,1.330209,103.871778,348072,,,,TOA PAYOH,000029,SENNETT,000100,SIAK KEW AVENUE,025775,,,,,,
205,"[Risk of Flash Floods]

Due to heavy rain, please avoid this location for the next 1 hour: Cambridge Rd;
Carlisle Rd; [04:03 hours]",5/10/2025,"Cambridge Rd;
Carlisle Rd;",flash_flood_risk,Cambridge Road Carlisle Road,,,Cambridge Road Carlisle Road,1.313642,103.848075,219606,,,,KALLANG,000022,KAMPONG JAVA,000129,CARLISLE ROAD,015200,,,,,,
206,"[Risk of Flash Floods]

Due to heavy rain, please avoid this location for the next 1 hour: Orchard Rd (Paterson Rd to Mt Elizabeth) [03:59 hours]",5/10/2025,Orchard Rd (Paterson Rd to Mt Elizabeth),flash_flood_risk,paterson Road,mt elizabeth,Orchard Road,Orchard Road (paterson Road to mt elizabeth),1.3019737,103.8297013,238520,1.3048854,103.8358774,229920,RIVER VALLEY,000034,PATERSON,000049,PATERSON ROAD,021870,NEWTON,000044,CAIRNHILL,000056,MOUNT ELIZABETH,052212
201,"[Risk of Flash Floods]

Due to heavy rain, please avoid this location for the next 1 hour: Mountbatten Rd leading to Jln Seaview [04:10 hours]",5/10/2025,Mountbatten Rd leading to Jln Seaview,flash_flood_risk,Mountbatten Road,Jalan Seaview,,Mountbatten Road to Jalan Seaview,1.3028098,103.8996285,439970,1.3008882,103.896421,438386,MARINE PARADE,000039,KATONG,000072,MOUNTBATTEN ROAD,010789,MARINE PARADE,000039,MOUNTBATTEN,000300,JALAN SEAVIEW,009432
208,"[Risk of Flash Floods]

Due to heavy rain, please avoid this location for the next 1 hour: Junction of Toa Payoh Lor 1 and Toa Payoh Lor 2
 [03:56 hours]",5/10/2025,Junction of Toa Payoh Lor 1 and Toa Payoh Lor 2,flash_flood_risk,toa payoh Lorong 1,toa payoh Lorong 2,,toa payoh Lorong 1 and toa payoh Lorong 2,1.33961615,103.85337221643714,310001,1.3325257499999998,103.8473864759364,310157,TOA PAYOH,000029,LORONG 8 TOA PAYOH,000194,LORONG 8 TOA PAYOH,009227,TOA PAYOH,000029,TOA PAYOH CENTRAL,000096,LORONG 2 TOA PAYOH,022434
209,"[Risk of Flash Floods]

Due to heavy rain, please avoid this location for the next 1 hour: Aljunied Rd under PIE Flyover [03:56 hours]",5/10/2025,Aljunied Rd under PIE Flyover,flash_flood_risk,Aljunied Road under Pan Island Expressway Flyover,,,Aljunied Road under Pan Island Expressway Flyover,1.366923,103.801292,678278,,,,CENTRAL WATER CATCHMENT,000007,CENTRAL WATER CATCHMENT,000294,RIFLE RANGE ROAD,045624,,,,,,
210,"[Risk of Flash Floods]

Due to heavy rain, please avoid this location for the next 1 hour: Lor Gambir
 [03:54 hours]",5/10/2025,Lor Gambir,flash_flood_risk,Lorong Gambir,,,Lorong Gambir,1.3461999,103.8744676,536652,,,,SERANGOON,000021,UPPER PAYA LEBAR,000201,JALAN LABU AYER,015356,,,,,,
211,"[Risk of Flash Floods]

Due to heavy rain, please avoid this location for the next 1 hour: Junction of Neo Pee Teck Lane and Pasir Panjang Rd [03:51 hours]",5/10/2025,Junction of Neo Pee Teck Lane and Pasir Panjang Rd,flash_flood_risk,neo pee teck lane,pasir panjang Road,,neo pee teck lane and pasir panjang Road,1.2920468,103.7685915,118759,1.2784095,103.7859948,118135,QUEENSTOWN,000017,PASIR PANJANG 1,000025,PASIR PANJANG ROAD,002207,QUEENSTOWN,000017,PASIR PANJANG 2,000044,PASIR PANJANG ROAD,002191
212,"[Risk of Flash Floods]

Due to heavy rain, please avoid this location for the next 1 hour: Thomson Rd (Balestier Rd to Novena Rise) [03:50 hours]",5/10/2025,Thomson Rd (Balestier Rd to Novena Rise),flash_flood_risk,balestier Road,novena rise,Thomson Road,Thomson Road (balestier Road to novena rise),1.3265878,103.8430003,329900,1.3242731,103.8429008,307516,NOVENA,000025,BALESTIER,000175,JALAN DATOH,025845,NOVENA,000025,BALESTIER,000175,NOVENA RISE,038449
213,"[Risk of Flash Floods]

Due to heavy rain, please avoid this location for the next 1 hour: Jln Boon Lay (Enterprise Rd to International Rd) [03:43 hours]",5/10/2025,Jln Boon Lay (Enterprise Rd to International Rd),flash_flood_risk,enterprise Road,international Road,Jalan Boon Lay,Jalan Boon Lay (enterprise Road to international Road),1.3333182,103.7026361,627667,1.3303924,103.716687,618680,JURONG WEST,000013,KIAN TECK,000105,ENTERPRISE ROAD,048331,JURONG WEST,000013,CHIN BEE,000193,THIRD CHIN BEE ROAD,003283
214,"[Risk of Flash Floods]

Due to heavy rain, please avoid this location for the next 1 hour: Lor Gambir
 [03:42 hours]",5/10/2025,Lor Gambir,flash_flood_risk,Lorong Gambir,,,Lorong Gambir,1.3461999,103.8744676,536652,,,,SERANGOON,000021,UPPER PAYA LEBAR,000201,JALAN LABU AYER,015356,,,,,,
207,"[Risk of Flash Floods]

Due to heavy rain, please avoid this location for the next 1 hour: Queen's Rd [03:57 hours]",5/10/2025,Queen's Rd,flash_flood_risk,Queen s Road,,,Queen s Road,1.3217094,103.8102837,267746,,,,BUKIT TIMAH,000006,CORONATION ROAD,000148,QUEEN'S ROAD,037350,,,,,,
199,"[Risk of Flash Floods]

Due to heavy rain, please avoid this location for the next 1 hour: Jln Boon Lay (Enterprise Rd to International Rd) [11:29 hours]",5/18/2025,Jln Boon Lay (Enterprise Rd to International Rd),flash_flood_risk,enterprise Road,international Road,Jalan Boon Lay,Jalan Boon Lay (enterprise Road to international Road),1.3333182,103.7026361,627667,1.3303924,103.716687,618680,JURONG WEST,000013,KIAN TECK,000105,ENTERPRISE ROAD,048331,JURONG WEST,000013,CHIN BEE,000193,THIRD CHIN BEE ROAD,003283
198,"[Risk of Flash Floods]

Due to heavy rain, please avoid this location for the next 1 hour: Dunearn Rd (Yarwood Ave to Binjai Pk) [12:15 hours]",5/18/2025,Dunearn Rd (Yarwood Ave to Binjai Pk),flash_flood_risk,yarwood Avenue,binjai Park,Dunearn Road,Dunearn Road (yarwood Avenue to binjai Park),1.3375703,103.7839724,588035,1.3404925,103.787472,589871,BUKIT TIMAH,000006,SWISS CLUB,000153,YARWOOD AVENUE,009832,BUKIT TIMAH,000006,SWISS CLUB,000153,BINJAI PARK,002545
197,"[Risk of Flash Floods]

Due to heavy rain, please avoid this location for the next 1 hour: Craig Rd (Duxton Rd to TG Pagar Rd) [03:46 hours]",6/7/2025,Craig Rd (Duxton Rd to TG Pagar Rd),flash_flood_risk,duxton Road,tg pagar Road,Craig Road,Craig Road (duxton Road to tg pagar Road),1.2775364,103.8429301,089667,1.278193,103.843765,088474,OUTRAM,000046,CHINATOWN,000003,DUXTON ROAD,007111,OUTRAM,000046,CHINATOWN,000003,TANJONG PAGAR ROAD,012305
196,"[Risk of Flash Floods]

Due to heavy rain, please avoid this location for the next 1 hour: Lor Gambir
 [03:55 hours]",6/7/2025,Lor Gambir,flash_flood_risk,Lorong Gambir,,,Lorong Gambir,1.3461999,103.8744676,536652,,,,SERANGOON,000021,UPPER PAYA LEBAR,000201,JALAN LABU AYER,015356,,,,,,
195,"[Risk of Flash Floods]

Due to heavy rain, please avoid this location for the next 1 hour: Rowell Rd;
Syed Alwi Rd;
Jln Besar Rd (Veerasamy Rd to Kitchener Rd);
Veerasamy Rd;
Kg Kapor Rd (Hindoo Rd to Kitchener Rd); [03:56 hours]",6/7/2025,"Rowell Rd;
Syed Alwi Rd;
Jln Besar Rd (Veerasamy Rd to Kitchener Rd);
Veerasamy Rd;
Kg Kapor Rd (Hindoo Rd to Kitchener Rd);",flash_flood_risk,veerasamy Road,kitchener Road,Rowell Road Syed Alwi Road Jalan Besar Road,Rowell Road Syed Alwi Road Jalan Besar Road (veerasamy Road to kitchener Road),1.3069003,103.8551773,200637,1.3099242,103.8571424,208524,ROCHOR,000035,LITTLE INDIA,000075,VEERASAMY ROAD,009002,KALLANG,000022,LAVENDER,000117,KITCHENER ROAD,008556
194,"[Risk of Flash Floods]

Due to heavy rain, please avoid this location for the next 1 hour: Upp Paya Lebar Service Rd (Lim Teck Boo Rd to Rochdale Rd);
Jln Lokam (near Upp Paya Lebar Rd);
Thrift Dr (near Jln Usaha); [04:00 hours]",6/7/2025,"Upp Paya Lebar Service Rd (Lim Teck Boo Rd to Rochdale Rd);
Jln Lokam (near Upp Paya Lebar Rd);
Thrift Dr (near Jln Usaha);",flash_flood_risk,lim teck boo Road,rochdale Road,Upper Paya Lebar Service Road,Upper Paya Lebar Service Road (lim teck boo Road to rochdale Road),1.3422987,103.8844939,534878,1.3433183,103.8835973,535823,HOUGANG,000011,TAI SENG,000202,LIM TECK BOO ROAD,000481,HOUGANG,000011,TAI SENG,000202,ROCHDALE ROAD,014305
193,"[Risk of Flash Floods]

Due to heavy rain, please avoid this location for the next 1 hour: Jln Pokok Serunai [04:09 hours]",6/7/2025,Jln Pokok Serunai,flash_flood_risk,Jalan Pokok Serunai,,,Jalan Pokok Serunai,1.3143531,103.9363658,466433,,,,BEDOK,000001,BAYSHORE,000136,JALAN POKOK SERUNAI,041115,,,,,,
191,"[Risk of Flash Floods] 

Due to heavy rain, please avoid this location for the next 1 hour: Riverside Road (near Junction of Riverside Road and Admiralty Road).",6/28/2025,Riverside Road (near Junction of Riverside Road and Admiralty Road).,flash_flood_risk,junction of riverside road,admiralty road,Riverside Road,Riverside Road (junction of riverside road and admiralty road),1.366923,103.801292,678278,1.4418389,103.775189,739297,CENTRAL WATER CATCHMENT,000007,CENTRAL WATER CATCHMENT,000294,RIFLE RANGE ROAD,045624,WOODLANDS,000033,WOODLANDS WEST,000322,ADMIRALTY ROAD,002370
187,"[Risk of Flash Floods]

Due to heavy rain, please avoid this location for the next 1 hour: Jln Pokok Serunai [17:51 hours]",7/4/2025,Jln Pokok Serunai,flash_flood_risk,Jalan Pokok Serunai,,,Jalan Pokok Serunai,1.3143531,103.9363658,466433,,,,BEDOK,000001,BAYSHORE,000136,JALAN POKOK SERUNAI,041115,,,,,,
189,"[Risk of Flash Floods]

Due to heavy rain, please avoid this location for the next 1 hour: Lor Gambir
 [17:23 hours]",7/4/2025,Lor Gambir,flash_flood_risk,Lorong Gambir,,,Lorong Gambir,1.3461999,103.8744676,536652,,,,SERANGOON,000021,UPPER PAYA LEBAR,000201,JALAN LABU AYER,015356,,,,,,
188,"[Risk of Flash Floods]

Due to heavy rain, please avoid this location for the next 1 hour: Lor Gambir
 [17:51 hours]",7/4/2025,Lor Gambir,flash_flood_risk,Lorong Gambir,,,Lorong Gambir,1.3461999,103.8744676,536652,,,,SERANGOON,000021,UPPER PAYA LEBAR,000201,JALAN LABU AYER,015356,,,,,,
186,"[Risk of Flash Floods]

Due to heavy rain, please avoid this location for the next 1 hour:   Dunearn Road (between Yarwood Ave and Binjai Park)[Issued 08:13hours]",7/9/2025,Dunearn Road (between Yarwood Ave and Binjai Park)[Issued 08:13hours],flash_flood_risk,yarwood Avenue,binjai park,Dunearn Road,Dunearn Road (yarwood Avenue to binjai park),1.3375703,103.7839724,588035,1.3404925,103.787472,589871,BUKIT TIMAH,000006,SWISS CLUB,000153,YARWOOD AVENUE,009832,BUKIT TIMAH,000006,SWISS CLUB,000153,BINJAI PARK,002545
185,"[Risk of Flash Floods]

Due to heavy rain, please avoid this location for the next 1 hour: Craig Rd (Duxton Rd to TG Pagar Rd) [11:20 hours]",7/21/2025,Craig Rd (Duxton Rd to TG Pagar Rd),flash_flood_risk,duxton Road,tg pagar Road,Craig Road,Craig Road (duxton Road to tg pagar Road),1.2775364,103.8429301,089667,1.278193,103.843765,088474,OUTRAM,000046,CHINATOWN,000003,DUXTON ROAD,007111,OUTRAM,000046,CHINATOWN,000003,TANJONG PAGAR ROAD,012305
184,"[Risk of Flash Floods]

Due to heavy rain, please avoid this location for the next 1 hour: Lor Gambir
 [11:30 hours]",7/21/2025,Lor Gambir,flash_flood_risk,Lorong Gambir,,,Lorong Gambir,1.3461999,103.8744676,536652,,,,SERANGOON,000021,UPPER PAYA LEBAR,000201,JALAN LABU AYER,015356,,,,,,
183,"[Risk of Flash Floods]

Due to heavy rain, please avoid this location for the next 1 hour: Upp Paya Lebar Service Rd (Lim Teck Boo Rd to Rochdale Rd);
Jln Lokam (near Upp Paya Lebar Rd);
Thrift Dr (near Jln Usaha); [11:38 hours]",7/21/2025,"Upp Paya Lebar Service Rd (Lim Teck Boo Rd to Rochdale Rd);
Jln Lokam (near Upp Paya Lebar Rd);
Thrift Dr (near Jln Usaha);",flash_flood_risk,lim teck boo Road,rochdale Road,Upper Paya Lebar Service Road,Upper Paya Lebar Service Road (lim teck boo Road to rochdale Road),1.3422987,103.8844939,534878,1.3433183,103.8835973,535823,HOUGANG,000011,TAI SENG,000202,LIM TECK BOO ROAD,000481,HOUGANG,000011,TAI SENG,000202,ROCHDALE ROAD,014305
182,"[Risk of Flash Floods]

Due to heavy rain, please avoid this location for the next 1 hour: Jln Pokok Serunai [12:00 hours]",7/21/2025,Jln Pokok Serunai,flash_flood_risk,Jalan Pokok Serunai,,,Jalan Pokok Serunai,1.3143531,103.9363658,466433,,,,BEDOK,000001,BAYSHORE,000136,JALAN POKOK SERUNAI,041115,,,,,,
181,"[Risk of Flash Floods]

Due to heavy rain, please avoid this location for the next 1 hour: Jln Boon Lay (Enterprise Rd to International Rd) [07:39hours]",8/3/2025,Jln Boon Lay (Enterprise Rd to International Rd),flash_flood_risk,enterprise Road,international Road,Jalan Boon Lay,Jalan Boon Lay (enterprise Road to international Road),1.3333182,103.7026361,627667,1.3303924,103.716687,618680,JURONG WEST,000013,KIAN TECK,000105,ENTERPRISE ROAD,048331,JURONG WEST,000013,CHIN BEE,000193,THIRD CHIN BEE ROAD,003283
178,"[Risk of Flash Floods]

Due to heavy rain, please avoid this location for the next 1 hour: Mountbatten Rd leading to Jln Seaview [02:08 hours]",8/12/2025,Mountbatten Rd leading to Jln Seaview,flash_flood_risk,Mountbatten Road,Jalan Seaview,,Mountbatten Road to Jalan Seaview,1.3028098,103.8996285,439970,1.3008882,103.896421,438386,MARINE PARADE,000039,KATONG,000072,MOUNTBATTEN ROAD,010789,MARINE PARADE,000039,MOUNTBATTEN,000300,JALAN SEAVIEW,009432
179,"[Risk of Flash Floods]

Due to heavy rain, please avoid this location for the next 1 hour: Junction of TG Pagar Rd and Hoe Chiang Rd [01:48 hours]",8/12/2025,Junction of TG Pagar Rd and Hoe Chiang Rd,flash_flood_risk,tg pagar Road,hoe chiang Road,,tg pagar Road and hoe chiang Road,1.278193,103.843765,088474,1.2740948,103.8423663,089314,OUTRAM,000046,CHINATOWN,000003,TANJONG PAGAR ROAD,012305,DOWNTOWN CORE,000040,ANSON,000033,HOE CHIANG ROAD,001678
177,"[Risk of Flash Floods]

Due to heavy rain, please avoid this location for the next 1 hour: Dunearn Rd (Yarwood Ave to Binjai Pk) [07:21 hours]",8/23/2025,Dunearn Rd (Yarwood Ave to Binjai Pk),flash_flood_risk,yarwood Avenue,binjai Park,Dunearn Road,Dunearn Road (yarwood Avenue to binjai Park),1.3375703,103.7839724,588035,1.3404925,103.787472,589871,BUKIT TIMAH,000006,SWISS CLUB,000153,YARWOOD AVENUE,009832,BUKIT TIMAH,000006,SWISS CLUB,000153,BINJAI PARK,002545
176,"[Risk of Flash Floods] 

Due to heavy rain, please avoid this location for the next 1 hour: Jurong Town Hall Road (towards PIE) before Jurong East Street 11 [Issued 07:43hours]",8/23/2025,Jurong Town Hall Road (towards PIE) before Jurong East Street 11,flash_flood_risk,Jurong Town Hall Road towards Pan Island Expressway,Jurong East Street 11,,Jurong Town Hall Road towards Pan Island Expressway to Jurong East Street 11,1.340929,103.971106,486059,1.3299899,103.7457325,609930,TAMPINES,000047,XILIN,000154,CHANGI SOUTH AVENUE 3,019456,JURONG EAST,000012,INTERNATIONAL BUSINESS PARK,000146,JURONG EAST STREET 11,008629
175,"[FLASH FLOOD OCCURRED]  

Flash flood at Jurong Town Hall Road (towards PIE) before Jurong East Street 11. Please avoid the area. Issued 0749 hours.",8/23/2025,Jurong Town Hall Road (towards PIE) before Jurong East Street 11,flash_flood,Jurong Town Hall Road towards Pan Island Expressway,Jurong East Street 11,,Jurong Town Hall Road towards Pan Island Expressway to Jurong East Street 11,1.340929,103.971106,486059,1.3299899,103.7457325,609930,TAMPINES,000047,XILIN,000154,CHANGI SOUTH AVENUE 3,019456,JURONG EAST,000012,INTERNATIONAL BUSINESS PARK,000146,JURONG EAST STREET 11,008629
173,"[Risk of Flash Floods]

Due to heavy rain, please avoid this location for the next 1 hour:   Dunearn Road (between Yarwood Ave and Binjai Park)[Issued 1347hours]",8/28/2025,Dunearn Road (between Yarwood Ave and Binjai Park)[Issued 1347hours],flash_flood_risk,yarwood Avenue,binjai park,Dunearn Road,Dunearn Road (yarwood Avenue to binjai park),1.3375703,103.7839724,588035,1.3404925,103.787472,589871,BUKIT TIMAH,000006,SWISS CLUB,000153,YARWOOD AVENUE,009832,BUKIT TIMAH,000006,SWISS CLUB,000153,BINJAI PARK,002545
172,"[Risk of Flash Floods]

Due to heavy rain, please avoid this location for the next 1 hour: Yishun Avenue 7 [09:13 hours]",9/5/2025,Yishun Avenue 7,flash_flood_risk,Yishun Avenue 7,,,Yishun Avenue 7,1.4380871,103.8326446,760175,,,,YISHUN,000055,YISHUN WEST,000316,YISHUN AVENUE 7,001045,,,,,,
171,"[Risk of Flash Floods]

Due to heavy rain, please avoid this location for the next 1 hour: Junction of Yishun Ave 2 and Yishun Ave 5 [09:16 hours]",9/5/2025,Junction of Yishun Ave 2 and Yishun Ave 5,flash_flood_risk,yishun Avenue 2,yishun Avenue 5,,yishun Avenue 2 and yishun Avenue 5,1.4371108,103.8337382,760170,1.4304259,103.8315094,760145,YISHUN,000055,NORTHLAND,000320,YISHUN AVENUE 2,010598,YISHUN,000055,YISHUN WEST,000316,YISHUN AVENUE 5,003976
170,"[Risk of Flash Floods]

Due to heavy rain, please avoid this location for the next 1 hour: TPE (Punggol West Flyover) [09:28 hours]",9/5/2025,TPE (Punggol West Flyover),flash_flood_risk,Tampines Expressway Punggol West Flyover,,,Tampines Expressway Punggol West Flyover,1.379707,103.915978,533760,,,,PAYA LEBAR,000054,PAYA LEBAR WEST,000229,TAMPINES ROAD,000095,,,,,,
