planning_area,category,category_norm,composite_score,composite_percentile,composite_rank,importance_label,confidence_label,model_spread,model_std_norm,dominant_model,laggard_model,rank_median,rank_mean,rank_spread,pareto_priority,model_min_norm,model_max_norm,2sfca_norm,2sfca_raw,rank_2sfca,cumulative_norm,cumulative_raw,rank_cumulative,hansen_norm,hansen_raw,rank_hansen
ANG MO KIO,community_spaces,community_spaces,39.966338815793215,85.45454545454545,9.0,Priority for action,Low agreement,60.090664856026144,26.37757361070838,cumulative,hansen,18.0,15.0,11.0,False,2.6441517011955944,62.73481655722174,53.25225998798038,27.95379496818724,8.0,62.73481655722174,640.0833333333334,19.0,2.6441517011955944,84134.65025396642,18.0
ANG MO KIO,education_institutions,education_institutions,38.57941802674866,67.27272727272727,19.0,Priority for action,Low agreement,62.336589117168344,27.31418545053782,cumulative,hansen,20.0,20.333333333333332,9.0,False,0.005316447755772214,62.34190556492412,52.21888395887421,65.19117283479675,16.0,62.34190556492412,211.25,20.0,0.005316447755772214,850.6354775208798,25.0
ANG MO KIO,emergency_services,emergency_services,9.950979074294867,25.454545454545453,42.0,Priority for action,Low agreement,35.31830286636172,15.480872934083425,cumulative,hansen,32.0,22.333333333333332,29.0,True,0.03523248717363746,35.35353535353536,5.739404514871407,2.8697022574357036,32.0,35.35353535353536,2.9166666666666665,32.0,0.03523248717363746,8808.127672572118,3.0
ANG MO KIO,essential_services,essential_services,39.07321723812754,67.27272727272727,19.0,Priority for action,Low agreement,45.69897511618926,20.974584395483546,cumulative,hansen,20.0,19.0,11.0,False,8.342532256830939,54.0415073730202,51.52431217294843,100.32086820362947,20.0,54.0415073730202,164.91666666666666,24.0,8.342532256830939,1334820.2520427415,13.0
ANG MO KIO,transport_services,transport_services,35.995099799066644,52.72727272727272,27.0,Priority for action,Low agreement,46.17661500077353,19.90909388496174,cumulative,hansen,27.0,24.666666666666668,7.0,False,8.42474208149959,54.60135708227312,45.094811516324285,134.52817403789308,20.0,54.60135708227312,434.1666666666667,27.0,8.42474208149959,674223.9714649717,27.0
BEDOK,community_spaces,community_spaces,56.0314299612323,98.18181818181819,2.0,Needs improvement,Low agreement,82.34866726919809,34.16079518593173,2sfca,hansen,13.0,11.666666666666666,18.0,False,4.050518698010279,86.39918596720837,86.39918596720837,45.353664435852245,2.0,58.08340684112516,592.625,20.0,4.050518698010279,128884.04770806202,13.0
BEDOK,education_institutions,education_institutions,62.45574068490072,100.0,1.0,Adequate,Low agreement,97.37257131019646,40.76227455649234,2sfca,hansen,15.0,11.666666666666666,16.0,False,0.2061273875903775,97.57869869778683,97.57869869778683,121.81933679034378,2.0,68.02276559865093,230.5,15.0,0.2061273875903775,32980.53076562288,18.0
BEDOK,emergency_services,emergency_services,16.66417038493414,72.72727272727273,16.0,Priority for action,Low agreement,53.03025227887352,22.688649104165837,cumulative,hansen,19.0,20.666666666666668,29.0,False,5.0751429515542533e-05,53.03030303030303,12.116189106889356,6.058094553444678,7.0,53.03030303030303,4.375,19.0,5.0751429515542533e-05,12.687865847658008,36.0
BEDOK,essential_services,essential_services,60.45921643011408,100.0,1.0,Adequate,Low agreement,96.58550210732216,39.85686774770828,2sfca,hansen,19.0,13.333333333333334,17.0,False,0.04218876589667189,96.62769087321882,96.62769087321882,188.13980103945403,2.0,60.66357181867832,185.125,19.0,0.04218876589667189,6750.2788594502645,19.0
BEDOK,transport_services,transport_services,55.70530740338926,92.72727272727272,5.0,Needs improvement,Low agreement,88.51203772408296,36.638187677255615,2sfca,hansen,22.0,20.0,32.0,False,0.03044019322416064,88.54247791730712,88.54247791730712,235.2103231558578,3.0,57.12468193384224,454.0,22.0,0.03044019322416064,2476.8433607363763,35.0
BISHAN,community_spaces,community_spaces,37.040621802818066,81.81818181818183,11.0,Priority for action,Low agreement,66.77261215196152,28.044624929494436,cumulative,hansen,17.0,22.0,29.0,False,0.005132955686549914,66.77774510764807,47.36706578916496,24.86447045841463,10.0,66.77774510764807,681.3333333333334,17.0,0.005132955686549914,163.32626878469685,39.0
BISHAN,education_institutions,education_institutions,45.19201997422954,87.27272727272727,8.0,Needs improvement,Low agreement,54.642737092703015,22.613017146804797,cumulative,hansen,13.0,11.333333333333334,13.0,False,16.67541917486304,71.31815626756605,51.85152593651483,64.7325552138851,17.0,71.31815626756605,241.66666666666663,13.0,16.67541917486304,2668079.1017403933,4.0
BISHAN,emergency_services,emergency_services,10.853656079017535,40.0,34.0,Priority for action,Low agreement,40.40396668303914,17.883391482185317,cumulative,hansen,28.0,30.333333333333332,9.0,False,7.372100126630349e-05,40.4040404040404,5.545651763818147,2.7728258819090734,36.0,40.4040404040404,3.3333333333333335,28.0,7.372100126630349e-05,18.43026261822698,27.0
BISHAN,essential_services,essential_services,51.563705896496195,85.45454545454545,9.0,Needs improvement,Low agreement,37.32455149091141,15.29642126432509,cumulative,hansen,14.0,12.0,12.0,False,33.347212572441926,70.67176406335334,54.8503786241859,106.79691533592472,17.0,70.67176406335334,215.66666666666663,14.0,33.347212572441926,5335614.333935904,5.0
BISHAN,transport_services,transport_services,33.42645201454778,45.45454545454545,31.0,Priority for action,Low agreement,63.26253250077391,26.244566232650424,cumulative,hansen,25.0,27.333333333333332,21.0,False,0.011428483110744356,63.27396098388465,41.53646254567524,126.28234057079256,25.0,63.27396098388465,502.3333333333333,18.0,0.011428483110744356,955.4468421199384,39.0
BOON LAY,community_spaces,community_spaces,13.34823956926335,18.181818181818183,46.0,Priority for action,Moderate agreement,19.821894161222747,9.105529731119043,cumulative,hansen,46.0,46.333333333333336,5.0,True,0.0007070345040009295,19.822601195726747,18.767014439533604,9.85139924439154,44.0,19.822601195726747,202.25,46.0,0.0007070345040009295,22.497234438064677,49.0
BOON LAY,education_institutions,education_institutions,19.302405138449913,25.454545454545453,42.0,Priority for action,Moderate agreement,28.541016829439084,12.732061003511973,2sfca,hansen,43.0,40.0,9.0,True,0.00034729589399371056,28.54136412533308,28.54136412533308,35.63165009617662,34.0,25.15809443507589,85.25,43.0,0.00034729589399371056,55.56759366395218,43.0
BOON LAY,emergency_services,emergency_services,10.551879254088439,34.54545454545455,37.0,Priority for action,Low agreement,33.333300771792835,14.239814724332636,cumulative,hansen,36.0,31.666666666666668,27.0,True,3.256154049347135e-05,33.33333333333333,7.77040563791925,3.885202818959625,16.0,33.33333333333333,2.75,36.0,3.256154049347135e-05,8.140390556835964,43.0
BOON LAY,essential_services,essential_services,18.46374458040652,25.454545454545453,42.0,Priority for action,Moderate agreement,28.308301951446243,12.07057764963771,2sfca,hansen,44.0,42.333333333333336,7.0,True,0.0005911320148179278,28.30889308346106,28.30889308346106,55.119080920163995,38.0,21.545603495357728,65.75,44.0,0.0005911320148179278,94.58219167971627,45.0
BOON LAY,transport_services,transport_services,49.154905236183176,85.45454545454545,9.0,Needs improvement,Low agreement,39.10337993086514,16.046017429225387,2sfca,hansen,12.0,17.0,23.0,False,25.004973286911543,64.10835321777668,64.10835321777668,178.5886357248058,8.0,47.99618320610687,382.25,31.0,25.004973286911543,2001043.3834634952,12.0
BUKIT BATOK,community_spaces,community_spaces,35.96691836969748,70.9090909090909,17.0,Priority for action,Low agreement,53.48084006934023,23.22342036951149,cumulative,hansen,15.0,16.333333333333332,12.0,False,3.506756171416845,56.98759624075708,47.034744540242016,24.690024527705575,11.0,56.98759624075708,581.4444444444445,23.0,3.506756171416845,111581.9882326297,15.0
BUKIT BATOK,education_institutions,education_institutions,43.015082965969555,78.18181818181819,13.0,Needs improvement,Low agreement,58.53106132085527,26.08747085270396,cumulative,hansen,12.0,14.333333333333334,7.0,False,5.573304427692602,64.10436574854788,57.044436975904404,71.21549654505537,12.0,64.10436574854788,217.22222222222223,19.0,5.573304427692602,891732.7303879282,12.0
BUKIT BATOK,emergency_services,emergency_services,12.56930772824338,49.09090909090909,29.0,Priority for action,Low agreement,44.44439069672883,19.44988092588693,cumulative,hansen,23.0,26.0,13.0,False,5.3747715608442165e-05,44.44444444444444,7.3608054300796155,3.680402715039808,21.0,44.44444444444444,3.6666666666666665,23.0,5.3747715608442165e-05,13.436937870866169,34.0
BUKIT BATOK,essential_services,essential_services,51.33953093204922,81.81818181818183,11.0,Needs improvement,Moderate agreement,26.09150507044469,11.970944052448196,2sfca,hansen,12.0,12.333333333333334,17.0,False,33.366949921211095,59.458454991655785,59.458454991655785,115.76911122631292,12.0,58.00109229929,177.0,21.0,33.366949921211095,5338772.3454422,4.0
BUKIT BATOK,transport_services,transport_services,38.51330396667512,58.18181818181818,24.0,Priority for action,Low agreement,44.6734813633826,19.475200309751276,cumulative,hansen,23.0,22.0,7.0,False,11.164799665738132,55.83828102912073,47.99241572225907,141.2428504040366,18.0,55.83828102912073,443.8888888888889,25.0,11.164799665738132,893494.8337177727,23.0
BUKIT MERAH,community_spaces,community_spaces,27.48273708315883,45.45454545454545,31.0,Priority for action,Low agreement,66.93893897786506,27.44148353917664,cumulative,hansen,29.0,27.333333333333332,21.0,False,0.007922095291031599,66.9468610731561,28.1819764798806,14.79361049643097,37.0,66.9468610731561,683.0588235294117,16.0,0.007922095291031599,252.07431036886396,29.0
BUKIT MERAH,education_institutions,education_institutions,24.461274583964787,32.72727272727273,38.0,Priority for action,Low agreement,57.36789759273165,23.770289875637076,cumulative,hansen,24.0,27.0,23.0,False,2.9559790068120493,60.3238765995437,23.019411124024867,28.737925734364943,40.0,60.3238765995437,204.41176470588235,24.0,2.9559790068120493,472958.7742626163,17.0
BUKIT MERAH,emergency_services,emergency_services,21.62648584483118,89.0909090909091,7.0,Priority for action,Low agreement,89.12633976536898,40.342303997695176,cumulative,hansen,13.0,11.333333333333334,15.0,False,0.0002199494260251743,89.12655971479501,7.602215834088747,3.801107917044373,18.0,89.12655971479501,7.352941176470588,3.0,0.0002199494260251743,54.98739320874,13.0
BUKIT MERAH,essential_services,essential_services,28.560142035743567,36.36363636363637,36.0,Priority for action,Low agreement,57.90795321029285,23.856351194882677,cumulative,hansen,17.0,23.666666666666668,24.0,False,5.895175905908521,63.803129116201376,28.061926881461474,54.63822318996494,39.0,63.803129116201376,194.7058823529412,17.0,5.895175905908521,943238.8088302448,15.0
BUKIT MERAH,transport_services,transport_services,31.7965256333064,38.18181818181819,35.0,Priority for action,Low agreement,56.97564529763545,25.673571536786017,cumulative,hansen,16.0,24.0,26.0,False,17.683836815820626,74.65948211345608,23.118956331737987,83.6030838784072,41.0,74.65948211345608,591.8235294117648,15.0,17.683836815820626,1415175.4382346552,16.0
BUKIT PANJANG,community_spaces,community_spaces,36.09220690070763,74.54545454545455,15.0,Priority for action,Low agreement,45.62543841957806,21.347043297176423,cumulative,hansen,12.0,15.333333333333334,16.0,False,4.499874863629968,50.12531328320803,49.434363569954066,25.9496604262284,9.0,50.12531328320803,511.42857142857144,25.0,4.499874863629968,143182.17735651642,12.0
BUKIT PANJANG,education_institutions,education_institutions,42.0641839515497,74.54545454545455,15.0,Needs improvement,Low agreement,30.352818551145916,13.637384479938078,2sfca,hansen,18.0,17.0,27.0,False,21.436446844127758,51.789265395273674,51.789265395273674,64.65482782108911,18.0,48.693086003372684,165.0,30.0,21.436446844127758,3429846.9646029645,3.0
BUKIT PANJANG,emergency_services,emergency_services,10.334243438550452,32.72727272727273,38.0,Priority for action,Low agreement,34.63190593078755,14.979889368085724,cumulative,hansen,25.0,26.333333333333332,14.0,True,0.00012870124707680972,34.63203463203463,6.815595803538805,3.407797901769403,25.0,34.63203463203463,2.857142857142857,34.0,0.00012870124707680972,32.175333245278594,20.0
BUKIT PANJANG,essential_services,essential_services,41.43918090944564,72.72727272727273,16.0,Needs improvement,Moderate agreement,21.00808515363719,8.597314676482135,2sfca,hansen,21.0,20.666666666666668,29.0,False,28.58075875880479,49.58884391244198,49.58884391244198,96.55239759071137,21.0,40.35265662791605,123.14285714285714,35.0,28.58075875880479,4572973.101633848,6.0
BUKIT PANJANG,transport_services,transport_services,33.221192285629456,41.81818181818181,33.0,Priority for action,Moderate agreement,27.22002237421956,12.65799566517864,2sfca,hansen,24.0,27.0,19.0,False,14.317684115788637,41.5377064900082,41.5377064900082,126.28522318795476,24.0,40.785169029443836,325.57142857142856,38.0,14.317684115788637,1145801.827527957,19.0
BUKIT TIMAH,community_spaces,community_spaces,21.683821539898364,25.454545454545453,42.0,Priority for action,Low agreement,39.15985754337035,16.437569232951688,cumulative,hansen,33.0,33.666666666666664,8.0,True,0.007544201214577417,39.16740174458493,27.69615586123401,14.53858789329582,38.0,39.16740174458493,399.625,33.0,0.007544201214577417,240.05004340220617,30.0
BUKIT TIMAH,education_institutions,education_institutions,25.641075595452357,34.54545454545455,37.0,Priority for action,Low agreement,43.52654929957381,18.66325960990717,cumulative,hansen,36.0,33.666666666666664,11.0,False,0.002118491319957986,43.52866779089376,33.86941297975523,42.28330036917804,27.0,43.52866779089376,147.5,36.0,0.002118491319957986,338.960139995686,38.0
BUKIT TIMAH,emergency_services,emergency_services,8.090777280696527,20.0,45.0,Priority for action,Low agreement,30.302853370404215,13.43060866661075,cumulative,hansen,40.0,33.333333333333336,28.0,True,0.0001769326260895926,30.303030303030305,4.060236280605277,2.0301181403026387,44.0,30.303030303030305,2.5,40.0,0.0001769326260895926,44.23318604673176,16.0
BUKIT TIMAH,essential_services,essential_services,21.332257297961135,27.27272727272727,41.0,Priority for action,Low agreement,33.707726378856435,14.936615784923887,cumulative,hansen,37.0,38.0,5.0,True,0.0033604589371140654,33.71108683779355,29.178063585442583,56.81140704153143,36.0,33.71108683779355,102.875,41.0,0.0033604589371140654,537.679508730101,37.0
BUKIT TIMAH,transport_services,transport_services,18.395046344740535,18.181818181818183,46.0,Priority for action,Low agreement,39.00178801869432,15.941873173466062,cumulative,hansen,42.0,42.666666666666664,6.0,True,0.009026230669545608,39.01081424936387,21.1803512513338,79.11071542794232,46.0,39.01081424936387,311.625,40.0,0.009026230669545608,763.2085595522648,42.0
CENTRAL WATER CATCHMENT,community_spaces,community_spaces,24.924351357451087,32.72727272727273,38.0,Priority for action,Low agreement,36.94788419871408,16.42131082276544,2sfca,hansen,38.0,35.0,21.0,True,0.0016570690401787216,36.949541267754256,36.949541267754256,19.395982461598965,23.0,32.24541801430952,329.0,38.0,0.0016570690401787216,52.72652249077579,44.0
CENTRAL WATER CATCHMENT,education_institutions,education_institutions,15.613741206370355,21.818181818181817,44.0,Priority for action,Moderate agreement,23.082052864684865,10.29995606618673,2sfca,hansen,45.0,43.333333333333336,7.0,True,0.00025265809139432126,23.08230552277626,23.08230552277626,28.816444448448756,39.0,20.36256323777403,69.0,45.0,0.00025265809139432126,40.42547695298577,46.0
CENTRAL WATER CATCHMENT,emergency_services,emergency_services,3.740033304361254,9.090909090909092,51.0,Priority for action,High agreement,12.121207433096723,5.205787276272835,cumulative,hansen,51.0,51.0,2.0,True,4.6881153973112955e-06,12.121212121212121,2.6315789473684212,1.3157894736842106,50.0,12.121212121212121,1.0,51.0,4.6881153973112955e-06,1.1720296316226784,52.0
CENTRAL WATER CATCHMENT,essential_services,essential_services,13.327993221338021,18.181818181818183,46.0,Priority for action,Moderate agreement,20.494771809183664,8.71252808250892,2sfca,hansen,47.0,46.666666666666664,3.0,True,0.0004041486634854357,20.49517595784715,20.49517595784715,39.90531380944626,45.0,15.401419989077006,47.0,47.0,0.0004041486634854357,64.66451722912393,48.0
CENTRAL WATER CATCHMENT,transport_services,transport_services,15.157768829714847,12.727272727272727,49.0,Priority for action,Moderate agreement,22.644463668942432,10.362539213963162,cumulative,hansen,46.0,47.666666666666664,7.0,True,0.0018467636275438814,22.646310432569976,21.255905428225176,79.28579863802908,45.0,22.646310432569976,183.0,46.0,0.0018467636275438814,188.6775942649909,52.0
CHANGI,community_spaces,community_spaces,44.49252632614491,89.0909090909091,7.0,Needs improvement,Low agreement,78.68459418658063,32.75637064976396,2sfca,hansen,42.0,29.666666666666668,39.0,False,0.0017709900865066814,78.68636517666714,78.68636517666714,41.30496094319624,4.0,25.744062203926955,262.6666666666667,43.0,0.0017709900865066814,56.35139294924266,42.0
CHANGI,education_institutions,education_institutions,14.340214214758971,18.181818181818183,46.0,Priority for action,Moderate agreement,22.81712029736356,9.440067460954333,2sfca,hansen,45.0,45.0,6.0,True,0.0002898985043010168,22.81741019586786,22.81741019586786,28.485743450449338,42.0,14.657110736368747,49.666666666666664,48.0,0.0002898985043010168,46.38396989248057,45.0
CHANGI,emergency_services,emergency_services,29.628025301766613,96.36363636363636,3.0,Priority for action,Low agreement,43.094357515219805,19.711373790259664,2sfca,hansen,28.0,23.0,37.0,False,4.8079185790367755e-05,43.09440559440559,43.09440559440559,21.547202797202797,2.0,40.4040404040404,3.3333333333333335,28.0,4.8079185790367755e-05,12.019804470453252,39.0
CHANGI,essential_services,essential_services,16.36775162907326,23.636363636363637,43.0,Priority for action,Moderate agreement,27.448200291425753,11.208235766636564,2sfca,hansen,48.0,45.666666666666664,9.0,True,0.00035900193396038555,27.448559293359715,27.448559293359715,53.443960396901566,40.0,13.216821409066085,40.333333333333336,48.0,0.00035900193396038555,57.44095883842197,49.0
CHANGI,transport_services,transport_services,35.01886638323768,49.09090909090909,29.0,Priority for action,Moderate agreement,24.29745354097477,10.040570092900218,2sfca,cumulative,23.0,26.666666666666668,41.0,False,18.235793044953354,42.533246585928126,42.533246585928126,128.59220822750237,23.0,18.235793044953354,148.33333333333334,49.0,33.68361493760981,2695544.567992621,8.0
CHANGI BAY,community_spaces,community_spaces,2.022625559562699,3.6363636363636362,54.0,Priority for action,High agreement,3.8100098887856606,1.6747468252441498,2sfca,hansen,54.0,54.0,0.0,True,1.0185310468906407e-05,3.8100200740961294,3.8100200740961294,2.0,54.0,0.5880623346074685,6.0,54.0,1.0185310468906407e-05,0.3240878855937145,54.0
CHANGI BAY,education_institutions,education_institutions,0.0,3.6363636363636362,53.0,Priority for action,High agreement,0.0,0.0,2sfca,2sfca,53.0,53.0,0.0,True,0.0,0.0,0.0,0.0,53.0,0.0,0.0,53.0,0.0,0.0,53.0
CHANGI BAY,emergency_services,emergency_services,0.0,2.727272727272727,54.0,Priority for action,High agreement,0.0,0.0,2sfca,2sfca,54.0,54.0,0.0,True,0.0,0.0,0.0,0.0,54.0,0.0,0.0,54.0,0.0,0.0,54.0
CHANGI BAY,essential_services,essential_services,0.0,1.8181818181818181,55.0,Priority for action,High agreement,0.0,0.0,2sfca,2sfca,55.0,55.0,0.0,True,0.0,0.0,0.0,0.0,55.0,0.0,0.0,55.0,0.0,0.0,55.0
CHANGI BAY,transport_services,transport_services,1.000639541040492,1.8181818181818181,55.0,Priority for action,High agreement,2.001279082080984,0.9434120066575019,2sfca,cumulative,55.0,54.666666666666664,1.0,True,0.0,2.001279082080984,2.001279082080984,34.666666666666664,54.0,0.0,5.0,55.0,0.0,40.89184869600123,55.0
CHOA CHU KANG,community_spaces,community_spaces,36.360227372604854,76.36363636363637,14.0,Priority for action,Low agreement,39.169763103941676,17.77355375209963,cumulative,hansen,12.0,15.0,19.0,False,10.505169105539197,49.67493220948087,46.54738039809383,24.43419168028216,12.0,49.67493220948087,506.8333333333333,26.0,10.505169105539197,334265.51440057985,7.0
CHOA CHU KANG,education_institutions,education_institutions,39.73898141845745,69.0909090909091,18.0,Priority for action,Low agreement,57.63766496409801,26.45586015346329,2sfca,hansen,22.0,19.666666666666668,15.0,False,0.02595907663759764,57.663624040735606,57.663624040735606,71.98850293470308,11.0,54.496908375491834,184.66666666666663,26.0,0.02595907663759764,4153.470995299306,22.0
CHOA CHU KANG,emergency_services,emergency_services,14.586592522460428,63.63636363636363,21.0,Priority for action,Low agreement,44.44136137082129,18.847748581436452,cumulative,hansen,10.0,12.333333333333334,19.0,False,0.0030830736231529385,44.44444444444444,11.393557422969186,5.696778711484593,10.0,44.44444444444444,3.6666666666666665,23.0,0.0030830736231529385,770.7689202535212,4.0
CHOA CHU KANG,essential_services,essential_services,37.98380648033657,63.63636363636363,21.0,Priority for action,Low agreement,57.30125105199554,24.849270159455923,2sfca,hansen,18.0,20.333333333333332,13.0,False,0.04714249549039948,57.34839354748594,57.34839354748594,111.66069740932534,15.0,46.47733478973239,141.83333333333334,28.0,0.04714249549039948,7542.884555333166,18.0
CHOA CHU KANG,transport_services,transport_services,42.08106200738095,69.0909090909091,18.0,Needs improvement,Low agreement,38.31417526108737,16.576202522407996,2sfca,hansen,17.0,21.333333333333332,17.0,False,16.764594773421475,55.07877003450884,55.07877003450884,157.66420143780638,15.0,47.561492790500424,378.8333333333333,32.0,16.764594773421475,1341613.8472610472,17.0
CLEMENTI,community_spaces,community_spaces,30.25041883942817,54.54545454545454,26.0,Priority for action,Low agreement,47.403411905446404,21.095837139946365,cumulative,hansen,27.0,23.333333333333332,11.0,False,0.01183633308910252,47.415248238535504,41.52763658358868,21.79916944056548,16.0,47.415248238535504,483.77777777777777,27.0,0.01183633308910252,376.62201616147945,27.0
CLEMENTI,education_institutions,education_institutions,30.887921151137068,49.09090909090909,29.0,Priority for action,Low agreement,40.9264196916599,17.93036070085978,cumulative,hansen,23.0,23.333333333333332,21.0,False,5.569739199102701,46.4961588907626,39.835535226507474,49.73153512746713,23.0,46.4961588907626,157.55555555555554,34.0,5.569739199102701,891162.2912407084,13.0
CLEMENTI,emergency_services,emergency_services,15.43425837232862,67.27272727272727,19.0,Priority for action,Low agreement,53.871830366771846,23.508742517982643,cumulative,hansen,12.0,14.0,6.0,False,0.0002235052820215084,53.87205387205387,9.319561092666476,4.659780546333238,12.0,53.87205387205387,4.444444444444445,18.0,0.0002235052820215084,55.87635780118091,12.0
CLEMENTI,essential_services,essential_services,32.13948949842277,47.27272727272727,30.0,Priority for action,Low agreement,30.876712143851556,14.274515662156603,cumulative,hansen,25.0,23.0,20.0,False,11.140400545025193,42.01711268887675,40.787893594279716,79.41642935165154,25.0,42.01711268887675,128.22222222222223,32.0,11.140400545025193,1782484.2392657914,12.0
CLEMENTI,transport_services,transport_services,42.276138411567864,70.9090909090909,17.0,Needs improvement,Low agreement,32.98609778089598,14.331890037973224,cumulative,hansen,17.0,18.666666666666668,13.0,False,22.230187206381373,55.216284987277355,49.12765050439596,143.87355274289504,17.0,55.216284987277355,439.0,26.0,22.230187206381373,1778993.4017606466,13.0
DOWNTOWN CORE,community_spaces,community_spaces,25.600658109996242,34.54545454545455,37.0,Priority for action,Low agreement,63.68399223041665,27.049955299639734,cumulative,hansen,14.0,22.333333333333332,31.0,False,4.862966054853903,68.54695828527055,20.86475327297192,10.952568683209249,42.0,68.54695828527055,699.3846153846154,14.0,4.862966054853903,154735.4291499399,11.0
DOWNTOWN CORE,education_institutions,education_institutions,23.69559706969953,30.909090909090907,39.0,Priority for action,Low agreement,57.281245762482484,24.044628530990337,cumulative,hansen,22.0,27.666666666666668,29.0,False,3.8518454296306355,61.13309119211312,20.626850404775436,25.75100170341141,45.0,61.13309119211312,207.15384615384616,22.0,3.8518454296306355,616298.0484126962,16.0
DOWNTOWN CORE,emergency_services,emergency_services,20.243319556628258,81.81818181818183,11.0,Priority for action,Low agreement,85.78067661768839,39.06358497777765,cumulative,hansen,14.0,16.666666666666668,22.0,False,0.00020916319737704933,85.78088578088577,6.17415930298378,3.08707965149189,29.0,85.78088578088577,7.076923076923077,7.0,0.00020916319737704933,52.290834246836006,14.0
DOWNTOWN CORE,essential_services,essential_services,28.98340296270522,38.18181818181819,35.0,Priority for action,Low agreement,60.45760912098946,25.3058419024341,cumulative,hansen,16.0,23.666666666666668,27.0,False,7.701866575351335,68.15947569634079,26.08189570166332,50.78298595048758,41.0,68.15947569634079,208.0,16.0,7.701866575351335,1232312.584094857,14.0
DOWNTOWN CORE,transport_services,transport_services,28.37477916130793,29.09090909090909,40.0,Priority for action,Low agreement,71.75629089846024,31.3861872569886,cumulative,hansen,28.0,29.333333333333332,36.0,False,8.03427476996804,79.79056566842827,20.012767193263727,76.4050494628835,48.0,79.79056566842827,632.1538461538462,12.0,8.03427476996804,642977.1449115622,28.0
GEYLANG,community_spaces,community_spaces,50.64960599673144,94.54545454545455,4.0,Needs improvement,Low agreement,88.18543168997749,36.26527029124294,cumulative,hansen,7.0,6.333333333333333,8.0,False,6.33578755926293,94.52121924924042,59.68925175820895,31.33277546962497,7.0,94.52121924924042,964.4,2.0,6.33578755926293,201599.35231438768,10.0
GEYLANG,education_institutions,education_institutions,55.53203137317907,94.54545454545455,4.0,Needs improvement,Low agreement,96.73232728415981,41.0789318918584,cumulative,hansen,3.0,11.333333333333334,27.0,False,0.00460357587393604,96.73693086003374,72.36652825682029,90.34392337377489,3.0,96.73693086003374,327.8,2.0,0.00460357587393604,736.5754619854044,29.0
GEYLANG,emergency_services,emergency_services,23.709557055212983,92.72727272727272,5.0,Priority for action,Low agreement,89.69651380316319,39.84292849285492,cumulative,hansen,8.0,6.333333333333333,7.0,False,0.00045589380651143204,89.6969696969697,11.540052695354174,5.770026347677087,9.0,89.6969696969697,7.4,2.0,0.00045589380651143204,113.97352770179153,8.0
GEYLANG,essential_services,essential_services,60.04522089688062,96.36363636363636,3.0,Adequate,Low agreement,98.95482145915035,42.96262419116758,cumulative,hansen,3.0,11.0,26.0,False,0.007494215344448283,98.9623156744948,80.50101899475665,156.7402217757489,3.0,98.9623156744948,302.0,2.0,0.007494215344448283,1199.0880115264931,28.0
GEYLANG,transport_services,transport_services,64.31022034071322,96.36363636363636,3.0,Adequate,Low agreement,52.986356662816455,21.635752887453567,cumulative,hansen,6.0,6.333333333333333,1.0,False,40.01618786644563,93.00254452926208,67.4097101498542,186.2389363844412,7.0,93.00254452926208,736.0,6.0,40.01618786644563,3202303.5260422016,6.0
HOUGANG,community_spaces,community_spaces,28.905983306310315,49.09090909090909,29.0,Priority for action,Low agreement,50.372939814841274,20.76968171878659,cumulative,hansen,24.0,23.0,11.0,False,3.150533673348478,53.52347348818975,34.51225701333564,18.116574895749423,28.0,53.52347348818975,546.1,24.0,3.150533673348478,100247.292392741,17.0
HOUGANG,education_institutions,education_institutions,53.07656693173118,90.9090909090909,6.0,Needs improvement,Low agreement,84.48294559576671,35.74956681780588,cumulative,hansen,7.0,8.333333333333334,10.0,False,5.0828216892248514,89.56576728499157,67.27713393593082,83.9902145304599,7.0,89.56576728499157,303.5,4.0,5.0828216892248514,813255.1382778066,14.0
HOUGANG,emergency_services,emergency_services,8.933046721458314,21.818181818181817,44.0,Priority for action,Low agreement,32.72721657297818,14.434500954476839,cumulative,hansen,37.0,36.333333333333336,10.0,True,5.615429455047216e-05,32.72727272727273,4.775150659430808,2.387575329715404,41.0,32.72727272727273,2.7,37.0,5.615429455047216e-05,14.03858300795387,31.0
HOUGANG,essential_services,essential_services,58.84798495841255,92.72727272727272,5.0,Needs improvement,Low agreement,63.66249900796072,27.649428122351395,cumulative,hansen,8.0,7.666666666666667,5.0,False,20.193317485758556,83.85581649371927,72.03765282788225,140.26154974736542,5.0,83.85581649371927,255.9,10.0,20.193317485758556,3230967.3257599683,8.0
HOUGANG,transport_services,transport_services,46.7553447944008,83.63636363636363,10.0,Needs improvement,Low agreement,66.41616300055668,27.87205853042644,cumulative,hansen,13.0,16.666666666666668,13.0,False,10.02149603252219,76.43765903307887,56.92272835605674,161.93724305490915,12.0,76.43765903307887,605.8,13.0,10.02149603252219,802002.8975942162,25.0
JURONG EAST,community_spaces,community_spaces,54.762799318263156,96.36363636363636,3.0,Needs improvement,Low agreement,66.70135778449068,29.877789681470958,hansen,2sfca,29.0,20.666666666666668,31.0,False,33.298642215509325,100.0,33.298642215509325,17.479510116969102,29.0,40.56739105254248,413.90909090909093,32.0,100.0,3181914.646422277,1.0
JURONG EAST,education_institutions,education_institutions,27.885648002375348,40.0,34.0,Priority for action,Low agreement,42.87135921449047,19.223230026142065,cumulative,hansen,24.0,26.666666666666668,18.0,False,0.16098786507415747,43.03234707956462,38.461764453880356,48.01649028000813,24.0,43.03234707956462,145.8181818181818,37.0,0.16098786507415747,25758.17458823727,19.0
JURONG EAST,emergency_services,emergency_services,10.15613664252382,30.909090909090907,39.0,Priority for action,Low agreement,35.26043152755767,15.369497662797505,cumulative,hansen,28.0,22.0,28.0,True,0.0012764614230455905,35.26170798898072,6.206824212601527,3.1034121063007634,28.0,35.26170798898072,2.909090909090909,33.0,0.0012764614230455905,319.11556876153065,5.0
JURONG EAST,essential_services,essential_services,29.476275115579348,40.0,34.0,Priority for action,Low agreement,42.11659773497571,19.47427058066214,2sfca,hansen,24.0,24.666666666666668,18.0,False,0.3268494372679312,42.443447172243644,42.443447172243644,82.63988960360938,24.0,40.782483491385726,124.45454545454544,34.0,0.3268494372679312,52296.50120642614,16.0
JURONG EAST,transport_services,transport_services,28.66727834631043,32.72727272727273,38.0,Priority for action,Low agreement,44.95994258145911,19.923231821592083,cumulative,hansen,29.0,30.0,5.0,False,0.2170178626768995,45.17696044413601,39.133561797360315,120.71405045309731,28.0,45.17696044413601,360.09090909090907,33.0,0.2170178626768995,17407.56842773867,29.0
JURONG WEST,community_spaces,community_spaces,21.730402655388538,27.27272727272727,41.0,Priority for action,Low agreement,32.66066785659025,14.88747056749399,cumulative,hansen,33.0,32.666666666666664,9.0,True,0.009461843824661982,32.67012970041491,30.387076324316315,15.951137124402264,33.0,32.67012970041491,333.3333333333333,37.0,0.009461843824661982,301.0677944785214,28.0
JURONG WEST,education_institutions,education_institutions,33.33898982447847,54.54545454545454,26.0,Priority for action,Low agreement,48.529532133254094,22.164148173063484,2sfca,hansen,24.0,26.666666666666668,14.0,False,0.005652097539121685,48.53518423079321,48.53518423079321,60.59236321960176,21.0,45.34851039910062,153.66666666666666,35.0,0.005652097539121685,904.3396850773756,24.0
JURONG WEST,emergency_services,emergency_services,12.742734600077593,50.90909090909091,28.0,Priority for action,Low agreement,41.750595798411965,17.97229845078852,cumulative,hansen,13.0,16.666666666666668,17.0,False,0.0002459524297959755,41.75084175084176,8.784984928360608,4.392492464180304,13.0,41.75084175084176,3.4444444444444446,27.0,0.0002459524297959755,61.48814849050075,10.0
JURONG WEST,essential_services,essential_services,30.424321267098517,45.45454545454545,31.0,Priority for action,Low agreement,45.628557981171845,19.956369133148552,2sfca,hansen,26.0,29.0,15.0,False,0.009549022593228682,45.63810700376507,45.63810700376507,88.86008031353516,23.0,38.01201529219006,116.0,38.0,0.009549022593228682,1527.860888307458,26.0
JURONG WEST,transport_services,transport_services,52.85218731172908,90.9090909090909,6.0,Needs improvement,Low agreement,64.73524556706766,27.261742730353934,2sfca,hansen,21.0,16.333333333333332,16.0,False,11.17257023474222,75.90781580180989,75.90781580180989,205.93176712416223,6.0,57.732541702007346,458.77777777777777,21.0,11.17257023474222,894116.6671330711,22.0
KALLANG,community_spaces,community_spaces,35.60324972901475,69.0909090909091,18.0,Priority for action,Low agreement,90.22968807958341,37.150350568620325,cumulative,hansen,22.0,18.0,22.0,False,0.11411058529729973,90.34379866488071,35.00051364089883,18.37287623698528,27.0,90.34379866488071,921.7777777777778,5.0,0.11411058529729973,3630.9014266929657,22.0
KALLANG,education_institutions,education_institutions,38.29441742648851,65.45454545454545,20.0,Priority for action,Low agreement,69.34509855255848,28.564141643262396,cumulative,hansen,11.0,15.333333333333334,17.0,False,11.121455691398815,80.46655424395729,37.72933974055482,47.10211558535771,26.0,80.46655424395729,272.6666666666667,9.0,11.121455691398815,1779440.936386335,11.0
KALLANG,emergency_services,emergency_services,20.993379531531613,87.27272727272727,8.0,Priority for action,Low agreement,86.19515023833759,38.98372994945378,cumulative,hansen,18.0,14.666666666666666,14.0,False,0.00013595694860130708,86.19528619528619,7.508563010779587,3.7542815053897938,20.0,86.19528619528619,7.111111111111111,6.0,0.00013595694860130708,33.989259837144886,18.0
KALLANG,essential_services,essential_services,58.70788269329721,90.9090909090909,6.0,Needs improvement,Low agreement,42.29821070240461,18.408209803500476,cumulative,2sfca,7.0,10.333333333333334,20.0,False,47.96212062838003,90.26033133078464,47.96212062838003,93.38507161775377,22.0,90.26033133078464,275.44444444444446,7.0,55.582520376500874,8893303.804415273,2.0
KALLANG,transport_services,transport_services,45.71394602674448,78.18181818181819,13.0,Needs improvement,Low agreement,56.52359038838945,26.168883133800897,cumulative,hansen,9.0,15.333333333333334,23.0,False,33.36897393165579,89.89256432004524,35.44948196647739,112.17685834081738,30.0,89.89256432004524,711.5555555555555,7.0,33.36897393165579,2670365.6793909785,9.0
LIM CHU KANG,community_spaces,community_spaces,8.427623083895883,12.727272727272727,49.0,Priority for action,Moderate agreement,15.87498591754701,6.978095640085436,2sfca,hansen,53.0,50.666666666666664,7.0,True,9.772452019400915e-05,15.875083642067203,15.875083642067203,8.333333333333332,46.0,2.4502597275311184,25.0,53.0,9.772452019400915e-05,3.1095108211990734,53.0
LIM CHU KANG,education_institutions,education_institutions,0.0,3.6363636363636362,53.0,Priority for action,High agreement,0.0,0.0,2sfca,2sfca,53.0,53.0,0.0,True,0.0,0.0,0.0,0.0,53.0,0.0,0.0,53.0,0.0,0.0,53.0
LIM CHU KANG,emergency_services,emergency_services,0.0,2.727272727272727,54.0,Priority for action,High agreement,0.0,0.0,2sfca,2sfca,54.0,54.0,0.0,True,0.0,0.0,0.0,0.0,54.0,0.0,0.0,54.0,0.0,0.0,54.0
LIM CHU KANG,essential_services,essential_services,8.348606333286938,12.727272727272727,49.0,Priority for action,Moderate agreement,16.435018769016388,7.597786028095305,2sfca,hansen,53.0,51.0,6.0,True,2.6292472609906456e-05,16.435045061489,16.435045061489,32.0,47.0,0.6553795740032768,2.0,53.0,2.6292472609906456e-05,4.206843178490023,53.0
LIM CHU KANG,transport_services,transport_services,46.241806846851226,80.0,12.0,Needs improvement,Low agreement,90.09118451904702,41.132556431946654,2sfca,hansen,54.0,36.666666666666664,52.0,False,0.00035729268382310935,90.09154181173083,90.09154181173083,238.8,2.0,5.979643765903308,52.0,54.0,0.00035729268382310935,69.48390285908272,54.0
MANDAI,community_spaces,community_spaces,27.127122868430718,41.81818181818181,33.0,Priority for action,Low agreement,43.02035625755283,17.832193840198126,2sfca,hansen,36.0,31.0,27.0,False,0.0052705714037791975,43.025626828956604,43.025626828956604,22.58551188298597,15.0,28.06364141265641,286.3333333333333,42.0,0.0052705714037791975,167.7050834469945,36.0
MANDAI,education_institutions,education_institutions,32.15250147048047,50.90909090909091,28.0,Priority for action,Low agreement,48.483049890008644,21.06636812536762,2sfca,hansen,35.0,32.0,17.0,False,0.0025486500998239867,48.48559854010847,48.48559854010847,60.53045938163181,22.0,39.54468802698145,134.0,39.0,0.0025486500998239867,407.7858551969382,35.0
MANDAI,emergency_services,emergency_services,7.536202247179118,16.363636363636363,47.0,Priority for action,Moderate agreement,24.242395765016724,10.39525798567489,cumulative,hansen,45.0,43.333333333333336,7.0,True,2.8477407519685977e-05,24.242424242424242,5.375417710944028,2.687708855472014,39.0,24.242424242424242,2.0,45.0,2.8477407519685977e-05,7.1193566318799,46.0
MANDAI,essential_services,essential_services,33.45331602617405,49.09090909090909,29.0,Priority for action,Low agreement,51.9567583427538,21.878404446042815,2sfca,hansen,36.0,31.333333333333332,20.0,False,0.0045121389497374065,51.96127048170354,51.96127048170354,101.1716517474439,19.0,37.35663571818678,114.0,39.0,0.0045121389497374065,721.9503940435778,36.0
MANDAI,transport_services,transport_services,26.663627744058864,25.454545454545453,42.0,Priority for action,Low agreement,40.17014569527246,17.47021722878557,2sfca,hansen,43.0,38.666666666666664,19.0,False,0.006484545040595926,40.17663024031305,40.17663024031305,123.13117388486889,27.0,32.866836301950805,263.3333333333333,43.0,0.006484545040595926,559.8122504231532,46.0
MARINA EAST,community_spaces,community_spaces,33.73658998533726,63.63636363636363,21.0,Priority for action,Low agreement,78.69979691715457,32.16811652476448,cumulative,hansen,26.0,25.666666666666668,31.0,False,0.0025455311449486206,78.70234244829952,35.99071567266775,18.89266459112083,26.0,78.70234244829952,803.0,10.0,0.0025455311449486206,80.99662833036085,41.0
MARINA EAST,education_institutions,education_institutions,23.51709082380585,29.09090909090909,40.0,Priority for action,Low agreement,50.46306018927386,20.615538822830022,cumulative,hansen,36.0,35.0,13.0,False,0.0006834869487429589,50.463743676222606,26.848274084953417,33.51796023765359,36.0,50.463743676222606,171.0,28.0,0.0006834869487429589,109.35840503501908,41.0
MARINA EAST,emergency_services,emergency_services,17.26196606988265,76.36363636363637,14.0,Priority for action,Low agreement,72.72721123049178,33.07782897870278,cumulative,hansen,30.0,26.333333333333332,27.0,False,6.149678096021762e-05,72.72727272727273,5.432986150787627,2.7164930753938137,38.0,72.72727272727273,6.0,11.0,6.149678096021762e-05,15.374205501878452,30.0
MARINA EAST,essential_services,essential_services,27.271033451722424,32.72727272727273,38.0,Priority for action,Low agreement,54.39532160366582,22.36226149171425,cumulative,hansen,32.0,32.666666666666664,20.0,False,0.0011830386061597485,54.39650464227198,32.78275522337236,63.82995381047484,32.0,54.39650464227198,166.0,23.0,0.0011830386061597485,189.2883170044002,43.0
MARINA EAST,transport_services,transport_services,23.665929113917382,20.0,45.0,Priority for action,Low agreement,64.11807668612173,26.62973606862888,cumulative,hansen,44.0,36.666666666666664,32.0,False,0.00406071845842475,64.12213740458014,21.680566834927653,80.26987503650963,44.0,64.12213740458014,509.0,17.0,0.00406071845842475,365.8475149077024,49.0
MARINA SOUTH,community_spaces,community_spaces,11.725816190541344,14.545454545454545,48.0,Priority for action,Low agreement,35.28289622968458,14.926706002312114,cumulative,hansen,47.0,44.333333333333336,16.0,True,0.0008438467635234103,35.283740076448105,9.337630042445335,4.901617241300519,51.0,35.283740076448105,360.0,35.0,0.0008438467635234103,26.85048376191175,47.0
MARINA SOUTH,education_institutions,education_institutions,6.729622364442285,12.727272727272727,49.0,Priority for action,Moderate agreement,19.476989583949145,8.179705264357409,cumulative,hansen,47.0,48.0,5.0,True,0.00024481739993260866,19.477234401349076,5.6682040779049805,7.076307337334556,51.0,19.477234401349076,66.0,46.0,0.00024481739993260866,39.17096066090212,47.0
MARINA SOUTH,emergency_services,emergency_services,5.553620008951367,14.545454545454545,48.0,Priority for action,Moderate agreement,24.242401057963196,11.110508812843971,cumulative,hansen,50.0,49.0,7.0,True,2.3184461045518464e-05,24.242424242424242,1.4102564102564104,0.7051282051282052,52.0,24.242424242424242,2.0,45.0,2.3184461045518464e-05,5.79611913011642,50.0
MARINA SOUTH,essential_services,essential_services,9.847401586076675,14.545454545454545,48.0,Priority for action,Moderate agreement,26.542174029600773,11.014732647466555,cumulative,hansen,44.0,45.333333333333336,8.0,True,0.0006987175319406811,26.542872747132712,9.0772348427811,17.673910468894007,50.0,26.542872747132712,81.0,42.0,0.0006987175319406811,111.79606903264536,44.0
MARINA SOUTH,transport_services,transport_services,10.117097397055955,7.2727272727272725,52.0,Priority for action,Low agreement,42.23344022729028,19.172543652597668,cumulative,hansen,47.0,45.333333333333336,17.0,False,0.0057455233458477886,42.23918575063613,3.3350731798499496,37.75749449168418,53.0,42.23918575063613,337.0,36.0,0.0057455233458477886,500.67264505023064,47.0
MARINE PARADE,community_spaces,community_spaces,45.81824638371753,90.9090909090909,6.0,Needs improvement,Low agreement,69.95792960968005,31.588816023911935,cumulative,hansen,13.0,14.333333333333334,18.0,False,0.021488208608699964,69.97941781828875,63.63183271495434,33.402360868164216,6.0,69.97941781828875,714.0,13.0,0.021488208608699964,683.7364569739968,24.0
MARINE PARADE,education_institutions,education_institutions,41.42227962124882,72.72727272727273,16.0,Needs improvement,Low agreement,60.78755773951829,28.136181090465357,cumulative,hansen,23.0,19.666666666666668,16.0,False,0.005022361662150356,60.79258010118044,58.52451378502816,73.06325612468086,10.0,60.79258010118044,206.0,23.0,0.005022361662150356,803.5814903151042,26.0
MARINE PARADE,emergency_services,emergency_services,22.03510021776802,90.9090909090909,6.0,Priority for action,Low agreement,79.99986569147548,35.21384146858517,cumulative,hansen,10.0,12.333333333333334,11.0,False,0.0001343085245172234,80.0,12.070119850421326,6.035059925210663,8.0,80.0,6.6,10.0,0.0001343085245172234,33.577153541055296,19.0
MARINE PARADE,essential_services,essential_services,42.22430143463709,74.54545454545455,15.0,Needs improvement,Low agreement,61.20915303504661,28.141094727231305,2sfca,hansen,20.0,19.0,17.0,False,0.007998582219651438,61.21715161726626,61.21715161726626,119.19339706240156,10.0,58.066630256690324,177.2,20.0,0.007998582219651438,1279.7876239168957,27.0
MARINE PARADE,transport_services,transport_services,36.5117528938123,54.54545454545454,26.0,Priority for action,Low agreement,58.360938422106216,25.707019407110412,cumulative,hansen,20.0,25.666666666666668,25.0,False,0.010562850158420414,58.37150127226464,49.668567568623686,145.12703070920062,16.0,58.37150127226464,463.8,20.0,0.010562850158420414,886.175274638171,41.0
MUSEUM,community_spaces,community_spaces,36.00832553137431,72.72727272727273,16.0,Priority for action,Low agreement,82.34034940145244,35.41269547019864,cumulative,hansen,5.0,15.0,32.0,False,10.769520244730055,93.1098696461825,28.31099105743758,14.861334327302169,36.0,93.1098696461825,950.0,4.0,10.769520244730055,342676.9420164779,5.0
MUSEUM,education_institutions,education_institutions,28.571017675567056,41.81818181818181,33.0,Priority for action,Low agreement,78.39661824396981,32.624824163966316,cumulative,hansen,30.0,26.0,26.0,False,0.0041687149959121,78.40078695896572,25.77921933855027,32.183329401852596,37.0,78.40078695896572,265.6666666666667,11.0,0.0041687149959121,666.997407685628,30.0
MUSEUM,emergency_services,emergency_services,20.71419214202281,85.45454545454545,9.0,Priority for action,Low agreement,88.88866131000665,40.58922799874412,cumulative,hansen,11.0,15.333333333333334,27.0,False,0.00022757888223283766,88.88888888888889,5.872692181160727,2.9363460905803636,31.0,88.88888888888889,7.333333333333333,4.0,0.00022757888223283766,56.89475853376536,11.0
MUSEUM,essential_services,essential_services,33.66214421501588,50.90909090909091,28.0,Priority for action,Low agreement,86.83257087240412,35.815356572854256,cumulative,hansen,33.0,25.333333333333332,25.0,False,0.00522268303006465,86.83779355543419,32.58603739804004,63.44693262695616,33.0,86.83779355543419,265.0,9.0,0.00522268303006465,835.6387322113196,34.0
MUSEUM,transport_services,transport_services,50.884914162656614,87.27272727272727,8.0,Needs improvement,Low agreement,68.56568441208701,28.246332164388267,cumulative,2sfca,5.0,16.0,37.0,False,24.479268938209856,93.04495335029686,24.479268938209856,86.75536357572945,40.0,93.04495335029686,736.3333333333334,5.0,66.78763007830771,5344666.245465617,3.0
NEWTON,community_spaces,community_spaces,34.14314553955307,65.45454545454545,20.0,Priority for action,Low agreement,93.56138864226386,38.927530352325974,cumulative,hansen,31.0,22.666666666666668,31.0,False,0.005862819724444139,93.5672514619883,30.855872802476142,16.19722321793606,31.0,93.5672514619883,954.6666666666666,3.0,0.005862819724444139,186.54991950542225,34.0
NEWTON,education_institutions,education_institutions,32.44857807156084,52.72727272727272,27.0,Priority for action,Low agreement,85.13439060345598,35.19333190362014,cumulative,hansen,27.0,21.666666666666668,24.0,False,0.004732499410804004,85.13912310286679,30.838667402328472,38.49965269658648,31.0,85.13912310286679,288.5,7.0,0.004732499410804004,757.2033209215319,27.0
NEWTON,emergency_services,emergency_services,15.04448210455772,65.45454545454545,20.0,Priority for action,Low agreement,64.64542489319876,29.52793753025178,cumulative,hansen,13.0,20.666666666666668,37.0,False,0.0010397532658696106,64.64646464646464,4.229754498570064,2.114877249285032,43.0,64.64646464646464,5.333333333333333,13.0,0.0010397532658696106,259.93848996859896,6.0
NEWTON,essential_services,essential_services,36.405893372693725,56.36363636363636,25.0,Priority for action,Low agreement,90.70864001056759,37.26536054473362,cumulative,hansen,29.0,21.666666666666668,24.0,False,0.006816024385968932,90.71545603495356,36.52151471677445,71.10953858442905,30.0,90.71545603495356,276.8333333333333,6.0,0.006816024385968932,1090.5762313785317,29.0
NEWTON,transport_services,transport_services,33.33380762230571,43.63636363636363,32.0,Priority for action,Low agreement,95.71826312832756,40.1454204384465,cumulative,hansen,37.0,26.333333333333332,34.0,False,0.01965035767751716,95.73791348600508,28.36065963560288,95.74978811796828,37.0,95.73791348600508,757.5,4.0,0.01965035767751716,1613.395615153352,38.0
NORTH-EASTERN ISLANDS,community_spaces,community_spaces,39.583521149254544,83.63636363636363,10.0,Priority for action,Low agreement,72.7762432143417,31.248051967676734,2sfca,hansen,23.0,25.333333333333332,43.0,False,0.024828669004205873,72.80107188334591,72.80107188334591,38.215584415584416,5.0,15.877683034401645,162.0,48.0,0.024828669004205873,790.0270555565347,23.0
NORTH-EASTERN ISLANDS,education_institutions,education_institutions,0.0,3.6363636363636362,53.0,Priority for action,High agreement,0.0,0.0,2sfca,2sfca,53.0,53.0,0.0,True,0.0,0.0,0.0,0.0,53.0,0.0,0.0,53.0,0.0,0.0,53.0
NORTH-EASTERN ISLANDS,emergency_services,emergency_services,59.69698585673467,100.0,1.0,Needs improvement,Low agreement,99.99994613411674,40.83105486391252,2sfca,hansen,20.0,18.0,32.0,False,5.386588326162086e-05,100.0,100.0,50.0,1.0,48.484848484848484,4.0,20.0,5.386588326162086e-05,13.466479803879205,33.0
NORTH-EASTERN ISLANDS,essential_services,essential_services,3.6219543407399133,5.454545454545454,53.0,Priority for action,High agreement,6.84335961763579,3.0218771687727135,2sfca,hansen,51.0,46.0,17.0,True,0.0045758246512943145,6.847935442287084,6.847935442287084,13.333333333333332,51.0,0.9830693610049154,3.0,52.0,0.0045758246512943145,732.1402214948419,35.0
NORTH-EASTERN ISLANDS,transport_services,transport_services,17.436368617702495,14.545454545454545,48.0,Priority for action,Low agreement,31.90863338702138,13.640527178933267,2sfca,hansen,43.0,43.0,20.0,True,0.007781190227034398,31.916414577248414,31.916414577248414,103.9896103896104,33.0,7.37913486005089,63.0,53.0,0.007781190227034398,663.5752186548294,43.0
NOVENA,community_spaces,community_spaces,34.77309714215752,67.27272727272727,19.0,Priority for action,Low agreement,83.49970344458916,34.19117982236713,cumulative,hansen,25.0,23.333333333333332,31.0,False,0.0051480696713440376,83.50485151426051,36.141164836808024,18.9716401141965,25.0,83.50485151426051,852.0,7.0,0.0051480696713440376,163.80718288051912,38.0
NOVENA,education_institutions,education_institutions,33.632453521111756,58.18181818181818,24.0,Priority for action,Low agreement,73.00617861641544,29.813619700187573,cumulative,hansen,25.0,22.666666666666668,19.0,False,0.003939427429427003,73.01011804384487,38.058496168227904,47.51304151749788,25.0,73.01011804384487,247.4,12.0,0.003939427429427003,630.3112315833819,31.0
NOVENA,emergency_services,emergency_services,13.45581695526785,56.36363636363636,25.0,Priority for action,Low agreement,55.757511115867544,25.26824893768367,cumulative,hansen,29.0,29.333333333333332,25.0,False,6.464170820350015e-05,55.75757575757575,4.608564822480473,2.3042824112402367,42.0,55.75757575757575,4.6,17.0,6.464170820350015e-05,16.160437837485738,29.0
NOVENA,essential_services,essential_services,34.00393131655809,52.72727272727272,27.0,Priority for action,Low agreement,72.87249994371966,29.771779325291764,cumulative,hansen,27.0,23.666666666666668,20.0,False,0.005708685444734321,72.87820862916439,38.85315397018358,75.64937743670733,27.0,72.87820862916439,222.4,12.0,0.005708685444734321,913.3999976965766,32.0
NOVENA,transport_services,transport_services,28.410989933707647,30.909090909090907,39.0,Priority for action,Low agreement,74.63223723867317,30.87157203273659,cumulative,hansen,32.0,28.333333333333332,25.0,False,0.1005871888077477,74.73282442748092,26.868497783138277,92.2919715173837,39.0,74.73282442748092,592.4,14.0,0.1005871888077477,8090.299185363132,32.0
ORCHARD,community_spaces,community_spaces,32.55174710644991,61.81818181818181,22.0,Priority for action,Low agreement,89.44435981199015,37.23101423115091,cumulative,hansen,31.0,23.666666666666668,28.0,False,0.006455307745871971,89.45081511973602,29.31929498035788,15.39062493643866,34.0,89.45081511973602,912.6666666666666,6.0,0.006455307745871971,205.402382637532,31.0
ORCHARD,education_institutions,education_institutions,33.47097102013069,56.36363636363636,25.0,Priority for action,Low agreement,88.13673990343639,36.4523673771564,cumulative,hansen,29.0,22.666666666666668,29.0,False,0.0026642562038611934,88.13940415964025,31.684581822682972,39.55571037151128,29.0,88.13940415964025,298.6666666666667,5.0,0.0026642562038611934,426.2829152696622,34.0
ORCHARD,emergency_services,emergency_services,13.915702506383692,58.18181818181818,24.0,Priority for action,Low agreement,60.605977217461,27.7627196039326,cumulative,hansen,23.0,27.666666666666668,32.0,False,8.338859960264578e-05,60.60606060606061,3.588930737183377,1.7944653685916885,46.0,60.60606060606061,5.0,14.0,8.338859960264578e-05,20.84716381552208,23.0
ORCHARD,essential_services,essential_services,36.76352568311555,61.81818181818181,22.0,Priority for action,Low agreement,91.63771822411896,37.64858633691968,cumulative,hansen,28.0,21.333333333333332,26.0,False,0.00619220733926963,91.64391043145822,36.86577186924425,71.77982752113827,28.0,91.64391043145822,279.6666666666667,5.0,0.00619220733926963,990.7643754732802,31.0
ORCHARD,transport_services,transport_services,65.14632897015514,100.0,1.0,Adequate,Low agreement,69.70734205968972,32.86035617926456,cumulative,2sfca,1.0,12.0,33.0,False,30.29265794031028,100.0,30.29265794031028,100.22684655454763,34.0,100.0,791.0,1.0,100.0,8002458.925473201,1.0
OUTRAM,community_spaces,community_spaces,21.795010998196286,29.09090909090909,40.0,Priority for action,Low agreement,63.9885292718148,26.946762674488134,cumulative,hansen,26.0,29.666666666666668,27.0,False,0.012254811298019277,64.00078408311282,17.98235547636863,9.439506945713234,45.0,64.00078408311282,653.0,18.0,0.012254811298019277,389.93763558308734,26.0
OUTRAM,education_institutions,education_institutions,27.269658100966396,38.18181818181819,35.0,Priority for action,Low agreement,52.568732109976146,23.039462875243252,cumulative,hansen,18.0,23.0,37.0,False,12.502937367258262,65.07166947723441,21.008885990684075,26.227943108931058,44.0,65.07166947723441,220.5,18.0,12.502937367258262,2000479.001465629,7.0
OUTRAM,emergency_services,emergency_services,23.76285246235327,94.54545454545455,4.0,Priority for action,Low agreement,99.99984695945186,45.470520576507006,cumulative,hansen,17.0,12.333333333333334,18.0,False,0.00015304054814586421,100.0,7.525613100377654,3.762806550188827,19.0,100.0,8.25,1.0,0.00015304054814586421,38.26016257398448,17.0
OUTRAM,essential_services,essential_services,26.71758159025044,30.909090909090907,39.0,Priority for action,Low agreement,69.29605806582006,28.603011525218776,cumulative,hansen,25.0,27.333333333333332,27.0,False,0.010331885026452924,69.30638995084652,25.70640806914639,50.05188943109336,42.0,69.30638995084652,211.5,15.0,0.010331885026452924,1653.1202937566295,25.0
OUTRAM,transport_services,transport_services,35.146475603767655,50.90909090909091,28.0,Priority for action,Low agreement,63.17425041971171,28.701040269786528,cumulative,2sfca,11.0,23.0,36.0,False,21.049668155351913,84.22391857506362,21.049668155351913,78.80788086749864,47.0,84.22391857506362,667.0,11.0,25.922859370263247,2074496.4649257616,11.0
PASIR RIS,community_spaces,community_spaces,76.68566759313865,100.0,1.0,Adequate,Low agreement,49.6965381251287,21.844975195208427,2sfca,hansen,2.0,8.0,20.0,False,50.3034618748713,100.0,100.0,52.49316174467848,1.0,57.97314515338626,591.5,21.0,50.3034618748713,1600613.221053976,2.0
PASIR RIS,education_institutions,education_institutions,45.06407596238323,83.63636363636363,10.0,Needs improvement,Low agreement,71.15493234979853,29.578159514191807,2sfca,hansen,23.0,20.333333333333332,28.0,False,0.007766871791716049,71.16269922159024,71.16269922159024,88.84103743004165,5.0,47.401981450252954,160.625,33.0,0.007766871791716049,1242.7050916124724,23.0
PASIR RIS,emergency_services,emergency_services,16.10637655853761,70.9090909090909,17.0,Priority for action,Low agreement,42.424122412016935,17.546673857525327,cumulative,hansen,21.0,17.333333333333332,21.0,False,0.00012001222548383877,42.42424242424242,15.242984140042964,7.621492070021482,5.0,42.42424242424242,3.5,26.0,0.00012001222548383877,30.00307639711914,21.0
PASIR RIS,essential_services,essential_services,41.00190721762755,70.9090909090909,17.0,Needs improvement,Low agreement,66.73956917598537,27.33850626316645,2sfca,hansen,30.0,24.666666666666668,30.0,False,0.006428546464666168,66.74599772245003,66.74599772245003,129.95838582294053,7.0,38.134898962315674,116.375,37.0,0.006428546464666168,1028.5790630546269,30.0
PASIR RIS,transport_services,transport_services,52.584988972378525,89.0909090909091,7.0,Needs improvement,Low agreement,67.5392499980527,27.594150689108968,2sfca,hansen,21.0,19.666666666666668,30.0,False,12.522067562110067,80.06131756016276,80.06131756016276,215.55676008780628,4.0,43.98854961832061,350.75,34.0,12.522067562110067,1002109.0846216364,21.0
PAYA LEBAR,community_spaces,community_spaces,30.935528932773547,58.18181818181818,24.0,Priority for action,Low agreement,44.81529104226295,20.63106946400118,2sfca,hansen,31.0,29.666666666666668,32.0,False,0.0012244497922248836,44.816515492055174,44.816515492055174,23.525605965573412,13.0,42.63451925904146,435.0,31.0,0.0012244497922248836,38.960947276890714,45.0
PAYA LEBAR,education_institutions,education_institutions,45.96889975763493,89.0909090909091,7.0,Needs improvement,Low agreement,65.80135442712094,30.91002628305191,2sfca,hansen,17.0,21.666666666666668,32.0,False,0.0009611480526023269,65.80231557517354,65.80231557517354,82.14901971036798,8.0,65.3372681281619,221.4,17.0,0.0009611480526023269,153.78438202575538,40.0
PAYA LEBAR,emergency_services,emergency_services,10.140585000074829,29.09090909090909,40.0,Priority for action,Low agreement,33.93935287372608,14.676256104983839,cumulative,hansen,35.0,34.0,13.0,True,4.106566785598399e-05,33.93939393939394,6.705387784991366,3.352693892495683,27.0,33.93939393939394,2.8,35.0,4.106566785598399e-05,10.266423816527972,40.0
PAYA LEBAR,essential_services,essential_services,43.888397647853225,76.36363636363637,14.0,Needs improvement,Low agreement,64.67885559105636,28.99262732518066,2sfca,hansen,22.0,23.666666666666668,33.0,False,0.001477197984133199,64.68033278904049,64.68033278904049,125.93641462530778,8.0,57.738940469688686,176.2,22.0,0.001477197984133199,236.35434959010007,41.0
PAYA LEBAR,transport_services,transport_services,44.77576601122248,76.36363636363637,14.0,Needs improvement,Low agreement,35.914824469694075,16.743219676914116,cumulative,hansen,14.0,17.0,9.0,False,20.03937400358837,55.954198473282446,55.146228230978956,157.82052367001904,14.0,55.954198473282446,444.8,23.0,20.03937400358837,1603675.3709373125,14.0
PIONEER,community_spaces,community_spaces,4.786960880393002,7.2727272727272725,52.0,Priority for action,High agreement,6.880178354686431,3.2296166881141315,cumulative,hansen,52.0,51.666666666666664,1.0,True,0.00015096022094978929,6.880329314907381,6.821699458690481,3.5809257305862503,52.0,6.880329314907381,70.2,51.0,0.00015096022094978929,4.803425380672776,52.0
PIONEER,education_institutions,education_institutions,7.599816141231446,14.545454545454545,48.0,Priority for action,High agreement,11.540075598182122,4.97309409847868,2sfca,hansen,50.0,49.0,3.0,True,0.0001234335776717865,11.540199031759794,11.540199031759794,14.407031567735292,47.0,9.148397976391232,31.0,50.0,0.0001234335776717865,19.749461502927893,50.0
PIONEER,emergency_services,emergency_services,9.528487304275071,23.636363636363637,43.0,Priority for action,Moderate agreement,26.666643291210388,11.133195134239205,cumulative,hansen,44.0,36.0,34.0,True,2.337545627838773e-05,26.666666666666668,8.390293916609707,4.1951469583048535,15.0,26.666666666666668,2.2,44.0,2.337545627838773e-05,5.8438679702046645,49.0
PIONEER,essential_services,essential_services,7.106578131723582,10.909090909090908,50.0,Priority for action,High agreement,11.19800214556294,4.661920624658492,2sfca,hansen,50.0,50.0,2.0,True,0.0002550484182189383,11.19825719398116,11.19825719398116,21.803665816960734,49.0,7.536865101037684,23.0,50.0,0.0002550484182189383,40.808208276491506,51.0
PIONEER,transport_services,transport_services,65.05722542014178,98.18181818181819,2.0,Adequate,Low agreement,36.91682520292257,15.076229139947094,2sfca,cumulative,5.0,15.333333333333334,33.0,False,40.81424936386769,77.73107456679026,77.73107456679026,210.15684124349943,5.0,40.81424936386769,325.8,37.0,60.09612754657705,4809184.240145962,4.0
PUNGGOL,community_spaces,community_spaces,22.55233230817324,30.909090909090907,39.0,Priority for action,High agreement,0.4031424416954188,0.16606150228798972,2sfca,cumulative,40.0,29.0,41.0,True,22.304364262611838,22.707506704307256,22.707506704307256,11.919888222475718,40.0,22.304364262611838,227.57142857142856,44.0,22.45902034499082,714626.8578002219,3.0
PUNGGOL,education_institutions,education_institutions,43.10613980929995,80.0,12.0,Needs improvement,Low agreement,31.631196383770636,14.37857537821484,2sfca,hansen,14.0,14.333333333333334,25.0,False,21.44454295768734,53.075739341457975,53.075739341457975,66.26088944123431,14.0,50.67453625632379,171.71428571428572,27.0,21.44454295768734,3431142.348615032,2.0
PUNGGOL,emergency_services,emergency_services,5.476211533033055,12.727272727272727,49.0,Priority for action,Moderate agreement,19.047548858143784,8.3056776845707,cumulative,hansen,47.0,41.333333333333336,21.0,True,7.018947526333219e-05,19.047619047619047,3.3333333333333335,1.6666666666666667,47.0,19.047619047619047,1.5714285714285714,49.0,7.018947526333219e-05,17.547380528186665,28.0
PUNGGOL,essential_services,essential_services,51.53283702336621,83.63636363636363,10.0,Needs improvement,Moderate agreement,15.00698336609355,6.26668231648064,2sfca,hansen,14.0,14.666666666666666,24.0,False,43.08770765651812,58.09469102261167,58.09469102261167,113.1137825158568,14.0,47.79589607552469,145.85714285714286,27.0,43.08770765651812,6894111.16713684,3.0
PUNGGOL,transport_services,transport_services,25.78340436612335,23.636363636363637,43.0,Priority for action,Moderate agreement,19.543494019626472,8.341437375614527,cumulative,hansen,36.0,32.0,24.0,True,14.407796420213579,33.95129043984005,29.341614704182533,98.02297498101522,36.0,33.95129043984005,271.85714285714283,42.0,14.407796420213579,1153012.9908277732,18.0
QUEENSTOWN,community_spaces,community_spaces,32.07411194880957,60.0,23.0,Priority for action,Low agreement,55.04952398504996,22.955817739966655,cumulative,hansen,19.0,19.666666666666668,4.0,False,2.338825846698878,57.38834983174883,39.78958845690028,20.886813026222583,18.0,57.38834983174883,585.5333333333333,22.0,2.338825846698878,74419.44217042143,19.0
QUEENSTOWN,education_institutions,education_institutions,29.87826918362154,45.45454545454545,31.0,Priority for action,Low agreement,36.84796866029524,15.043176520416557,cumulative,hansen,29.0,21.666666666666668,24.0,False,13.340339377928498,50.18830803822373,31.67701152519649,39.54625945003543,30.0,50.18830803822373,170.06666666666666,29.0,13.340339377928498,2134463.927481319,6.0
QUEENSTOWN,emergency_services,emergency_services,15.800844366356209,69.0909090909091,18.0,Priority for action,Low agreement,59.79790323359819,26.564045167847137,cumulative,hansen,17.0,19.333333333333332,9.0,False,7.656438161441228e-05,59.79797979797981,7.6824508748915274,3.841225437445764,17.0,59.79797979797981,4.933333333333334,16.0,7.656438161441228e-05,19.141108179722405,25.0
QUEENSTOWN,essential_services,essential_services,30.044552304982517,43.63636363636363,32.0,Priority for action,Moderate agreement,23.376590571310256,9.554376657366005,cumulative,hansen,30.0,24.333333333333332,25.0,False,20.009537227706677,43.38612779901693,30.72893115373425,59.83103747148519,34.0,43.38612779901693,132.4,30.0,20.009537227706677,3201562.1520284046,9.0
QUEENSTOWN,transport_services,transport_services,31.59604173250343,36.36363636363637,36.0,Priority for action,Low agreement,42.57756734475547,17.404415296805247,cumulative,hansen,24.0,25.0,11.0,False,13.36814936432002,55.94571670907549,32.79290716278466,106.02072424468628,31.0,55.94571670907549,444.73333333333335,24.0,13.36814936432002,1069816.087340901,20.0
RIVER VALLEY,community_spaces,community_spaces,29.581411440673445,52.72727272727272,27.0,Priority for action,Low agreement,83.28398783688569,34.80711809066617,cumulative,hansen,37.0,28.333333333333332,30.0,False,0.005240821352090172,83.28922865823777,25.843986925240525,13.566325857940068,39.0,83.28922865823777,849.8,9.0,0.005240821352090172,166.7584621949832,37.0
RIVER VALLEY,education_institutions,education_institutions,30.690250682106118,47.27272727272727,30.0,Priority for action,Low agreement,82.45090829049064,34.19955286923239,cumulative,hansen,33.0,25.333333333333332,27.0,False,0.0027173418870944746,82.45362563237774,28.39742070612888,35.451948049553735,35.0,82.45362563237774,279.4,8.0,0.0027173418870944746,434.7766628960988,33.0
RIVER VALLEY,emergency_services,emergency_services,19.766798900398655,78.18181818181819,13.0,Priority for action,Low agreement,84.84840332793284,38.74674755186008,cumulative,hansen,24.0,22.333333333333332,27.0,False,8.152055199835716e-05,84.84848484848484,5.59415494907217,2.797077474536085,35.0,84.84848484848484,7.0,8.0,8.152055199835716e-05,20.380151602733186,24.0
RIVER VALLEY,essential_services,essential_services,34.44926831867949,54.54545454545454,26.0,Priority for action,Low agreement,87.22541494479317,35.8969622727438,cumulative,hansen,31.0,24.0,25.0,False,0.0056063550429709536,87.23102129983614,34.002764304398745,66.20538329343528,31.0,87.23102129983614,266.2,8.0,0.0056063550429709536,897.0269483072177,33.0
RIVER VALLEY,transport_services,transport_services,33.11281518795493,40.0,34.0,Priority for action,Low agreement,96.56619766855214,40.61635572791007,cumulative,hansen,36.0,25.666666666666668,35.0,False,0.02413312025194445,96.59033078880408,27.575018188237056,93.92920542828094,38.0,96.59033078880408,764.2,3.0,0.02413312025194445,1972.1250158138912,36.0
ROCHOR,community_spaces,community_spaces,40.06685283393196,87.27272727272727,8.0,Needs improvement,Low agreement,87.39506001361633,37.391672617211036,cumulative,hansen,4.0,11.666666666666666,29.0,False,12.604939986383668,100.0,32.57074167603372,17.097412109441784,30.0,100.0,1020.3,1.0,12.604939986383668,401078.4315994801,4.0
ROCHOR,education_institutions,education_institutions,33.89754768413633,60.0,23.0,Priority for action,Low agreement,80.11828431249864,33.406293767600864,cumulative,hansen,15.0,17.666666666666668,26.0,False,5.050349751582311,85.16863406408096,30.69743189169088,38.32333126099935,32.0,85.16863406408096,288.6,6.0,5.050349751582311,808059.6048217313,15.0
ROCHOR,emergency_services,emergency_services,20.522202150774422,83.63636363636363,10.0,Priority for action,Low agreement,87.27260739193432,39.77358045681348,cumulative,hansen,22.0,19.0,25.0,False,0.0001198807929692224,87.27272727272728,6.135241463982147,3.0676207319910733,30.0,87.27272727272728,7.2,5.0,0.0001198807929692224,29.970218246533214,22.0
ROCHOR,essential_services,essential_services,39.70076111290233,69.0909090909091,18.0,Priority for action,Low agreement,97.90540333417573,40.18419154159632,cumulative,hansen,20.0,16.333333333333332,23.0,False,0.04107400061398811,97.94647733478972,40.198286891520375,78.26843040076886,26.0,97.94647733478972,298.9,3.0,0.04107400061398811,6571.914397702805,20.0
ROCHOR,transport_services,transport_services,40.88374688837212,67.27272727272727,19.0,Needs improvement,Low agreement,79.4519501213133,35.34600008741991,cumulative,hansen,15.0,17.333333333333332,33.0,False,20.02642137995896,99.47837150127226,29.96029234825996,99.45664909925384,35.0,99.47837150127226,786.9,2.0,20.02642137995896,1602638.8478481653,15.0
SELETAR,community_spaces,community_spaces,7.098396816460301,9.090909090909092,51.0,Priority for action,High agreement,10.878831541785244,4.90277780655833,cumulative,hansen,50.0,50.333333333333336,1.0,True,0.0003216484529212039,10.879153190238165,9.844939367753582,5.167919945980414,50.0,10.879153190238165,111.0,50.0,0.0003216484529212039,10.23457923349045,51.0
SELETAR,education_institutions,education_institutions,15.237249044617368,20.0,45.0,Priority for action,Moderate agreement,22.059153572419962,10.30375914131576,cumulative,hansen,44.0,43.666666666666664,1.0,True,0.00028993516856899,22.059443507588533,21.65054672509818,27.029006108887874,43.0,22.059443507588533,74.75,44.0,0.00028993516856899,46.38983620181493,44.0
SELETAR,emergency_services,emergency_services,1.7329554462601635,5.454545454545454,53.0,Priority for action,High agreement,6.060603057920668,2.6458715273793993,cumulative,hansen,53.0,53.0,0.0,True,3.0026853931202252e-06,6.0606060606060606,1.0416666666666667,0.5208333333333334,53.0,6.0606060606060606,0.5,53.0,3.0026853931202252e-06,0.750671849331147,53.0
SELETAR,essential_services,essential_services,15.7998957340019,21.818181818181817,44.0,Priority for action,Moderate agreement,23.374027879572626,10.419270856921454,2sfca,hansen,45.0,45.0,2.0,True,0.0004687091812795818,23.374496588753907,23.374496588753907,45.511520536856885,44.0,20.562534134352813,62.75,45.0,0.0004687091812795818,74.99431686081606,46.0
SELETAR,transport_services,transport_services,8.624896400917999,5.454545454545454,53.0,Priority for action,Moderate agreement,17.68344056906602,7.246515341249513,cumulative,hansen,50.0,51.0,3.0,True,0.00103780243525193,17.68447837150127,10.175378771774339,53.6086718889356,50.0,17.68447837150127,144.0,50.0,0.00103780243525193,123.94113792799594,53.0
SEMBAWANG,community_spaces,community_spaces,25.78375245594009,36.36363636363637,36.0,Priority for action,Low agreement,34.00187929044655,14.569463597446145,2sfca,hansen,21.0,26.0,25.0,True,3.505223844426105,37.50710313487266,37.50710313487266,19.68866431433208,21.0,29.893168675879643,305.0,41.0,3.505223844426105,111533.23089568024,16.0
SEMBAWANG,education_institutions,education_institutions,41.02286290336566,70.9090909090909,17.0,Needs improvement,Low agreement,45.07610175373371,19.581528780640735,2sfca,hansen,13.0,17.666666666666668,24.0,False,11.137680762934266,56.213782516667976,56.213782516667976,70.17848973233367,13.0,47.87333708075698,162.22222222222223,32.0,11.137680762934266,1782036.9595407774,8.0
SEMBAWANG,emergency_services,emergency_services,9.968213203941502,27.27272727272727,41.0,Priority for action,Low agreement,32.323178335662945,13.883615713725664,cumulative,hansen,32.0,31.333333333333332,14.0,True,5.3987569370022704e-05,32.32323232323232,7.007101086048455,3.5035505430242275,24.0,32.32323232323232,2.6666666666666665,38.0,5.3987569370022704e-05,13.49690135128514,32.0
SEMBAWANG,essential_services,essential_services,38.71590774568639,65.45454545454545,20.0,Priority for action,Low agreement,59.31643239719995,25.275746701828158,2sfca,hansen,17.0,19.666666666666668,16.0,False,0.05322675863500588,59.36965915583495,59.36965915583495,115.59622050799508,13.0,45.07555070089204,137.55555555555554,29.0,0.05322675863500588,8516.377664398224,17.0
SEMBAWANG,transport_services,transport_services,44.670740683060316,74.54545454545455,15.0,Needs improvement,High agreement,7.579186190830818,3.1987049903677294,2sfca,cumulative,19.0,21.0,34.0,False,39.22815945716709,46.807345647997906,46.807345647997906,138.49666374280545,19.0,39.22815945716709,313.3333333333333,39.0,44.738119892093145,3580172.2659981092,5.0
SENGKANG,community_spaces,community_spaces,29.051750197099512,50.90909090909091,28.0,Priority for action,Low agreement,43.54126439281434,19.885541990915964,cumulative,hansen,30.0,29.0,23.0,False,0.00335133645296839,43.544615729267306,40.68364330062032,21.356130681422673,17.0,43.544615729267306,444.2857142857143,30.0,0.00335133645296839,106.63666544789004,40.0
SENGKANG,education_institutions,education_institutions,55.993972531144465,96.36363636363636,3.0,Needs improvement,Low agreement,64.7111141921283,28.95849318257489,cumulative,hansen,5.0,6.333333333333333,6.0,False,14.293944829794123,79.00505902192243,71.80955455564349,89.64858547941371,4.0,79.00505902192243,267.7142857142857,10.0,14.293944829794123,2287041.4879461084,5.0
SENGKANG,emergency_services,emergency_services,8.031926070317917,18.181818181818183,46.0,Priority for action,Moderate agreement,27.705578568317822,12.059101572371324,cumulative,hansen,40.0,40.0,6.0,True,4.913730988474233e-05,27.705627705627705,4.981571575998821,2.4907857879994104,40.0,27.705627705627705,2.2857142857142856,43.0,4.913730988474233e-05,12.28433567061359,37.0
SENGKANG,essential_services,essential_services,52.698407747885426,87.27272727272727,8.0,Needs improvement,Low agreement,76.50008945539925,35.08670932224944,2sfca,hansen,13.0,13.333333333333334,19.0,False,0.0141090767848719,76.51419853218412,76.51419853218412,148.97764769548272,4.0,72.1853787937895,220.28571428571428,13.0,0.0141090767848719,2257.4778077306696,23.0
SENGKANG,transport_services,transport_services,40.581819588312804,65.45454545454545,20.0,Needs improvement,Low agreement,61.06343228697451,27.766972632290415,cumulative,hansen,19.0,21.0,18.0,False,0.1324964662061499,61.19592875318066,56.605769795629655,161.20274862313426,13.0,61.19592875318066,486.0,19.0,0.1324964662061499,10643.812954292138,31.0
SERANGOON,community_spaces,community_spaces,36.98519646388134,80.0,12.0,Priority for action,Low agreement,73.37578825883655,30.187320162650117,cumulative,hansen,14.0,19.666666666666668,21.0,False,0.005990209681112825,73.38177846851767,44.61408741454693,23.419345067430367,14.0,73.38177846851767,748.7142857142857,12.0,0.005990209681112825,190.60335919473417,33.0
SERANGOON,education_institutions,education_institutions,54.153812726194865,92.72727272727272,5.0,Needs improvement,Low agreement,99.99532569777146,41.724705661357554,cumulative,hansen,6.0,11.666666666666666,27.0,False,0.0046743022285322035,100.0,68.30482087105261,85.27320090489773,6.0,100.0,338.85714285714283,1.0,0.0046743022285322035,747.8917297602355,28.0
SERANGOON,emergency_services,emergency_services,11.401496990448397,45.45454545454545,31.0,Priority for action,Low agreement,43.29001551843178,19.244638430757593,cumulative,hansen,37.0,36.333333333333336,22.0,False,2.7771611504108237e-05,43.290043290043286,5.486960001912574,2.743480000956287,37.0,43.290043290043286,3.5714285714285716,25.0,2.7771611504108237e-05,6.942907510210936,47.0
SERANGOON,essential_services,essential_services,58.89571106344037,94.54545454545455,4.0,Needs improvement,Low agreement,79.14606701339251,33.40387885252072,cumulative,hansen,6.0,7.0,7.0,False,14.29233510878898,93.43840212218149,71.84066021273478,139.8779935319042,6.0,93.43840212218149,285.14285714285717,4.0,14.29233510878898,2286799.4710565293,11.0
SERANGOON,transport_services,transport_services,46.34743971403351,81.81818181818183,11.0,Needs improvement,Low agreement,84.9780677280432,35.49314680049738,cumulative,hansen,11.0,17.0,20.0,False,0.15461129776558585,85.13267902580878,58.54904103908416,165.70593006686107,11.0,85.13267902580878,674.1428571428571,10.0,0.15461129776558585,12413.534223110124,30.0
SIMPANG,community_spaces,community_spaces,15.294936566813103,21.818181818181817,44.0,Priority for action,High agreement,11.614993374317347,4.867717584386194,2sfca,hansen,43.0,33.0,38.0,True,7.859250844373487,19.474244218690835,19.474244218690835,10.222646516271078,43.0,16.000196020778205,163.25,47.0,7.859250844373487,250074.6537161865,9.0
SIMPANG,education_institutions,education_institutions,21.87472919975212,27.27272727272727,41.0,Priority for action,Low agreement,33.094353756256666,14.32281167293257,2sfca,hansen,39.0,36.333333333333336,14.0,True,0.001029778083695384,33.095383534340364,33.095383534340364,41.31698543615491,28.0,26.633642495784148,90.25,42.0,0.001029778083695384,164.76523652728446,39.0
SIMPANG,emergency_services,emergency_services,4.841486187304934,10.909090909090908,50.0,Priority for action,Moderate agreement,15.151466449395189,6.460218911521672,cumulative,hansen,45.0,44.333333333333336,12.0,True,4.870211996302571e-05,15.151515151515152,3.6223370927318297,1.8111685463659148,45.0,15.151515151515152,1.25,50.0,4.870211996302571e-05,12.17553811756531,38.0
SIMPANG,essential_services,essential_services,23.538968883507305,29.09090909090909,40.0,Priority for action,Low agreement,36.8185937407991,15.412770134083292,2sfca,hansen,40.0,37.333333333333336,14.0,True,0.0016585581651415418,36.82025229896424,36.82025229896424,71.69119823880223,29.0,25.64172583287821,78.25,43.0,0.0016585581651415418,265.37230661697924,40.0
SIMPANG,transport_services,transport_services,13.389475363217706,10.909090909090908,50.0,Priority for action,Moderate agreement,20.19444132518004,9.186882739759,cumulative,hansen,49.0,48.666666666666664,3.0,True,0.002759692631665487,20.197201017811707,18.698414503731726,73.35927360326068,49.0,20.197201017811707,163.75,47.0,0.002759692631665487,261.73398952500685,50.0
SINGAPORE RIVER,community_spaces,community_spaces,25.88953760102664,38.18181818181819,35.0,Priority for action,Low agreement,75.22445857974708,31.617597167732622,cumulative,hansen,25.0,25.666666666666668,30.0,False,0.014850120308460344,75.23930870005555,21.674441649845985,11.377599712509612,41.0,75.23930870005555,767.6666666666666,11.0,0.014850120308460344,472.51815310622874,25.0
SINGAPORE RIVER,education_institutions,education_institutions,25.672022883959638,36.36363636363637,36.0,Priority for action,Low agreement,71.21646632150554,29.689468466853707,cumulative,hansen,32.0,29.0,27.0,False,0.0033200753466534846,71.21978639685219,22.85413916397041,28.531596680662048,41.0,71.21978639685219,241.33333333333337,14.0,0.0033200753466534846,531.2144513861919,32.0
SINGAPORE RIVER,emergency_services,emergency_services,19.796580496089923,80.0,12.0,Priority for action,Low agreement,84.84830235576513,38.73416072361167,cumulative,hansen,15.0,18.666666666666668,25.0,False,0.0001824927197190161,84.84848484848484,5.653657557154074,2.826828778577037,33.0,84.84848484848484,7.0,8.0,0.0001824927197190161,45.62321038188745,15.0
SINGAPORE RIVER,essential_services,essential_services,29.565299498337204,41.81818181818181,33.0,Priority for action,Low agreement,76.88670466499359,31.747186722924745,cumulative,hansen,24.0,24.0,26.0,False,0.011165351390882306,76.89787001638447,28.36475177928609,55.22784108843329,37.0,76.89787001638447,234.66666666666663,11.0,0.011165351390882306,1786.476419736943,24.0
SINGAPORE RIVER,transport_services,transport_services,39.168507790236575,60.0,23.0,Priority for action,Low agreement,66.11502953293896,28.998045324512823,cumulative,2sfca,10.0,20.0,34.0,False,22.773859355949927,88.88888888888889,22.773859355949927,82.8033837321258,42.0,88.88888888888889,703.6666666666666,8.0,33.34600111494612,2668527.2985637723,10.0
SOUTHERN ISLANDS,community_spaces,community_spaces,14.439747354410382,20.0,45.0,Priority for action,Low agreement,32.93077836884682,13.448702222176786,cumulative,hansen,47.0,43.666666666666664,12.0,True,0.0007123691714132895,32.93149073801823,15.70647099211062,8.244823222269636,47.0,32.93149073801823,336.0,36.0,0.0007123691714132895,22.666979001796477,48.0
SOUTHERN ISLANDS,education_institutions,education_institutions,43.01116048693233,76.36363636363637,14.0,Needs improvement,Low agreement,87.55272118465136,37.25520560817882,hansen,2sfca,40.0,29.0,45.0,False,12.447278815348636,100.0,12.447278815348636,15.539449391782655,46.0,33.93760539629005,115.0,40.0,100.0,16000072.164676525,1.0
SOUTHERN ISLANDS,emergency_services,emergency_services,44.927420845449795,98.18181818181819,2.0,Needs improvement,Low agreement,94.38758255152466,38.70859650235343,hansen,2sfca,14.0,16.333333333333332,33.0,False,5.612417448475347,100.0,5.612417448475347,2.8062087242376736,34.0,60.60606060606061,5.0,14.0,100.0,25000016.686766177,1.0
SOUTHERN ISLANDS,essential_services,essential_services,46.9290637503797,80.0,12.0,Needs improvement,Low agreement,82.52636184932253,34.71766153978118,hansen,2sfca,33.0,26.666666666666668,45.0,False,17.473638150677477,100.0,17.473638150677477,34.02220186982682,46.0,40.9612233752048,125.0,33.0,100.0,16000180.891716408,1.0
SOUTHERN ISLANDS,transport_services,transport_services,40.33926688663051,63.63636363636363,21.0,Needs improvement,Low agreement,94.5953734045033,39.208799801381545,hansen,2sfca,41.0,31.666666666666668,50.0,False,5.377027232998893,99.9724006375022,5.377027232998893,42.48935559036274,52.0,38.295165394402034,306.0,41.0,99.9724006375022,8000250.309111512,2.0
STRAITS VIEW,community_spaces,community_spaces,12.505444782901769,16.363636363636363,47.0,Priority for action,Low agreement,37.53691300203289,15.872800635044458,cumulative,hansen,46.0,43.0,15.0,True,0.0010660237438474781,37.537979025776735,9.995058341246537,5.246722141545522,49.0,37.537979025776735,383.0,34.0,0.0010660237438474781,33.91996563982201,46.0
STRAITS VIEW,education_institutions,education_institutions,9.380665102988942,16.363636363636363,47.0,Priority for action,Moderate agreement,26.85453988301582,11.25589191128677,cumulative,hansen,42.0,43.666666666666664,7.0,True,0.00043482187456712006,26.854974704890388,8.019079430896989,10.011190464493405,48.0,26.854974704890388,91.0,41.0,0.00043482187456712006,69.57181371853845,42.0
STRAITS VIEW,emergency_services,emergency_services,11.307169532399156,43.63636363636363,32.0,Priority for action,Low agreement,48.484773790428406,22.13598848897154,cumulative,hansen,26.0,31.333333333333332,28.0,False,7.469442007881154e-05,48.484848484848484,3.2203548542068714,1.6101774271034357,48.0,48.484848484848484,4.0,20.0,7.469442007881154e-05,18.67361748378611,26.0
STRAITS VIEW,essential_services,essential_services,13.056217579574092,16.363636363636363,47.0,Priority for action,Low agreement,34.73383476753331,14.386397490710157,cumulative,hansen,42.0,43.333333333333336,8.0,True,0.0012826546403658073,34.73511742217367,12.217618597494496,23.788422462919787,48.0,34.73511742217367,106.0,40.0,0.0012826546403658073,205.22706267452372,42.0
STRAITS VIEW,transport_services,transport_services,12.726069201627435,9.090909090909092,51.0,Priority for action,Low agreement,48.21417133080372,21.425088111313265,cumulative,hansen,48.0,42.666666666666664,22.0,False,0.004658185735718978,48.218829516539444,6.1618116851976605,44.30795234795406,51.0,48.218829516539444,384.0,29.0,0.004658185735718978,413.65934405090104,48.0
SUNGEI KADUT,community_spaces,community_spaces,19.271109690023145,23.636363636363637,43.0,Priority for action,Low agreement,30.46515969449427,12.654956443136863,2sfca,hansen,45.0,42.333333333333336,18.0,True,0.0006272647559106743,30.46578695925018,30.46578695925018,15.99245482530836,32.0,20.190140154856415,206.0,45.0,0.0006272647559106743,19.95902914016669,50.0
SUNGEI KADUT,education_institutions,education_institutions,16.109715698455364,23.636363636363637,43.0,Priority for action,Moderate agreement,24.593431802723092,10.534828893768992,2sfca,hansen,47.0,44.666666666666664,11.0,True,0.00022951027958050755,24.593661313002674,24.593661313002674,30.70325337782223,38.0,19.06408094435076,64.6,47.0,0.00022951027958050755,36.721810358232055,49.0
SUNGEI KADUT,emergency_services,emergency_services,11.109061794148626,41.81818181818181,33.0,Priority for action,Moderate agreement,29.090878817059963,12.022391716065206,cumulative,hansen,42.0,32.666666666666664,34.0,True,3.0273849126240725e-05,29.09090909090909,10.581741787624141,5.2908708938120705,11.0,29.09090909090909,2.4,42.0,3.0273849126240725e-05,7.568467333286598,45.0
SUNGEI KADUT,essential_services,essential_services,15.634150955654006,20.0,45.0,Priority for action,Moderate agreement,24.71393490217953,10.266471757216147,2sfca,hansen,46.0,46.333333333333336,7.0,True,0.00035704318481935733,24.71429194536435,24.71429194536435,48.1201809482601,43.0,16.38448935008192,50.0,46.0,0.00035704318481935733,57.12755543264251,50.0
SUNGEI KADUT,transport_services,transport_services,36.96781067138531,56.36363636363636,25.0,Priority for action,Moderate agreement,16.38311360234443,7.6395240584043,2sfca,cumulative,26.0,26.0,38.0,False,23.969465648854964,40.352579251199394,40.352579251199394,123.53890405817036,26.0,23.969465648854964,193.4,45.0,39.99209305338207,3200375.3583764355,7.0
TAMPINES,community_spaces,community_spaces,50.29472716561214,92.72727272727272,5.0,Needs improvement,Low agreement,81.87922960753673,33.538887555325225,2sfca,hansen,28.0,21.0,29.0,False,0.006151551981278276,81.885381159518,81.885381159518,42.984225577312266,3.0,46.75095560129374,477.0,28.0,0.006151551981278276,195.73713347457328,32.0
TAMPINES,education_institutions,education_institutions,62.403375823492304,98.18181818181819,2.0,Adequate,Low agreement,99.89206372495259,41.15845276334302,2sfca,hansen,20.0,14.0,20.0,False,0.10793627504740883,100.0,100.0,124.84214118045698,1.0,61.85497470489039,209.6,21.0,0.10793627504740883,17269.881899449152,20.0
TAMPINES,emergency_services,emergency_services,13.401039376555199,54.54545454545454,26.0,Priority for action,Low agreement,36.363584484414105,15.105858372895147,cumulative,hansen,31.0,24.0,29.0,True,5.1879222264570236e-05,36.36363636363637,12.256593080122492,6.128296540061246,6.0,36.36363636363637,3.0,31.0,5.1879222264570236e-05,12.969814223107074,35.0
TAMPINES,essential_services,essential_services,60.24271155170543,98.18181818181819,2.0,Adequate,Low agreement,99.9810579807525,40.82085843429916,2sfca,hansen,22.0,16.0,24.0,False,0.018942019247501465,100.0,100.0,194.70588538259125,1.0,51.18514472965592,156.2,25.0,0.018942019247501465,3030.7573441439736,22.0
TAMPINES,transport_services,transport_services,60.30684848862058,94.54545454545455,4.0,Adequate,Low agreement,99.97801988101877,40.821901217491884,2sfca,hansen,28.0,22.0,36.0,False,0.02198011898123719,100.0,100.0,261.7610689705044,1.0,51.50127226463105,409.8,28.0,0.02198011898123719,1799.8328538626488,37.0
TANGLIN,community_spaces,community_spaces,30.27415500366222,56.36363636363636,25.0,Priority for action,Low agreement,60.33625403545392,25.05371392067701,cumulative,hansen,15.0,19.333333333333332,27.0,False,7.97698716811365,68.31324120356757,28.43682122502922,14.927386560699649,35.0,68.31324120356757,697.0,15.0,7.97698716811365,253820.92304543385,8.0
TANGLIN,education_institutions,education_institutions,28.86297480325257,43.63636363636363,32.0,Priority for action,Low agreement,68.02062594361392,27.81818919877046,cumulative,hansen,33.0,28.333333333333332,22.0,False,0.0021396550370110633,68.02276559865093,30.515559574022554,38.096277965407694,33.0,68.02276559865093,230.5,15.0,0.0021396550370110633,342.3463499969063,37.0
TANGLIN,emergency_services,emergency_services,10.697734162195884,36.36363636363637,36.0,Priority for action,Low agreement,45.45451354094463,20.711604033392423,cumulative,hansen,44.0,38.333333333333336,27.0,False,3.191360081860073e-05,45.45454545454545,3.2136309944130943,1.606815497206547,49.0,45.45454545454545,3.75,22.0,3.191360081860073e-05,7.978405529998129,44.0
TANGLIN,essential_services,essential_services,27.534099110115342,34.54545454545455,37.0,Priority for action,Low agreement,62.09496199742972,25.353121831547895,cumulative,hansen,35.0,30.333333333333332,20.0,False,0.0022526393807655427,62.097214636810484,30.227960781878032,58.855618673458075,35.0,62.097214636810484,189.5,18.0,0.0022526393807655427,360.4263757605272,38.0
TANGLIN,transport_services,transport_services,24.960616033434604,21.818181818181817,44.0,Priority for action,Low agreement,68.85476775217445,28.679090705315467,cumulative,hansen,43.0,34.666666666666664,29.0,False,0.006555403041825909,68.86132315521628,22.372769562957604,81.87393030705454,43.0,68.86132315521628,546.25,16.0,0.006555403041825909,565.4826038918471,45.0
TENGAH,community_spaces,community_spaces,27.27752088166077,43.63636363636363,32.0,Priority for action,Low agreement,44.64199770528128,19.44385861577998,cumulative,hansen,29.0,32.0,19.0,False,0.0017345303357012166,44.64373223561698,36.69650815087332,19.263157378287055,24.0,44.64373223561698,455.5,29.0,0.0017345303357012166,55.1912747983145,43.0
TENGAH,education_institutions,education_institutions,38.01301943732696,63.63636363636363,21.0,Priority for action,Low agreement,57.79013983533151,26.16734117989168,cumulative,hansen,25.0,25.333333333333332,21.0,False,0.002159209075474747,57.79229904440698,52.90782373144584,66.05125999831893,15.0,57.79229904440698,195.83333333333337,25.0,0.002159209075474747,345.4750102622043,36.0
TENGAH,emergency_services,emergency_services,11.593431051265984,47.27272727272727,30.0,Priority for action,Low agreement,40.40400529082789,17.6256828424323,cumulative,hansen,28.0,30.666666666666668,18.0,False,3.51132125140035e-05,40.4040404040404,7.025224872988297,3.5126124364941487,23.0,40.4040404040404,3.3333333333333335,28.0,3.51132125140035e-05,8.778308987760544,41.0
TENGAH,essential_services,essential_services,36.47424079194404,58.18181818181818,24.0,Priority for action,Low agreement,52.91258867493019,24.303107170181466,2sfca,hansen,26.0,27.666666666666668,21.0,False,0.0019524564110745995,52.91454113134127,52.91454113134127,103.02772580591343,18.0,50.081922446750404,152.83333333333334,26.0,0.0019524564110745995,312.39655760385,39.0
TENGAH,transport_services,transport_services,31.002835072568416,34.54545454545455,37.0,Priority for action,Low agreement,47.99985837772323,21.505177387693738,cumulative,hansen,30.0,32.0,22.0,False,0.006927033642337172,48.00678541136556,42.79879976040521,129.20757992697864,22.0,48.00678541136556,382.3333333333333,30.0,0.006927033642337172,595.2220380856276,44.0
TOA PAYOH,community_spaces,community_spaces,36.57814176417499,78.18181818181819,13.0,Priority for action,Low agreement,83.47475499367607,34.09123410825567,cumulative,hansen,19.0,20.666666666666668,27.0,False,0.005593923309139161,83.4803489169852,39.76078760757041,20.87169454980001,19.0,83.4803489169852,851.75,8.0,0.005593923309139161,177.99386508312867,35.0
TOA PAYOH,education_institutions,education_institutions,45.07102842742306,85.45454545454545,9.0,Needs improvement,Low agreement,95.96844112390053,39.21651325360159,cumulative,hansen,19.0,14.333333333333334,18.0,False,0.06514516052892694,96.03358628442946,51.68953524475698,64.53032256578157,19.0,96.03358628442946,325.4166666666667,3.0,0.06514516052892694,10423.272696422677,21.0
TOA PAYOH,emergency_services,emergency_services,17.11410796710773,74.54545454545455,15.0,Priority for action,Low agreement,68.68639631876822,30.91062625252968,cumulative,hansen,12.0,15.0,19.0,False,0.0004723681004641206,68.68686868686868,6.7531850386077075,3.376592519303854,26.0,68.68686868686868,5.666666666666667,12.0,0.0004723681004641206,118.09210393899056,7.0
TOA PAYOH,essential_services,essential_services,55.182826217468154,89.0909090909091,7.0,Needs improvement,Low agreement,83.23942864985095,33.99451914929823,cumulative,hansen,10.0,7.333333333333333,10.0,False,16.760571350149046,100.0,60.30930962484688,117.42577527318645,11.0,100.0,305.1666666666667,1.0,16.760571350149046,2681721.7345090425,10.0
TOA PAYOH,transport_services,transport_services,42.377163461275416,72.72727272727273,16.0,Needs improvement,Low agreement,79.27207798802601,32.40401539455524,cumulative,hansen,21.0,18.666666666666668,17.0,False,8.439966117147865,87.71204410517387,44.60552961019256,133.39435125949038,21.0,87.71204410517387,694.4166666666666,9.0,8.439966117147865,675442.2624391346,26.0
TUAS,community_spaces,community_spaces,0.0,1.8181818181818181,55.0,Priority for action,High agreement,0.0,0.0,2sfca,2sfca,55.0,55.0,0.0,True,0.0,0.0,0.0,0.0,55.0,0.0,0.0,55.0,0.0,0.0,55.0
TUAS,education_institutions,education_institutions,0.08249865439417224,7.2727272727272725,52.0,Priority for action,High agreement,0.12564806407475146,0.05396300388825067,2sfca,hansen,52.0,52.0,0.0,True,8.102675245834118e-07,0.12564887434227603,0.12564887434227603,0.1568627450980392,52.0,0.09836987071388421,0.3333333333333333,52.0,8.102675245834118e-07,0.129643388660284,52.0
TUAS,emergency_services,emergency_services,14.44445273241582,61.81818181818181,22.0,Priority for action,Moderate agreement,22.222194595650965,9.993125966215366,cumulative,hansen,48.0,33.0,45.0,True,2.7626571255579617e-05,22.22222222222222,20.0,10.0,3.0,22.22222222222222,1.8333333333333333,48.0,2.7626571255579617e-05,6.906647423876252,48.0
TUAS,essential_services,essential_services,1.2699622867209677,3.6363636363636362,54.0,Priority for action,High agreement,2.277745384297805,0.9574126194584587,2sfca,hansen,54.0,53.666666666666664,1.0,True,1.7099714262264375e-05,2.2777624840120674,2.2777624840120674,4.434937611408199,54.0,0.6553795740032768,2.0,53.0,1.7099714262264375e-05,2.7359852139289296,54.0
TUAS,transport_services,transport_services,33.49950028163738,47.27272727272727,30.0,Priority for action,Low agreement,59.44104427108664,24.802871993846058,2sfca,hansen,40.0,32.666666666666664,38.0,False,0.011042445128185068,59.45208671621482,59.45208671621482,167.79857593387007,10.0,18.85072094995759,153.16666666666666,48.0,0.011042445128185068,924.5544689869738,40.0
WESTERN ISLANDS,community_spaces,community_spaces,8.28668940129245,10.909090909090908,50.0,Priority for action,High agreement,14.271473288394944,5.942146158574008,cumulative,hansen,48.0,39.0,29.0,True,0.626105854994256,14.8975791433892,10.238683632232668,5.374608759593817,48.0,14.8975791433892,152.0,49.0,0.626105854994256,19922.153902169655,20.0
WESTERN ISLANDS,education_institutions,education_institutions,5.448348988059858,10.909090909090908,50.0,Priority for action,High agreement,12.099252151914284,4.939500073882962,cumulative,hansen,49.0,49.0,2.0,True,0.0002419458934739867,12.099494097807758,6.056755169460528,7.561382839612539,50.0,12.099494097807758,41.0,49.0,0.0002419458934739867,38.711517555309264,48.0
WESTERN ISLANDS,emergency_services,emergency_services,14.16263733462553,60.0,23.0,Priority for action,Moderate agreement,24.242390036350443,10.361379934900814,cumulative,hansen,42.0,30.333333333333332,41.0,True,3.420607380087419e-05,24.242424242424242,18.62828444863708,9.31414222431854,4.0,24.242424242424242,2.0,45.0,3.420607380087419e-05,8.551524158106101,42.0
WESTERN ISLANDS,essential_services,essential_services,5.415643885831407,9.090909090909092,51.0,Priority for action,High agreement,11.140990615670614,4.564033816960736,cumulative,hansen,49.0,49.666666666666664,6.0,True,0.00046214238509300644,11.141452758055706,6.374429383009474,12.411389168276644,53.0,11.141452758055706,34.0,49.0,0.00046214238509300644,73.94361759217367,47.0
WESTERN ISLANDS,transport_services,transport_services,2.8354401492729404,3.6363636363636362,54.0,Priority for action,High agreement,14.0373197625106,6.595385699368287,cumulative,2sfca,51.0,46.333333333333336,22.0,True,0.0,14.0373197625106,0.0,30.029062494577385,55.0,14.0373197625106,115.33333333333331,51.0,0.09325398923606806,7503.465900397366,33.0
WESTERN WATER CATCHMENT,community_spaces,community_spaces,2.8446594443008273,5.454545454545454,53.0,Priority for action,High agreement,4.23624755343592,1.7445339250569605,2sfca,hansen,52.0,42.0,32.0,True,0.20576179591966334,4.442009349355583,4.442009349355583,2.331751152470966,53.0,2.8096311542356824,28.666666666666668,52.0,0.20576179591966334,6547.164721109283,21.0
WESTERN WATER CATCHMENT,education_institutions,education_institutions,4.303313812936887,9.090909090909092,51.0,Priority for action,High agreement,6.442416673165516,2.8253085414760357,2sfca,hansen,51.0,50.333333333333336,2.0,True,4.612312675295822e-05,6.4424627962922685,6.4424627962922685,8.04290849964561,49.0,5.410342889263632,18.333333333333332,51.0,4.612312675295822e-05,7.379733565078539,51.0
WESTERN WATER CATCHMENT,emergency_services,emergency_services,3.620416149389411,7.2727272727272725,52.0,Priority for action,High agreement,12.121207200068259,5.241901879976608,cumulative,hansen,51.0,51.0,0.0,True,4.921143862904952e-06,12.121212121212121,2.392344497607656,1.196172248803828,51.0,12.121212121212121,1.0,51.0,4.921143862904952e-06,1.2302867869060077,51.0
WESTERN WATER CATCHMENT,essential_services,essential_services,4.248152171777415,7.2727272727272725,52.0,Priority for action,High agreement,6.617428613560225,2.77967162329579,2sfca,hansen,52.0,51.666666666666664,1.0,True,7.559449075607183e-05,6.617504208050981,6.617504208050981,12.884670158515895,52.0,4.696886947023484,14.333333333333334,51.0,7.559449075607183e-05,12.09525526514333,52.0
WESTERN WATER CATCHMENT,transport_services,transport_services,17.862597156541497,16.363636363636363,47.0,Priority for action,Low agreement,32.46422701479607,13.791516117420692,2sfca,hansen,51.0,45.0,20.0,True,0.0024811517601130567,32.46670816655619,32.46670816655619,105.26481676562172,32.0,8.142493638676845,69.0,52.0,0.0024811517601130567,239.44398458888028,51.0
WOODLANDS,community_spaces,community_spaces,26.552824364482674,40.0,34.0,Priority for action,Low agreement,35.23186188150086,15.027441231283648,2sfca,hansen,20.0,24.666666666666668,26.0,True,3.5671440918937307,38.79900597339459,38.79900597339459,20.36682496094149,20.0,30.415890751086284,310.3333333333333,40.0,3.5671440918937307,113503.48031895356,14.0
WOODLANDS,education_institutions,education_institutions,44.79648516695722,81.81818181818183,11.0,Needs improvement,Low agreement,52.336928949226525,22.024000638469857,2sfca,hansen,9.0,16.333333333333332,22.0,False,11.128149343039084,63.46507829226561,63.46507829226561,79.23116264191779,9.0,48.627506089563425,164.77777777777777,31.0,11.128149343039084,1780511.92547923,9.0
WOODLANDS,emergency_services,emergency_services,10.751295953133642,38.18181818181819,35.0,Priority for action,Low agreement,32.322936639179424,13.67208566364702,cumulative,hansen,14.0,20.333333333333332,29.0,True,0.0002956840528970696,32.32323232323232,8.57312156654262,4.28656078327131,14.0,32.32323232323232,2.6666666666666665,38.0,0.0002956840528970696,73.92106256437393,9.0
WOODLANDS,essential_services,essential_services,46.75116237659034,78.18181818181819,13.0,Needs improvement,Low agreement,40.65960179018836,16.60143186464673,2sfca,hansen,9.0,15.666666666666666,24.0,False,22.240246363066266,62.899848153254624,62.899848153254624,122.46970625109988,9.0,43.14582195521572,131.66666666666666,31.0,22.240246363066266,3558479.648853982,7.0
WOODLANDS,transport_services,transport_services,39.74868297512984,61.81818181818181,22.0,Priority for action,Low agreement,62.263211655918774,26.016543401516454,2sfca,hansen,34.0,26.0,26.0,False,0.038380643745370105,62.301592299664144,62.301592299664144,174.40179239704077,9.0,42.9318631608708,342.44444444444446,35.0,0.038380643745370105,3112.271405196674,34.0
YISHUN,community_spaces,community_spaces,28.202779380318514,47.27272727272727,30.0,Priority for action,Moderate agreement,26.907168753391353,11.578385007326798,2sfca,hansen,22.0,22.333333333333332,33.0,True,10.505819769752827,37.41298852314418,37.41298852314418,19.63926057897207,22.0,31.72269593910288,323.6666666666667,39.0,10.505819769752827,334286.2179804924,6.0
YISHUN,education_institutions,education_institutions,36.46752335221461,61.81818181818181,22.0,Priority for action,Low agreement,39.0310962784363,16.568043340764945,2sfca,hansen,20.0,22.666666666666668,28.0,False,11.123452246524762,50.154548524961065,50.154548524961065,62.61401227795269,20.0,40.266067078883275,136.44444444444446,38.0,11.123452246524762,1779760.386647294,10.0
YISHUN,emergency_services,emergency_services,12.793277853605208,52.72727272727272,27.0,Priority for action,Moderate agreement,22.561612364243945,9.822352779445572,cumulative,2sfca,22.0,21.666666666666668,39.0,True,7.068017265385687,29.629629629629633,7.068017265385687,3.5340086326928435,22.0,29.629629629629633,2.4444444444444446,41.0,11.111144316621456,2777787.9332460356,2.0
YISHUN,essential_services,essential_services,36.654853220185416,60.0,23.0,Priority for action,Low agreement,57.2505480887208,23.98245862586859,2sfca,hansen,21.0,24.333333333333332,20.0,False,0.0242304780645364,57.274778566785336,57.274778566785336,111.517364709378,16.0,40.05097396686693,122.22222222222224,36.0,0.0242304780645364,3876.920321253489,21.0
YISHUN,transport_services,transport_services,27.982507746873488,27.27272727272727,41.0,Priority for action,Moderate agreement,25.424688472391303,11.045269757269233,2sfca,hansen,29.0,32.333333333333336,20.0,True,11.125448239068243,36.550136711459544,36.550136711459544,114.727427665737,29.0,31.849024597116205,255.33333333333337,44.0,11.125448239068243,890345.7680534531,24.0
