id,text,event_date,location,event,start_loc,end_loc,parent_road,cleaned_location,start_lat,start_lng,start_postal_code,end_lat,end_lng,end_postal_code,start_planning_area,start_planning_area_id,start_subzone,start_subzone_id,start_street_name,start_street_id,end_planning_area,end_planning_area_id,end_subzone,end_subzone_id,end_street_name,end_street_id
1,,2014-03-20,YISHUN MRT,flash_flood,,,,,1.429525,103.834995,769093,,,,YISHUN,PA_55,YISHUN WEST,SZ_316,YISHUN AVENUE 2,RN_14635,,,,,,
2,,2014-04-04,2 KAKI BUKIT ROAD 3,flash_flood,,,,,1.337334,103.901943,416161,,,,BEDOK,PA_01,KAKI BUKIT,SZ_211,KAKI BUKIT AVENUE 2,RN_48617,,,,,,
3,,2014-04-23,PSC BUILDING,flash_flood,,,,,1.328863,103.706189,629813,,,,JURONG WEST,PA_13,KIAN TECK,SZ_105,INTERNATIONAL ROAD,RN_58578,,,,,,
4,,2014-04-23,21229 (BUS STOP),flash_flood,,,,,1.342064,103.71602,648923,,,,JURONG WEST,PA_13,TAMAN JURONG,SZ_208,CORPORATION ROAD,RN_12866,,,,,,
5,,2014-05-16,TENGAH FLYOVER,flash_flood,,,,,1.363822,103.707043,648170,,,,TENGAH,PA_49,TENGAH INDUSTRIAL ESTATE,SZ_113,KRANJI EXPRESSWAY,RN_11186,,,,,,
6,,2014-05-16,PSC BUILDING,flash_flood,,,,,1.328863,103.706189,629813,,,,JURONG WEST,PA_13,KIAN TECK,SZ_105,INTERNATIONAL ROAD,RN_58578,,,,,,
7,,2014-05-16,21229 (BUS STOP),flash_flood,,,,,1.342064,103.71602,648923,,,,JURONG WEST,PA_13,TAMAN JURONG,SZ_208,CORPORATION ROAD,RN_12866,,,,,,
8,,2014-06-25,45019 (BUS STOP),flash_flood,,,,,1.388299,103.755539,682036,,,,BUKIT PANJANG,PA_05,SENJA,SZ_247,WOODLANDS ROAD,RN_58835,,,,,,
9,,2014-06-25,45061 (BUS STOP),flash_flood,,,,,1.407181,103.756063,729678,,,,SUNGEI KADUT,PA_28,GALI BATU,SZ_277,WOODLANDS ROAD,RN_39329,,,,,,
10,,2014-07-09,45019 (BUS STOP),flash_flood,,,,,1.388299,103.755539,682036,,,,BUKIT PANJANG,PA_05,SENJA,SZ_247,WOODLANDS ROAD,RN_58835,,,,,,
11,,2014-07-09,COMMONWEALTH LANE,flash_flood,,,,,1.304553,103.797475,149547,,,,QUEENSTOWN,PA_17,HOLLAND DRIVE,SZ_227,COMMONWEALTH LANE,RN_42837,,,,,,
14,,2014-07-29,BASSEIN ROAD,flash_flood,,,,,1.323316,103.848088,309838,,,,NOVENA,PA_25,BALESTIER,SZ_175,BASSEIN ROAD,RN_06124,,,,,,
12,,2014-07-29,MACKENZIE ROAD,flash_flood,,,,,1.305873,103.848002,228708,,,,NEWTON,PA_44,ISTANA NEGARA,SZ_074,MACKENZIE ROAD,RN_37063,,,,,,
13,,2014-07-29,KRAMAT LANE,flash_flood,,,,,1.300979,103.842274,228750,,,,ORCHARD,PA_45,SOMERSET,SZ_079,KRAMAT LANE,RN_45813,,,,,,
15,,2014-09-03,14379 (BUS STOP),flash_flood,,,,,1.272438,103.823794,090109,,,,BUKIT MERAH,PA_04,TELOK BLANGAH RISE,SZ_036,LOWER DELTA ROAD,RN_02635,,,,,,
16,,2014-09-24,2 MANDAI ROAD,flash_flood,,,,,1.402422,103.815417,779403,,,,YISHUN,PA_55,NEE SOON,SZ_327,MANDAI ROAD,RN_49287,,,,,,
17,,2014-10-04,21329 (BUS STOP),flash_flood,,,,,1.326915,103.709018,619625,,,,BOON LAY,PA_02,TUKANG,SZ_147,JALAN BOON LAY,RN_33711,,,,,,
18,,2014-10-04,LORONG BUANGKOK,flash_flood,,,,,1.383418,103.877972,805910,,,,HOUGANG,PA_11,TRAFALGAR,SZ_243,LORONG BUANG KOK,RN_01995,,,,,,
19,,2014-10-31,45061 (BUS STOP),flash_flood,,,,,1.407181,103.756063,729678,,,,SUNGEI KADUT,PA_28,GALI BATU,SZ_277,WOODLANDS ROAD,RN_39329,,,,,,
20,,2014-11-06,58161 (BUS STOP),flash_flood,,,,,1.460528,103.820374,757443,,,,SEMBAWANG,PA_19,THE WHARVES,SZ_296,ADMIRALTY ROAD WEST,RN_12134,,,,,,
21,,2014-11-08,42241 (BUS STOP),flash_flood,,,,,1.337118,103.767085,598112,,,,BUKIT TIMAH,PA_06,ANAK BUKIT,SZ_152,LORONG KISMIS,RN_16088,,,,,,
22,,2014-11-08,40099 (BUS STOP),flash_flood,,,,,1.321852,103.82344,259372,,,,NOVENA,PA_25,DUNEARN,SZ_150,DUNEARN ROAD,RN_21459,,,,,,
27,,2014-11-13,YISHUN MRT,flash_flood,,,,,1.429525,103.834995,769093,,,,YISHUN,PA_55,YISHUN WEST,SZ_316,YISHUN AVENUE 2,RN_14635,,,,,,
26,,2014-11-13,SEMBAWANG SHOPPING CENTRE,flash_flood,,,,,1.441853,103.82497,758459,,,,SEMBAWANG,PA_19,SEMBAWANG SPRINGS,SZ_323,JALAN JERUJU,RN_36359,,,,,,
23,,2014-11-13,TAN HENG LEE BUILDING,flash_flood,,,,,1.332819,103.884451,369610,,,,TOA PAYOH,PA_29,JOO SENG,SZ_192,HARVEY ROAD,RN_31700,,,,,,
24,,2014-11-13,LORONG GAMBIR,flash_flood,,,,,1.345476,103.875567,556140,,,,SERANGOON,PA_21,UPPER PAYA LEBAR,SZ_201,LORONG GAMBIR,RN_33851,,,,,,
25,,2014-11-13,LORONG ONG LYE,flash_flood,,,,,1.347784,103.879043,534965,,,,SERANGOON,PA_21,UPPER PAYA LEBAR,SZ_201,LORONG ONG LYE,RN_47177,,,,,,
28,,2014-11-17,LORONG GAMBIR,flash_flood,,,,,1.345476,103.875567,556140,,,,SERANGOON,PA_21,UPPER PAYA LEBAR,SZ_201,LORONG GAMBIR,RN_33851,,,,,,
29,,2014-11-17,LORONG ONG LYE,flash_flood,,,,,1.347784,103.879043,534965,,,,SERANGOON,PA_21,UPPER PAYA LEBAR,SZ_201,LORONG ONG LYE,RN_47177,,,,,,
30,,2014-11-17,63139 (BUS STOP),flash_flood,,,,,1.361202,103.891412,532373,,,,HOUGANG,PA_11,LORONG AH SOO,SZ_186,TAMPINES ROAD,RN_39560,,,,,,
31,,2014-11-17,HOUGANG AVE 1,flash_flood,,,,,1.353703,103.890681,530106,,,,HOUGANG,PA_11,LORONG AH SOO,SZ_186,HOUGANG AVENUE 3,RN_04518,,,,,,
32,,2014-11-17,MACPHERSON ROAD,flash_flood,,,,,1.328704,103.872121,348741,,,,GEYLANG,PA_53,KALLANG WAY,SZ_145,MACPHERSON ROAD,RN_15589,,,,,,
33,,2014-11-26,16 SUNSET DRIVE,flash_flood,,,,,1.325782,103.766715,597092,,,,CLEMENTI,PA_10,SUNSET WAY,SZ_151,SUNSET SQUARE,RN_47143,,,,,,
35,,2014-12-17,11429 (BUS STOP),flash_flood,,,,,1.30454,103.798363,149597,,,,QUEENSTOWN,PA_17,COMMONWEALTH,SZ_053,COMMONWEALTH DRIVE,RN_24868,,,,,,
34,,2014-12-17,ENTERPRISE ROAD,flash_flood,,,,,1.333312,103.705117,629840,,,,JURONG WEST,PA_13,KIAN TECK,SZ_105,ENTERPRISE ROAD,RN_55557,,,,,,
36,,2014-12-24,NATIONAL SHOOTING CENTRE,flash_flood,,,,,1.372792,103.682976,698910,,,,WESTERN WATER CATCHMENT,PA_32,MURAI,SZ_307,OLD CHOA CHU KANG ROAD,RN_00812,,,,,,
37,,2015-04-24,LORNIE VIADUCT,flash_flood,,,,,1.344614,103.8435,579847,,,,BISHAN,PA_51,MARYMOUNT,SZ_331,BRADDELL ROAD,RN_22685,,,,,,
38,,2015-05-03,NATIONAL SHOOTING CENTRE,flash_flood,,,,,1.372792,103.682976,698910,,,,WESTERN WATER CATCHMENT,PA_32,MURAI,SZ_307,OLD CHOA CHU KANG ROAD,RN_00812,,,,,,
39,,2015-06-08,CHIN BEE AVE,flash_flood,,,,,1.333502,103.712787,619941,,,,JURONG WEST,PA_13,CHIN BEE,SZ_193,CHIN BEE AVENUE,RN_07602,,,,,,
40,,2015-06-08,21229 (BUS STOP),flash_flood,,,,,1.342064,103.71602,648923,,,,JURONG WEST,PA_13,TAMAN JURONG,SZ_208,CORPORATION ROAD,RN_12866,,,,,,
41,,2015-08-11,NANYANG TECHNOLOGICAL UNIVERSITY NORTH SPINE,flash_flood,,,,,1.346176,103.682049,639798,,,,WESTERN WATER CATCHMENT,PA_32,MURAI,SZ_307,NANYANG AVENUE,RN_30318,,,,,,
42,,2015-08-12,TAMPINES STREET 32,flash_flood,,,,,1.353779,103.957994,520384,,,,TAMPINES,PA_47,TAMPINES EAST,SZ_185,TAMPINES STREET 32,RN_04239,,,,,,
43,,2015-09-09,JURONG WEST STREET 51,flash_flood,,,,,1.347889,103.720531,640511,,,,JURONG WEST,PA_13,HONG KAH,SZ_261,JURONG WEST STREET 51,RN_26696,,,,,,
44,,2015-12-02,12111 (BUS STOP),flash_flood,,,,,1.319118,103.77223,120343,,,,BUKIT TIMAH,PA_06,ULU PANDAN,SZ_132,ULU PANDAN ROAD,RN_56042,,,,,,
46,,2015-12-05,LORONG BUANGKOK,flash_flood,,,,,1.383418,103.877972,805910,,,,HOUGANG,PA_11,TRAFALGAR,SZ_243,LORONG BUANG KOK,RN_01995,,,,,,
45,,2015-12-05,CHURCH OF ST VINCENT DE PAUL,flash_flood,,,,,1.382224,103.876411,805910,,,,SERANGOON,PA_21,SELETAR HILLS,SZ_249,JALAN RESAK,RN_25232,,,,,,
47,,2015-12-05,ANG MO KIO STREET 31,flash_flood,,,,,1.365873,103.848056,560320,,,,ANG MO KIO,PA_52,TOWNSVILLE,SZ_330,ANG MO KIO STREET 31,RN_14831,,,,,,
51,,2015-12-10,CHANGI FLYOVER,flash_flood,,,,,1.345806,103.982914,819658,,,,CHANGI,PA_08,CHANGI AIRPORT,SZ_298,AIRPORT BOULEVARD,RN_54444,,,,,,
48,,2015-12-10,21229 (BUS STOP),flash_flood,,,,,1.342064,103.71602,648923,,,,JURONG WEST,PA_13,TAMAN JURONG,SZ_208,CORPORATION ROAD,RN_12866,,,,,,
49,,2015-12-10,69 BOON KENG ROAD,flash_flood,,,,,1.317147,103.862497,339772,,,,KALLANG,PA_22,BENDEMEER,SZ_174,BOON KENG ROAD,RN_59294,,,,,,
50,,2015-12-10,MAXWELL FOOD CENTRE,flash_flood,,,,,1.280331,103.844747,088437,,,,DOWNTOWN CORE,PA_40,MAXWELL,SZ_040,MAXWELL ROAD,RN_57993,,,,,,
52,,2015-12-11,PEK KIO CC,flash_flood,,,,,1.313059,103.851374,219458,,,,KALLANG,PA_22,KAMPONG JAVA,SZ_129,GLOUCESTER ROAD,RN_12418,,,,,,
53,,2015-12-11,BALESTIER POINT,flash_flood,,,,,1.322812,103.852026,329735,,,,NOVENA,PA_25,BALESTIER,SZ_175,BALESTIER ROAD,RN_30240,,,,,,
54,,2015-12-11,50199 (BUS STOP),flash_flood,,,,,1.324968,103.850509,308231,,,,NOVENA,PA_25,BALESTIER,SZ_175,BALESTIER ROAD,RN_31680,,,,,,
55,,2015-12-11,69 BOON KENG ROAD,flash_flood,,,,,1.317147,103.862497,339772,,,,KALLANG,PA_22,BENDEMEER,SZ_174,BOON KENG ROAD,RN_59294,,,,,,
56,,2015-12-11,21229 (BUS STOP),flash_flood,,,,,1.342064,103.71602,648923,,,,JURONG WEST,PA_13,TAMAN JURONG,SZ_208,CORPORATION ROAD,RN_12866,,,,,,
57,,2015-12-11,NEO PEE TECK LANE,flash_flood,,,,,1.292623,103.769021,118759,,,,QUEENSTOWN,PA_17,PASIR PANJANG 1,SZ_025,NEO PEE TECK LANE,RN_48508,,,,,,
58,,2016-01-22,NEO PEE TECK LANE,flash_flood,,,,,1.292623,103.769021,118759,,,,QUEENSTOWN,PA_17,PASIR PANJANG 1,SZ_025,NEO PEE TECK LANE,RN_48508,,,,,,
59,,2016-04-09,MARKET & HAWKER CENTRE (BLK 20 GHIM MOH ROAD),flash_flood,,,,,1.277368,103.818652,090011,,,,BUKIT MERAH,PA_04,TELOK BLANGAH WAY,SZ_039,TELOK BLANGAH CRESCENT,RN_58980,,,,,,
60,,2016-04-20,2 ENTERPRISE ROAD,flash_flood,,,,,1.333642,103.707847,629814,,,,JURONG WEST,PA_13,KIAN TECK,SZ_105,ENTERPRISE ROAD,RN_40622,,,,,,
61,,2016-05-11,45061 (BUS STOP),flash_flood,,,,,1.407181,103.756063,729678,,,,SUNGEI KADUT,PA_28,GALI BATU,SZ_277,WOODLANDS ROAD,RN_39329,,,,,,
62,,2016-05-11,YISHUN MRT,flash_flood,,,,,1.429525,103.834995,769093,,,,YISHUN,PA_55,YISHUN WEST,SZ_316,YISHUN AVENUE 2,RN_14635,,,,,,
63,,2016-05-18,PSC BUILDING,flash_flood,,,,,1.328863,103.706189,629813,,,,JURONG WEST,PA_13,KIAN TECK,SZ_105,INTERNATIONAL ROAD,RN_58578,,,,,,
64,,2016-06-17,ENTERPRISE ROAD,flash_flood,,,,,1.333312,103.705117,629840,,,,JURONG WEST,PA_13,KIAN TECK,SZ_105,ENTERPRISE ROAD,RN_55557,,,,,,
65,,2016-06-17,21229 (BUS STOP),flash_flood,,,,,1.342064,103.71602,648923,,,,JURONG WEST,PA_13,TAMAN JURONG,SZ_208,CORPORATION ROAD,RN_12866,,,,,,
66,,2016-06-17,TUAS UNDERPASS,flash_flood,,,,,1.321705,103.663691,638481,,,,PIONEER,PA_15,GUL CIRCLE,SZ_138,JALAN AHMAD IBRAHIM,RN_12122,,,,,,
67,,2016-07-08,21229 (BUS STOP),flash_flood,,,,,1.342064,103.71602,648923,,,,JURONG WEST,PA_13,TAMAN JURONG,SZ_208,CORPORATION ROAD,RN_12866,,,,,,
68,,2016-07-13,21229 (BUS STOP),flash_flood,,,,,1.342064,103.71602,648923,,,,JURONG WEST,PA_13,TAMAN JURONG,SZ_208,CORPORATION ROAD,RN_12866,,,,,,
69,,2016-07-26,NEO PEE TECK LANE,flash_flood,,,,,1.292623,103.769021,118759,,,,QUEENSTOWN,PA_17,PASIR PANJANG 1,SZ_025,NEO PEE TECK LANE,RN_48508,,,,,,
70,,2016-09-14,50 HOUGANG AVE 1,flash_flood,,,,,1.360305,103.888083,530211,,,,HOUGANG,PA_11,LORONG AH SOO,SZ_186,HOUGANG AVENUE 1,RN_06992,,,,,,
72,,2016-12-24,BALMORAL ROAD,flash_flood,,,,,1.313244,103.830181,257878,,,,NEWTON,PA_44,GOODWOOD PARK,SZ_125,BALMORAL ROAD,RN_29718,,,,,,
73,,2016-12-24,CAIRNHILL ROAD,flash_flood,,,,,1.308031,103.836841,228512,,,,NEWTON,PA_44,CAIRNHILL,SZ_056,CAIRNHILL ROAD,RN_34182,,,,,,
74,,2016-12-24,STEVENS ROAD,flash_flood,,,,,1.31317,103.828976,257878,,,,TANGLIN,PA_48,NASSIM,SZ_134,STEVENS ROAD,RN_23402,,,,,,
75,,2016-12-24,UPPER THOMSON ROAD,flash_flood,,,,,1.373054,103.828958,574419,,,,ANG MO KIO,PA_52,SEMBAWANG HILLS,SZ_171,UPPER THOMSON ROAD,RN_13129,,,,,,
76,,2016-12-24,ORCHARD ROAD,flash_flood,,,,,1.303228,103.83668,229921,,,,ORCHARD,PA_45,SOMERSET,SZ_079,BIDEFORD ROAD,RN_44766,,,,,,
71,,2016-12-24,NEWTON CIRCUS,flash_flood,,,,,1.313224,103.838945,307943,,,,NEWTON,PA_44,NEWTON CIRCUS,SZ_108,NEWTON CIRCUS,RN_21918,,,,,,
77,,2017-01-19,53041 (BUS STOP),flash_flood,,,,,1.353078,103.834364,574359,,,,BISHAN,PA_51,UPPER THOMSON,SZ_328,UPPER THOMSON ROAD,RN_10933,,,,,,
78,,2017-01-23,134 TANJONG PAGAR ROAD,flash_flood,,,,,1.277471,103.843403,088534,,,,OUTRAM,PA_46,CHINATOWN,SZ_003,CRAIG ROAD,RN_58647,,,,,,
79,,2017-01-23,MAXWELL FOOD CENTRE,flash_flood,,,,,1.280331,103.844747,088437,,,,DOWNTOWN CORE,PA_40,MAXWELL,SZ_040,MAXWELL ROAD,RN_57993,,,,,,
80,,2017-02-03,TAMPINES STREET 22,flash_flood,,,,,1.349038,103.951095,520272,,,,TAMPINES,PA_47,TAMPINES EAST,SZ_185,TAMPINES STREET 22,RN_46714,,,,,,
81,,2017-02-03,LORONG HALUS,flash_flood,,,,,1.386169,103.923226,533850,,,,PASIR RIS,PA_14,PASIR RIS WAFER FAB PARK,SZ_242,LORONG HALUS,RN_00133,,,,,,
82,,2017-02-04,TAMPINES FLYOVER,flash_flood,,,,,1.381657,103.917491,520175,,,,PAYA LEBAR,PA_54,PAYA LEBAR WEST,SZ_229,TAMPINES EXPRESSWAY,RN_35924,,,,,,
83,,2017-02-04,BEDOK NORTH FLYOVER,flash_flood,,,,,1.332028,103.920369,460540,,,,BEDOK,PA_01,BEDOK NORTH,SZ_095,PAN ISLAND EXPRESSWAY,RN_26095,,,,,,
84,,2017-02-08,TOA PAYOH LORONG 1,flash_flood,,,,,1.338046,103.844734,310127,,,,TOA PAYOH,PA_29,TOA PAYOH WEST,SZ_210,LORONG 1A TOA PAYOH,RN_39069,,,,,,
85,,2017-02-08,TOA PAYOH LORONG 2,flash_flood,,,,,1.336287,103.846514,319640,,,,TOA PAYOH,PA_29,TOA PAYOH CENTRAL,SZ_096,LORONG 2 TOA PAYOH,RN_56358,,,,,,
86,,2017-02-08,ORCHARD MRT EXIT 10,flash_flood,,,,,1.304048,103.831124,238878,,,,ORCHARD,PA_45,BOULEVARD,SZ_073,PATERSON ROAD,RN_45450,,,,,,
87,,2017-02-08,STAMFORD HOUSE,flash_flood,,,,,1.294162,103.850711,179949,,,,DOWNTOWN CORE,PA_40,CITY HALL,SZ_088,STAMFORD ROAD,RN_38206,,,,,,
88,,2017-04-18,MOUNT ELIZABETH MEDICAL CENTRE,flash_flood,,,,,1.322137,103.844361,329562,,,,NOVENA,PA_25,BALESTIER,SZ_175,IRRAWADDY ROAD,RN_48581,,,,,,
89,,2017-04-18,UNIVERSITY FLYOVER,flash_flood,,,,,1.303247,103.771674,120611,,,,QUEENSTOWN,PA_17,NATIONAL UNIVERSITY OF S'PORE,SZ_051,CLEMENTI ROAD,RN_01786,,,,,,
90,,2017-04-18,69 BOON KENG ROAD,flash_flood,,,,,1.317147,103.862497,339772,,,,KALLANG,PA_22,BENDEMEER,SZ_174,BOON KENG ROAD,RN_59294,,,,,,
91,,2017-04-18,40191 (BUS STOP),flash_flood,,,,,1.312686,103.830427,259978,,,,NEWTON,PA_44,ORANGE GROVE,SZ_063,STEVENS ROAD,RN_41127,,,,,,
92,,2017-04-18,09191 (BUS STOP),flash_flood,,,,,1.304887,103.825498,247918,,,,ORCHARD,PA_45,TANGLIN,SZ_142,TOMLINSON ROAD,RN_26180,,,,,,
93,,2017-04-21,UPPER CROSS STREET,flash_flood,,,,,1.285862,103.842811,058288,,,,OUTRAM,PA_46,PEARL'S HILL,SZ_018,UPPER CROSS STREET,RN_34661,,,,,,
94,,2017-04-27,KOVAN ROAD,flash_flood,,,,,1.358496,103.881234,548534,,,,HOUGANG,PA_11,KOVAN,SZ_162,KOVAN ROAD,RN_15481,,,,,,
96,,2017-04-27,63139 (BUS STOP),flash_flood,,,,,1.361202,103.891412,532373,,,,HOUGANG,PA_11,LORONG AH SOO,SZ_186,TAMPINES ROAD,RN_39560,,,,,,
95,,2017-04-27,TAI SENG DRIVE,flash_flood,,,,,1.337758,103.893213,535222,,,,HOUGANG,PA_11,TAI SENG,SZ_202,TAI SENG DRIVE,RN_46017,,,,,,
97,,2017-06-18,DAIRY FARM ROAD,flash_flood,,,,,1.353493,103.787868,289759,,,,CENTRAL WATER CATCHMENT,PA_07,CENTRAL WATER CATCHMENT,SZ_294,BUKIT TIMAH EXPRESSWAY,RN_44966,,,,,,
98,,2017-07-14,63139 (BUS STOP),flash_flood,,,,,1.361202,103.891412,532373,,,,HOUGANG,PA_11,LORONG AH SOO,SZ_186,TAMPINES ROAD,RN_39560,,,,,,
99,,2017-07-14,09191 (BUS STOP),flash_flood,,,,,1.304887,103.825498,247918,,,,ORCHARD,PA_45,TANGLIN,SZ_142,TOMLINSON ROAD,RN_26180,,,,,,
100,,2017-10-07,BISHAN MRT STATION,flash_flood,,,,,1.350706,103.848079,579827,,,,BISHAN,PA_51,BISHAN EAST,SZ_178,BISHAN ROAD,RN_36835,,,,,,
101,,2017-10-07,BRADDEL MRT STATION,flash_flood,,,,,1.340605,103.847231,319758,,,,TOA PAYOH,PA_29,BRADDELL,SZ_205,LORONG 2 TOA PAYOH,RN_46599,,,,,,
102,,2017-10-30,STAMFORD ROAD,flash_flood,,,,,1.294094,103.850124,178892,,,,MUSEUM,PA_43,BRAS BASAH,SZ_078,HILL STREET,RN_35690,,,,,,
103,,2017-10-30,VICTORIA STREET,flash_flood,,,,,1.300563,103.855781,188045,,,,ROCHOR,PA_35,VICTORIA,SZ_048,VICTORIA STREET,RN_61473,,,,,,
104,,2017-10-30,MOUNT ELIZABETH,flash_flood,,,,,1.32211,103.844317,329562,,,,NOVENA,PA_25,BALESTIER,SZ_175,IRRAWADDY ROAD,RN_48581,,,,,,
105,,2017-11-09,63139 (BUS STOP),flash_flood,,,,,1.361202,103.891412,532373,,,,HOUGANG,PA_11,LORONG AH SOO,SZ_186,TAMPINES ROAD,RN_39560,,,,,,
106,,2017-11-18,MANDAI ROAD,flash_flood,,,,,1.40743,103.783828,729979,,,,CENTRAL WATER CATCHMENT,PA_07,CENTRAL WATER CATCHMENT,SZ_294,MANDAI LAKE ROAD,RN_51893,,,,,,
107,,2017-11-18,YISHUN MRT,flash_flood,,,,,1.429525,103.834995,769093,,,,YISHUN,PA_55,YISHUN WEST,SZ_316,YISHUN AVENUE 2,RN_14635,,,,,,
109,,2017-11-22,09191 (BUS STOP),flash_flood,,,,,1.304887,103.825498,247918,,,,ORCHARD,PA_45,TANGLIN,SZ_142,TOMLINSON ROAD,RN_26180,,,,,,
108,,2017-11-22,40191 (BUS STOP),flash_flood,,,,,1.312686,103.830427,259978,,,,NEWTON,PA_44,ORANGE GROVE,SZ_063,STEVENS ROAD,RN_41127,,,,,,
110,,2017-12-15,PASIR RIS FARMWAY,flash_flood,,,,,1.385908,103.934912,518221,,,,PASIR RIS,PA_14,PASIR RIS WAFER FAB PARK,SZ_242,PASIR RIS DRIVE 12,RN_32125,,,,,,
111,,2018-01-08,TAMPINES ROAD,flash_flood,,,,,1.362843,103.966929,509733,,,,PASIR RIS,PA_14,FLORA DRIVE,SZ_187,OLD TAMPINES ROAD,RN_12625,,,,,,
112,,2018-01-08,THE GLADES,flash_flood,,,,,1.327081,103.947772,469601,,,,BEDOK,PA_01,BEDOK SOUTH,SZ_157,NEW UPPER CHANGI ROAD,RN_49695,,,,,,
113,,2018-01-08,JALAN NIPAH,flash_flood,,,,,1.325939,103.95278,468585,,,,BEDOK,PA_01,BEDOK SOUTH,SZ_157,JALAN NIPAH,RN_33626,,,,,,
114,,2018-01-08,PAYA LEBAR QUARTER,flash_flood,,,,,1.316174,103.893139,437161,,,,GEYLANG,PA_53,GEYLANG EAST,SZ_121,PAYA LEBAR ROAD,RN_04898,,,,,,
115,,2018-01-08,ARUMUGAM ROAD,flash_flood,,,,,1.325178,103.891377,409961,,,,GEYLANG,PA_53,KAMPONG UBI,SZ_099,ARUMUGAM ROAD,RN_02719,,,,,,
116,,2018-01-08,CHANGI FIRE STATION,flash_flood,,,,,1.33488,103.951353,486123,,,,TAMPINES,PA_47,SIMEI,SZ_196,UPPER CHANGI ROAD,RN_10415,,,,,,
117,,2018-01-08,TAMPINES AVENUE 12,flash_flood,,,,,1.363297,103.944612,521637,,,,TAMPINES,PA_47,TAMPINES NORTH,SZ_169,TAMPINES AVENUE 12,RN_39723,,,,,,
118,,2018-01-09,134 TANJONG PAGAR ROAD,flash_flood,,,,,1.277471,103.843403,088534,,,,OUTRAM,PA_46,CHINATOWN,SZ_003,CRAIG ROAD,RN_58647,,,,,,
119,,2018-01-24,CRAIG ROAD,flash_flood,,,,,1.277854,103.842278,089688,,,,OUTRAM,PA_46,CHINATOWN,SZ_003,CRAIG ROAD,RN_56561,,,,,,
120,,2018-01-24,PSC BUILDING,flash_flood,,,,,1.328863,103.706189,629813,,,,JURONG WEST,PA_13,KIAN TECK,SZ_105,INTERNATIONAL ROAD,RN_58578,,,,,,
121,,2018-01-30,SELETAR NORTH LINK,flash_flood,,,,,1.424892,103.883643,797359,,,,SELETAR,PA_18,PULAU PUNGGOL BARAT,SZ_308,SELETAR NORTH LINK,RN_02221,,,,,,
122,,2018-01-31,ANG MO KIO INDUSTRIAL PARK 2,flash_flood,,,,,1.371047,103.862851,569500,,,,SERANGOON,PA_21,SERANGOON NORTH IND ESTATE,SZ_112,ANG MO KIO INDUSTRIAL PARK 2,RN_37649,,,,,,
123,,2018-03-17,21229,flash_flood,,,,,1.342064,103.71602,648923,,,,JURONG WEST,PA_13,TAMAN JURONG,SZ_208,CORPORATION ROAD,RN_12866,,,,,,
124,,2018-03-30,BUKIT BATOK ROAD,flash_flood,,,,,1.363244,103.742569,659203,,,,TENGAH,PA_49,BRICKLAND,SZ_285,BUKIT BATOK ROAD,RN_23630,,,,,,
125,,2018-03-30,CHOA CHU KANG AVENUE 1,flash_flood,,,,,1.37744,103.744383,680253,,,,CHOA CHU KANG,PA_09,KEAT HONG,SZ_173,HONG SAN WALK,RN_07912,,,,,,
126,,2018-03-30,CHUA CHU KANG CEMETERY OFFICE,flash_flood,,,,,1.374358,103.693645,698910,,,,WESTERN WATER CATCHMENT,PA_32,MURAI,SZ_307,OLD CHOA CHU KANG ROAD,RN_00812,,,,,,
127,,2018-03-30,LIM CHU KANG FARMWAY,flash_flood,,,,,1.428068,103.704222,718921,,,,LIM CHU KANG,PA_23,LIM CHU KANG,SZ_311,PERAHU ROAD,RN_53846,,,,,,
128,,2018-04-07,MARYMOUNT MRT STATION,flash_flood,,,,,1.348707,103.839423,570302,,,,BISHAN,PA_51,UPPER THOMSON,SZ_328,MARYMOUNT ROAD,RN_21282,,,,,,
129,,2018-04-20,TENGAH FLYOVER,flash_flood,,,,,1.363822,103.707043,648170,,,,TENGAH,PA_49,TENGAH INDUSTRIAL ESTATE,SZ_113,KRANJI EXPRESSWAY,RN_11186,,,,,,
130,,2018-04-23,40191,flash_flood,,,,,1.312686,103.830427,259978,,,,NEWTON,PA_44,ORANGE GROVE,SZ_063,STEVENS ROAD,RN_41127,,,,,,
131,,2018-04-23,GILSTEAD 2,flash_flood,,,,,1.31496,103.838459,307997,,,,NOVENA,PA_25,MOULMEIN,SZ_140,GILSTEAD ROAD,RN_17851,,,,,,
132,,2018-04-27,SELETAR NORTH LINK,flash_flood,,,,,1.424892,103.883643,797359,,,,SELETAR,PA_18,PULAU PUNGGOL BARAT,SZ_308,SELETAR NORTH LINK,RN_02221,,,,,,
133,,2018-05-01,BLK 448 CLEMENTI AVENUE 3,flash_flood,,,,,1.31332,103.764517,120448,,,,CLEMENTI,PA_10,CLEMENTI CENTRAL,SZ_128,CLEMENTI AVENUE 3,RN_22299,,,,,,
134,,2018-05-26,KRAMAT LANE,flash_flood,,,,,1.300979,103.842274,228750,,,,ORCHARD,PA_45,SOMERSET,SZ_079,KRAMAT LANE,RN_45813,,,,,,
135,,2018-05-26,CAVENAGH ROAD,flash_flood,,,,,1.308095,103.84214,229491,,,,NEWTON,PA_44,ISTANA NEGARA,SZ_074,CAVENAGH ROAD,RN_50042,,,,,,
136,,2018-06-20,21229,flash_flood,,,,,1.342064,103.71602,648923,,,,JURONG WEST,PA_13,TAMAN JURONG,SZ_208,CORPORATION ROAD,RN_12866,,,,,,
139,,2018-06-26,ENG NEO FLYOVER,flash_flood,,,,,1.339976,103.806539,288303,,,,BUKIT TIMAH,PA_06,HILLCREST,SZ_191,ENG NEO AVENUE,RN_00850,,,,,,
138,,2018-06-26,TOH TUCK AVENUE,flash_flood,,,,,1.33054,103.758726,596226,,,,CLEMENTI,PA_10,TOH TUCK,SZ_189,TOH TUCK AVENUE,RN_39716,,,,,,
137,,2018-06-26,KISMIS ROAD,flash_flood,,,,,1.335544,103.771203,599430,,,,BUKIT TIMAH,PA_06,ANAK BUKIT,SZ_152,KISMIS ROAD,RN_10720,,,,,,
140,,2018-06-29,LORONG KISMIS,flash_flood,,,,,1.336996,103.766805,598112,,,,BUKIT TIMAH,PA_06,ANAK BUKIT,SZ_152,LORONG KISMIS,RN_16088,,,,,,
141,,2018-06-29,BUKIT TIMAH,flash_flood,,,,,1.333937,103.792132,276308,,,,BUKIT TIMAH,PA_06,SWISS CLUB,SZ_153,DUNEARN ROAD,RN_28075,,,,,,
142,,2018-06-29,DUNEARN ROAD,flash_flood,,,,,1.321188,103.825058,297753,,,,NOVENA,PA_25,DUNEARN,SZ_150,DUNEARN ROAD,RN_35096,,,,,,
143,,2018-09-19,55189 (BUS STOP),flash_flood,,,,,1.382953,103.844225,569845,,,,ANG MO KIO,PA_52,YIO CHU KANG,SZ_252,ANG MO KIO AVENUE 6,RN_06674,,,,,,
144,,2018-10-16,21229 (BUS STOP),flash_flood,,,,,1.342064,103.71602,648923,,,,JURONG WEST,PA_13,TAMAN JURONG,SZ_208,CORPORATION ROAD,RN_12866,,,,,,
145,,2018-10-23,21229 (BUS STOP),flash_flood,,,,,1.342064,103.71602,648923,,,,JURONG WEST,PA_13,TAMAN JURONG,SZ_208,CORPORATION ROAD,RN_12866,,,,,,
146,,2018-11-10,CHOA CHU KANG WAY,flash_flood,,,,,1.377584,103.750314,688786,,,,CHOA CHU KANG,PA_09,KEAT HONG,SZ_173,CHOA CHU KANG WAY,RN_35106,,,,,,
147,,2018-11-10,CHOA CHU KANG AVENUE 1,flash_flood,,,,,1.37744,103.744383,680253,,,,CHOA CHU KANG,PA_09,KEAT HONG,SZ_173,HONG SAN WALK,RN_07912,,,,,,
148,,2018-11-10,BUKIT BATOK DRIVING CENTRE,flash_flood,,,,,1.3668,103.750142,659003,,,,BUKIT BATOK,PA_03,HONG KAH NORTH,SZ_161,BUKIT BATOK WEST AVENUE 5,RN_14888,,,,,,
149,,2018-11-11,LORONG 23 GEYLANG,flash_flood,,,,,1.315461,103.881255,388379,,,,GEYLANG,PA_53,ALJUNIED,SZ_301,LORONG 23 GEYLANG,RN_49871,,,,,,
150,,2018-11-11,ALJUNIED WEST FLYOVER,flash_flood,,,,,1.319295,103.87634,387381,,,,GEYLANG,PA_53,ALJUNIED,SZ_301,PAN ISLAND EXPRESSWAY,RN_07013,,,,,,
151,,2018-12-12,42059 (BUS STOP),flash_flood,,,,,1.336445,103.782762,596288,,,,BUKIT TIMAH,PA_06,SWISS CLUB,SZ_153,DUNEARN ROAD,RN_35955,,,,,,
152,,2018-12-12,41069,flash_flood,,,,,1.326528,103.807586,269733,,,,BUKIT TIMAH,PA_06,HILLCREST,SZ_191,DUNEARN ROAD,RN_57691,,,,,,
153,,2018-12-12,ORCHID VILLAGE,flash_flood,,,,,1.333111,103.800138,288735,,,,BUKIT TIMAH,PA_06,HILLCREST,SZ_191,VANDA ROAD,RN_36894,,,,,,
154,,2018-12-15,PSC BUILDING,flash_flood,,,,,1.328863,103.706189,629813,,,,JURONG WEST,PA_13,KIAN TECK,SZ_105,INTERNATIONAL ROAD,RN_58578,,,,,,
155,,2018-12-15,YUAN CHING ROAD,flash_flood,,,,,1.325468,103.725222,618642,,,,JURONG WEST,PA_13,TAMAN JURONG,SZ_208,JALAN AHMAD IBRAHIM,RN_31490,,,,,,
156,,2018-12-20,SEMBAWANG PARK,flash_flood,,,,,1.461362,103.8365,757600,,,,SEMBAWANG,PA_19,SEMBAWANG STRAITS,SZ_295,SEMBAWANG ROAD,RN_03907,,,,,,
157,,2019-05-19,NEO PEE TECK LANE,flash_flood,,,,,1.292623,103.769021,118759,,,,QUEENSTOWN,PA_17,PASIR PANJANG 1,SZ_025,NEO PEE TECK LANE,RN_48508,,,,,,
158,,2019-06-03,OPHIR ROAD,flash_flood,,,,,1.299961,103.859066,307584,,,,DOWNTOWN CORE,PA_40,BUGIS,SZ_047,OPHIR ROAD,RN_26519,,,,,,
159,,2019-06-03,COMMONWEALTH LANE,flash_flood,,,,,1.304553,103.797475,149547,,,,QUEENSTOWN,PA_17,HOLLAND DRIVE,SZ_227,COMMONWEALTH LANE,RN_42837,,,,,,
160,,2019-06-03,CRAIG ROAD,flash_flood,,,,,1.277854,103.842278,089688,,,,OUTRAM,PA_46,CHINATOWN,SZ_003,CRAIG ROAD,RN_56561,,,,,,
161,,2019-12-02,JURONG EAST STREET 32,flash_flood,,,,,1.346948,103.733825,600314,,,,JURONG EAST,PA_12,YUHUA WEST,SZ_204,JURONG EAST STREET 32,RN_05208,,,,,,
162,,2019-12-02,CHOA CHU KANG AVE 1,flash_flood,,,,,1.37744,103.744383,680253,,,,CHOA CHU KANG,PA_09,KEAT HONG,SZ_173,HONG SAN WALK,RN_07912,,,,,,
167,,2020-04-30,LICHI AVENUE,flash_flood,,,,,1.33316,103.876492,367874,,,,TOA PAYOH,PA_29,SENNETT,SZ_100,LICHI AVENUE,RN_03653,,,,,,
166,,2020-04-30,SERANGOON AVENUE 2,flash_flood,,,,,1.353626,103.867705,550304,,,,SERANGOON,PA_21,SERANGOON CENTRAL,SZ_177,SERANGOON AVENUE 2,RN_06077,,,,,,
168,,2020-04-30,JALAN TELITI,flash_flood,,,,,1.360393,103.890228,532373,,,,HOUGANG,PA_11,LORONG AH SOO,SZ_186,JALAN TELITI,RN_57570,,,,,,
164,,2020-04-30,LORONG GAMBIR,flash_flood,,,,,1.345476,103.875567,556140,,,,SERANGOON,PA_21,UPPER PAYA LEBAR,SZ_201,LORONG GAMBIR,RN_33851,,,,,,
165,,2020-04-30,50 HOUGANG AVENUE 1,flash_flood,,,,,1.360305,103.888083,530211,,,,HOUGANG,PA_11,LORONG AH SOO,SZ_186,HOUGANG AVENUE 1,RN_06992,,,,,,
163,,2020-04-30,UPPER PAYA LEBAR ROAD,flash_flood,,,,,1.335184,103.888238,534803,,,,TOA PAYOH,PA_29,JOO SENG,SZ_192,KALLANG PAYA LEBAR EXPRESSWAY,RN_59026,,,,,,
169,,2020-05-22,CRAIG ROAD,flash_flood,,,,,1.277854,103.842278,089688,,,,OUTRAM,PA_46,CHINATOWN,SZ_003,CRAIG ROAD,RN_56561,,,,,,
170,,2020-06-23,JURONG TOWN HALL ROAD,flash_flood,,,,,1.331977,103.739634,608516,,,,JURONG EAST,PA_12,JURONG GATEWAY,SZ_097,JURONG TOWN HALL ROAD,RN_58077,,,,,,
171,,2020-06-23,CHANGI FIRE STATION,flash_flood,,,,,1.33488,103.951353,486123,,,,TAMPINES,PA_47,SIMEI,SZ_196,UPPER CHANGI ROAD,RN_10415,,,,,,
172,,2020-06-23,NEW UPPER CHANGI ROAD,flash_flood,,,,,1.324064,103.940749,461059,,,,BEDOK,PA_01,BEDOK SOUTH,SZ_157,NEW UPPER CHANGI ROAD,RN_29751,,,,,,
173,,2020-07-09,PSC BUILDING,flash_flood,,,,,1.328863,103.706189,629813,,,,JURONG WEST,PA_13,KIAN TECK,SZ_105,INTERNATIONAL ROAD,RN_58578,,,,,,
174,,2020-08-13,ALJUNIED ROAD,flash_flood,,,,,1.322313,103.881475,370023,,,,GEYLANG,PA_53,MACPHERSON,SZ_093,ALJUNIED ROAD,RN_01951,,,,,,
175,,2020-08-14,CRAIG ROAD,flash_flood,,,,,1.277854,103.842278,089688,,,,OUTRAM,PA_46,CHINATOWN,SZ_003,CRAIG ROAD,RN_56561,,,,,,
176,,2020-08-14,TANJONG PAGAR ROAD,flash_flood,,,,,1.273715,103.842919,088542,,,,DOWNTOWN CORE,PA_40,ANSON,SZ_033,LIM TECK KIM ROAD,RN_36690,,,,,,
179,,2020-11-02,MOUNT VERNON ROAD,flash_flood,,,,,1.34041,103.879577,361222,,,,TOA PAYOH,PA_29,JOO SENG,SZ_192,MOUNT VERNON ROAD,RN_30253,,,,,,
177,,2020-11-02,UPPER PAYA LEBAR ROAD,flash_flood,,,,,1.335184,103.888238,534803,,,,TOA PAYOH,PA_29,JOO SENG,SZ_192,KALLANG PAYA LEBAR EXPRESSWAY,RN_59026,,,,,,
178,,2020-11-02,LORONG GAMBIR,flash_flood,,,,,1.345476,103.875567,556140,,,,SERANGOON,PA_21,UPPER PAYA LEBAR,SZ_201,LORONG GAMBIR,RN_33851,,,,,,
180,,2020-11-07,ALJUNIED ROAD,flash_flood,,,,,1.322313,103.881475,370023,,,,GEYLANG,PA_53,MACPHERSON,SZ_093,ALJUNIED ROAD,RN_01951,,,,,,
181,,2021-01-01,LORONG HALUS,flash_flood,,,,,1.386169,103.923226,533850,,,,PASIR RIS,PA_14,PASIR RIS WAFER FAB PARK,SZ_242,LORONG HALUS,RN_00133,,,,,,
182,,2021-01-02,PASIR RIS STREET 11,flash_flood,,,,,1.364996,103.958511,510136,,,,PASIR RIS,PA_14,PASIR RIS DRIVE,SZ_168,PASIR RIS STREET 11,RN_38367,,,,,,
183,,2021-03-23,BOON LAY WAY,flash_flood,,,,,1.344351,103.727438,648164,,,,JURONG EAST,PA_12,LAKESIDE (LEISURE),SZ_209,BOON LAY WAY,RN_54345,,,,,,
184,,2021-03-23,CORPORATION ROAD,flash_flood,,,,,1.338077,103.71708,618310,,,,JURONG WEST,PA_13,CHIN BEE,SZ_193,CORPORATION ROAD,RN_53657,,,,,,
185,,2021-03-23,ENTERPRISE ROAD,flash_flood,,,,,1.333312,103.705117,629840,,,,JURONG WEST,PA_13,KIAN TECK,SZ_105,ENTERPRISE ROAD,RN_55557,,,,,,
186,,2021-03-29,VICTORIA STREET,flash_flood,,,,,1.300563,103.855781,188030,,,,ROCHOR,PA_35,VICTORIA,SZ_048,VICTORIA STREET,RN_61473,,,,,,
187,,2021-04-17,DUNEARN ROAD,flash_flood,,,,,1.321188,103.825058,297753,,,,NOVENA,PA_25,DUNEARN,SZ_150,DUNEARN ROAD,RN_35096,,,,,,
188,,2021-04-17,SUNGEI ULU PANDAN,flash_flood,,,,,1.317109,103.773462,597596,,,,BUKIT TIMAH,PA_06,ULU PANDAN,SZ_132,PINE GROVE,RN_19184,,,,,,
189,,2021-07-12,CALTEX BINJAI PARK,flash_flood,,,,,1.335235,103.786793,589821,,,,BUKIT TIMAH,PA_06,SWISS CLUB,SZ_153,DUNEARN ROAD,RN_17784,,,,,,
190,,2021-08-20,75359 (BUS STOP),flash_flood,,,,,1.374387,103.931479,528764,,,,TAMPINES,PA_47,TAMPINES NORTH,SZ_169,TAMPINES AVENUE 10,RN_49226,,,,,,
191,,2021-08-24,DUNEARN ROAD,flash_flood,,,,,1.321188,103.825058,297753,,,,NOVENA,PA_25,DUNEARN,SZ_150,DUNEARN ROAD,RN_35096,,,,,,
192,,2021-08-30,HOUGANG AVENUE 8,flash_flood,,,,,1.373321,103.886366,530583,,,,HOUGANG,PA_11,HOUGANG WEST,SZ_228,HOUGANG AVENUE 8,RN_12644,,,,,,
193,,2021-08-30,PUNGGOL WEST FLYOVER,flash_flood,,,,,1.398885,103.896382,543287,,,,SENGKANG,PA_20,SENGKANG TOWN CENTRE,SZ_236,TAMPINES EXPRESSWAY,RN_02278,,,,,,
194,,2021-09-02,PUNGGOL WEST FLYOVER,flash_flood,,,,,1.398885,103.896382,543287,,,,SENGKANG,PA_20,SENGKANG TOWN CENTRE,SZ_236,TAMPINES EXPRESSWAY,RN_02278,,,,,,
195,,2021-09-06,JURONG EAST STREET 32,flash_flood,,,,,1.346948,103.733825,600314,,,,JURONG EAST,PA_12,YUHUA WEST,SZ_204,JURONG EAST STREET 32,RN_05208,,,,,,
196,,2021-11-23,JURONG EAST STREET 32,flash_flood,,,,,1.346948,103.733825,600314,,,,JURONG EAST,PA_12,YUHUA WEST,SZ_204,JURONG EAST STREET 32,RN_05208,,,,,,
197,,2022-02-27,BEDOK NORTH FLYOVER,flash_flood,,,,,1.332028,103.920369,460540,,,,BEDOK,PA_01,BEDOK NORTH,SZ_095,PAN ISLAND EXPRESSWAY,RN_26095,,,,,,
198,,2022-02-27,REGENT CENTRE,flash_flood,,,,,1.334035,103.899317,408609,,,,GEYLANG,PA_53,KAMPONG UBI,SZ_099,EUNOS LINK,RN_51393,,,,,,
199,,2022-03-02,209 PUNGGOL PLACE PUNGGOL CREST,flash_flood,,,,,1.398977,103.900937,820209,,,,PUNGGOL,PA_16,MATILDA,SZ_275,TAMPINES EXPRESSWAY,RN_10083,,,,,,
200,,2022-03-02,BUANGKOK FLYOVER,flash_flood,,,,,1.37684,103.910119,533952,,,,SENGKANG,PA_20,LORONG HALUS NORTH,SZ_231,BUANGKOK EAST DRIVE,RN_54479,,,,,,
203,,2022-03-07,SUNGEI TENGAH,flash_flood,,,,,1.398992,103.725111,698986,,,,WESTERN WATER CATCHMENT,PA_32,MURAI,SZ_307,SUNGEI TENGAH ROAD,RN_46838,,,,,,
201,,2022-03-07,JURONG EAST ST 32,flash_flood,,,,,1.346948,103.733825,600314,,,,JURONG EAST,PA_12,YUHUA WEST,SZ_204,JURONG EAST STREET 32,RN_05208,,,,,,
202,,2022-03-07,ENTERPRISE ROAD,flash_flood,,,,,1.333312,103.705117,629840,,,,JURONG WEST,PA_13,KIAN TECK,SZ_105,ENTERPRISE ROAD,RN_55557,,,,,,
204,,2022-10-05,LAVENDER MRT,flash_flood,,,,,1.307507,103.862938,208699,,,,KALLANG,PA_22,LAVENDER,SZ_117,KALLANG ROAD,RN_50766,,,,,,
205,,2022-11-07,BKE EXIT 8,flash_flood,,,,,1.416285,103.770721,738078,,,,SUNGEI KADUT,PA_28,TURF CLUB,SZ_303,BUKIT TIMAH EXPRESSWAY,RN_34605,,,,,,
206,,2022-11-12,TANAH MERAH MRT,flash_flood,,,,,1.327311,103.946452,465514,,,,BEDOK,PA_01,BEDOK NORTH,SZ_095,NEW UPPER CHANGI ROAD,RN_39936,,,,,,
207,,2022-12-11,BUANGKOK FLYOVER,flash_flood,,,,,1.37684,103.910119,533952,,,,SENGKANG,PA_20,LORONG HALUS NORTH,SZ_231,BUANGKOK EAST DRIVE,RN_54479,,,,,,
208,,2023-03-30,KRAMAT LANE,flash_flood,,,,,1.300979,103.842274,228750,,,,ORCHARD,PA_45,SOMERSET,SZ_079,KRAMAT LANE,RN_45813,,,,,,
209,,2023-03-30,CAVENAGH ROAD,flash_flood,,,,,1.308095,103.84214,229491,,,,NEWTON,PA_44,ISTANA NEGARA,SZ_074,CAVENAGH ROAD,RN_50042,,,,,,
210,,2023-07-20,42059 (BUS STOP),flash_flood,,,,,1.336445,103.782762,596288,,,,BUKIT TIMAH,PA_06,SWISS CLUB,SZ_153,DUNEARN ROAD,RN_35955,,,,,,
211,,2023-11-28,21229 (BUS STOP),flash_flood,,,,,1.342064,103.71602,648923,,,,JURONG WEST,PA_13,TAMAN JURONG,SZ_208,CORPORATION ROAD,RN_12866,,,,,,
212,,2024-02-03,DUNEARN ROAD,flash_flood,,,,,1.321188,103.825058,297753,,,,NOVENA,PA_25,DUNEARN,SZ_150,DUNEARN ROAD,RN_35096,,,,,,
213,,2024-10-14,DUNEARN ROAD,flash_flood,,,,,1.321188,103.825058,297753,,,,NOVENA,PA_25,DUNEARN,SZ_150,DUNEARN ROAD,RN_35096,,,,,,
305,"[Risk of Flash Floods]

Due to heavy rain, please avoid this location for the next 1 hour: TPE (Punggol West Flyover) [15:28 hours]",2024-11-16,TPE (Punggol West Flyover),flash_flood_risk,Tampines Expressway Punggol West Flyover,,,Tampines Expressway Punggol West Flyover,1.379707,103.915978,533760,,,,PAYA LEBAR,PA_54,PAYA LEBAR WEST,SZ_229,TAMPINES ROAD,RN_57253,,,,,,
214,,2024-12-29,DUNEARN ROAD,flash_flood,,,,,1.321188,103.825058,297753,,,,NOVENA,PA_25,DUNEARN,SZ_150,DUNEARN ROAD,RN_35096,,,,,,
300,"[Risk of Flash Floods]

Due to heavy rain, please avoid this location for the next 1 hour: PIE (towards Changi Airport) after TPE [07:40 hours]",2025-03-19,PIE (towards Changi Airport) after TPE,flash_flood_risk,Pan Island Expressway towards Changi Airport,Tampines Expressway,,Pan Island Expressway towards Changi Airport to Tampines Expressway,1.339305,103.974505,486769,1.3704809,103.9415043,519961,CHANGI,PA_08,CHANGI AIRPORT,SZ_298,PAN ISLAND EXPRESSWAY,RN_01505,TAMPINES,PA_47,TAMPINES NORTH,SZ_169,TAMPINES EXPRESSWAY,RN_36961
301,"[Risk of Flash Floods]

Due to heavy rain, please avoid this location for the next 1 hour: Mountbatten Road / Jalan Seaview [14:45 hours]",2025-03-19,Mountbatten Road / Jalan Seaview,flash_flood_risk,Mountbatten Road,Jalan Seaview,,Mountbatten Road and Jalan Seaview,1.3028098,103.8996285,439970,1.3008882,103.896421,438386,MARINE PARADE,PA_39,KATONG,SZ_072,MOUNTBATTEN ROAD,RN_19775,MARINE PARADE,PA_39,MOUNTBATTEN,SZ_300,JALAN SEAVIEW,RN_10396
298,"[Risk of Flash Floods]

Due to heavy rain, please avoid this location for the next 1 hour: ECP (towards Changi Airport) after Bayshore Rd Exit [13:40 hours]",2025-03-20,ECP (towards Changi Airport) after Bayshore Rd Exit,flash_flood_risk,East Coast Parkway towards Changi Airport,Bayshore Road Slip,,East Coast Parkway towards Changi Airport to Bayshore Road Slip,1.338224,103.980555,819665,1.312132,103.939068,469986,CHANGI,PA_08,CHANGI AIRPORT,SZ_298,EAST COAST PARKWAY,RN_49064,BEDOK,PA_01,BAYSHORE,SZ_136,BAYSHORE ROAD,RN_08420
297,"[Risk of Flash Floods]

Due to heavy rain, please avoid this location for the next 1 hour: Mountbatten Road/Jalan Seaview [13:50 hours]",2025-03-20,Mountbatten Road/Jalan Seaview,flash_flood_risk,Mountbatten Road,Jalan Seaview,,Mountbatten Road and Jalan Seaview,1.3028098,103.8996285,439970,1.3008882,103.896421,438386,MARINE PARADE,PA_39,KATONG,SZ_072,MOUNTBATTEN ROAD,RN_19775,MARINE PARADE,PA_39,MOUNTBATTEN,SZ_300,JALAN SEAVIEW,RN_10396
299,"[Risk of Flash Floods]

Due to heavy rain, please avoid this location for the next 1 hour: ECP (towards Changi Airport) at Tanah Merah Coast Road Entrance [10:20 hours]",2025-03-20,ECP (towards Changi Airport) at Tanah Merah Coast Road Entrance,flash_flood_risk,East Coast Parkway towards Changi Airport,Tanah Merah Coast Road Entrance,,East Coast Parkway towards Changi Airport to Tanah Merah Coast Road Entrance,1.338224,103.980555,819665,1.318466,103.984457,498720,CHANGI,PA_08,CHANGI AIRPORT,SZ_298,EAST COAST PARKWAY,RN_49064,TAMPINES,PA_47,XILIN,SZ_154,TANAH MERAH COAST ROAD,RN_60011
296,"[Risk of Flash Floods]

Due to heavy rain, please avoid this location for the next 1 hour: Mountbatten Road/Jalan Seaview [01:31 hours]",2025-03-22,Mountbatten Road/Jalan Seaview,flash_flood_risk,Mountbatten Road,Jalan Seaview,,Mountbatten Road and Jalan Seaview,1.3028098,103.8996285,439970,1.3008882,103.896421,438386,MARINE PARADE,PA_39,KATONG,SZ_072,MOUNTBATTEN ROAD,RN_19775,MARINE PARADE,PA_39,MOUNTBATTEN,SZ_300,JALAN SEAVIEW,RN_10396
287,"[Risk of Flash Floods]

Due to heavy rain, please avoid this location for the next 1 hour: Thomson Rd (Balestier Rd to Novena Rise) [00:37 hours]",2025-03-23,Thomson Rd (Balestier Rd to Novena Rise),flash_flood_risk,balestier Road,novena rise,Thomson Road,Thomson Road (balestier Road to novena rise),1.3265878,103.8430003,329900,1.3242731,103.8429008,307516,NOVENA,PA_25,BALESTIER,SZ_175,JALAN DATOH,RN_24153,NOVENA,PA_25,BALESTIER,SZ_175,NOVENA RISE,RN_47996
289,"[Risk of Flash Floods]

Due to heavy rain, please avoid this location for the next 1 hour: Lor Gambir
 [00:29 hours]",2025-03-23,Lor Gambir,flash_flood_risk,Lorong Gambir,,,Lorong Gambir,1.3461999,103.8744676,536652,,,,SERANGOON,PA_21,UPPER PAYA LEBAR,SZ_201,JALAN LABU AYER,RN_08391,,,,,,
290,"[Risk of Flash Floods]

Due to heavy rain, please avoid this location for the next 1 hour: Puay Hee Ave (near Siak Kew Ave);
Siang Kuang Ave; [00:28 hours]",2025-03-23,"Puay Hee Ave (near Siak Kew Ave);
Siang Kuang Ave;",flash_flood_risk,Puay Hee Avenue near Siak Kew Avenue Siang Kuang Avenue,,,Puay Hee Avenue near Siak Kew Avenue Siang Kuang Avenue,1.366923,103.801292,678278,,,,CENTRAL WATER CATCHMENT,PA_07,CENTRAL WATER CATCHMENT,SZ_294,RIFLE RANGE ROAD,RN_30361,,,,,,
288,"[Risk of Flash Floods]

Due to heavy rain, please avoid this location for the next 1 hour: Macpherson Rd OD (Siang Kuang Ave) [00:33 hours]",2025-03-23,Macpherson Rd OD (Siang Kuang Ave),flash_flood_risk,Macpherson Road OD Siang Kuang Avenue,,,Macpherson Road OD Siang Kuang Avenue,1.329601,103.87201,347973,,,,TOA PAYOH,PA_29,SENNETT,SZ_100,SIANG KUANG AVENUE,RN_59722,,,,,,
292,"[Risk of Flash Floods]

Due to heavy rain, please avoid this location for the next 1 hour: Junction of Toa Payoh Lor 1 and Toa Payoh Lor 2
 [00:23 hours]",2025-03-23,Junction of Toa Payoh Lor 1 and Toa Payoh Lor 2,flash_flood_risk,toa payoh Lorong 1,toa payoh Lorong 2,,toa payoh Lorong 1 and toa payoh Lorong 2,1.33961615,103.85337221643714,310001,1.3325257499999998,103.8473864759364,310157,TOA PAYOH,PA_29,LORONG 8 TOA PAYOH,SZ_194,LORONG 8 TOA PAYOH,RN_08591,TOA PAYOH,PA_29,TOA PAYOH CENTRAL,SZ_096,LORONG 2 TOA PAYOH,RN_51137
293,"[Risk of Flash Floods]

Due to heavy rain, please avoid this location for the next 1 hour: Langsat Rd (Everitt Rd North to Lor 106 Changi);
Lor 105 Changi; [00:20 hours]",2025-03-23,"Langsat Rd (Everitt Rd North to Lor 106 Changi);
Lor 105 Changi;",flash_flood_risk,everitt Road north,Lorong 106 changi,Langsat Road,Langsat Road (everitt Road north to Lorong 106 changi),1.3168363,103.9013344,419718,1.3171815,103.9032135,419974,GEYLANG,PA_53,GEYLANG EAST,SZ_121,EVERITT ROAD NORTH,RN_16730,GEYLANG,PA_53,GEYLANG EAST,SZ_121,LORONG 106 CHANGI,RN_12834
294,"[Risk of Flash Floods]

Due to heavy rain, please avoid this location for the next 1 hour: Marine Parade Ctrl;
Marine Parade Rd [00:15 hours]",2025-03-23,"Marine Parade Ctrl;
Marine Parade Rd",flash_flood_risk,Marine Parade Ctrl Marine Parade Road,,,Marine Parade Ctrl Marine Parade Road,1.301396,103.905945,449408,,,,MARINE PARADE,PA_39,MARINE PARADE,SZ_143,MARINE PARADE CENTRAL,RN_08818,,,,,,
295,"[Risk of Flash Floods]

Due to heavy rain, please avoid this location for the next 1 hour: East Coast Rd [00:12 hours]",2025-03-23,East Coast Rd,flash_flood_risk,East Coast Road,,,East Coast Road,1.3065136,103.9057043,428877,,,,MARINE PARADE,PA_39,KATONG,SZ_072,TEMBELING ROAD,RN_58775,,,,,,
291,"[Risk of Flash Floods]

Due to heavy rain, please avoid this location for the next 1 hour: Upp Paya Lebar Service Rd (Lim Teck Boo Rd to Rochdale Rd);
Jln Lokam (near Upp Paya Lebar Rd);
Thrift Dr (near Jln Usaha); [00:28 hours]",2025-03-23,"Upp Paya Lebar Service Rd (Lim Teck Boo Rd to Rochdale Rd);
Jln Lokam (near Upp Paya Lebar Rd);
Thrift Dr (near Jln Usaha);",flash_flood_risk,lim teck boo Road,rochdale Road,Upper Paya Lebar Service Road,Upper Paya Lebar Service Road (lim teck boo Road to rochdale Road),1.3422987,103.8844939,534878,1.3433183,103.8835973,535823,HOUGANG,PA_11,TAI SENG,SZ_202,LIM TECK BOO ROAD,RN_58583,HOUGANG,PA_11,TAI SENG,SZ_202,ROCHDALE ROAD,RN_17760
284,"[Risk of Flash Floods]

Due to heavy rain, please avoid this location for the next 1 hour: Jln Arif [18:35 hours]",2025-04-05,Jln Arif,flash_flood_risk,Jalan Arif,,,Jalan Arif,1.3683562,103.8828034,545114,,,,HOUGANG,PA_11,KOVAN,SZ_162,JALAN ARIF,RN_11144,,,,,,
273,"[Risk of Flash Floods]

Due to heavy rain, please avoid this location for the next 1 hour: Junction of Toa Payoh Lor 1 and Toa Payoh Lor 2
 [14:11 hours]",2025-04-13,Junction of Toa Payoh Lor 1 and Toa Payoh Lor 2,flash_flood_risk,toa payoh Lorong 1,toa payoh Lorong 2,,toa payoh Lorong 1 and toa payoh Lorong 2,1.33961615,103.85337221643714,310001,1.3325257499999998,103.8473864759364,310157,TOA PAYOH,PA_29,LORONG 8 TOA PAYOH,SZ_194,LORONG 8 TOA PAYOH,RN_08591,TOA PAYOH,PA_29,TOA PAYOH CENTRAL,SZ_096,LORONG 2 TOA PAYOH,RN_51137
268,Flash flood subsided at Yishun Ave 7. Issued 1430 hours.,2025-04-13,Yishun Ave 7,flood_subsided,Yishun Avenue 7,,,Yishun Avenue 7,1.4380871,103.8326446,760175,,,,YISHUN,PA_55,YISHUN WEST,SZ_316,YISHUN AVENUE 7,RN_28865,,,,,,
269,"[Risk of Flash Floods]

Due to heavy rain, please avoid this location for the next 1 hour: Jln Pokok Serunai [14:15 hours]",2025-04-13,Jln Pokok Serunai,flash_flood_risk,Jalan Pokok Serunai,,,Jalan Pokok Serunai,1.3143531,103.9363658,466433,,,,BEDOK,PA_01,BAYSHORE,SZ_136,JALAN POKOK SERUNAI,RN_53094,,,,,,
270,"[Risk of Flash Floods]

Due to heavy rain, please avoid this location for the next 1 hour: Bt Timah Rd (Wilby Rd to Blackmore Dr) [14:15 hours]",2025-04-13,Bt Timah Rd (Wilby Rd to Blackmore Dr),flash_flood_risk,wilby Road,blackmore Drive,Bukit Timah Road,Bukit Timah Road (wilby Road to blackmore Drive),1.3302335,103.7876928,275982,1.3356733,103.7836073,599987,BUKIT TIMAH,PA_06,HOLLAND ROAD,SZ_098,WILBY ROAD,RN_36470,BUKIT TIMAH,PA_06,HOLLAND ROAD,SZ_098,BLACKMORE DRIVE,RN_30059
271,"[FLASH FLOOD OCCURRED]  

Flash flood at KPE (Slip Rd to Buangkok East Drive). Please avoid the area. PUB officers have been deployed to render assistance. Issued 1405 hours.",2025-04-13,KPE (Slip Rd to Buangkok East Drive),flash_flood,slip Road,buangkok east drive,Kallang-Paya Lebar Expressway,Kallang-Paya Lebar Expressway (slip Road to buangkok east drive),1.385923,103.7570677,671634,1.3739123,103.9113798,535191,BUKIT PANJANG,PA_05,SENJA,SZ_247,WOODLANDS ROAD,RN_54541,PAYA LEBAR,PA_54,PAYA LEBAR WEST,SZ_229,KALLANG PAYA LEBAR EXPRESSWAY,RN_59519
272,"[Risk of Flash Floods]

Due to heavy rain, please avoid this location for the next 1 hour: Lor Ong Lye (near Lor Lew Lian) [14:12 hours]",2025-04-13,Lor Ong Lye (near Lor Lew Lian),flash_flood_risk,Lorong Ong Lye near Lorong Lew Lian,,,Lorong Ong Lye near Lorong Lew Lian,1.366923,103.801292,678278,,,,CENTRAL WATER CATCHMENT,PA_07,CENTRAL WATER CATCHMENT,SZ_294,RIFLE RANGE ROAD,RN_30361,,,,,,
274,"[Risk of Flash Floods]

Due to heavy rain, please avoid this location for the next 1 hour: Eng Kong Pl (Greenridge Cres to Eng Kong Gdn) [14:11 hours]",2025-04-13,Eng Kong Pl (Greenridge Cres to Eng Kong Gdn),flash_flood_risk,greenridge Crescent,eng kong gdn,Eng Kong Place,Eng Kong Place (greenridge Crescent to eng kong gdn),1.3336062,103.7662483,598909,1.33712705,103.76904268077236,596463,BUKIT TIMAH,PA_06,ANAK BUKIT,SZ_152,GREENRIDGE CRESCENT,RN_44154,BUKIT TIMAH,PA_06,ANAK BUKIT,SZ_152,UPPER TOH TUCK TERRACE,RN_55062
266,Flash flood subsided at KPE (Slip Rd to Buangkok East Drive). Issued 1500 hours.,2025-04-13,KPE (Slip Rd to Buangkok East Drive),flood_subsided,slip Road,buangkok east drive,Kallang-Paya Lebar Expressway,Kallang-Paya Lebar Expressway (slip Road to buangkok east drive),1.385923,103.7570677,671634,1.3739123,103.9113798,535191,BUKIT PANJANG,PA_05,SENJA,SZ_247,WOODLANDS ROAD,RN_54541,PAYA LEBAR,PA_54,PAYA LEBAR WEST,SZ_229,KALLANG PAYA LEBAR EXPRESSWAY,RN_59519
276,"[Risk of Flash Floods]

Due to heavy rain, please avoid this location for the next 1 hour: Upp Paya Lebar Service Rd (Lim Teck Boo Rd to Rochdale Rd);
Jln Lokam (near Upp Paya Lebar Rd);
Thrift Dr (near Jln Usaha); [14:03 hours]",2025-04-13,"Upp Paya Lebar Service Rd (Lim Teck Boo Rd to Rochdale Rd);
Jln Lokam (near Upp Paya Lebar Rd);
Thrift Dr (near Jln Usaha);",flash_flood_risk,lim teck boo Road,rochdale Road,Upper Paya Lebar Service Road,Upper Paya Lebar Service Road (lim teck boo Road to rochdale Road),1.3422987,103.8844939,534878,1.3433183,103.8835973,535823,HOUGANG,PA_11,TAI SENG,SZ_202,LIM TECK BOO ROAD,RN_58583,HOUGANG,PA_11,TAI SENG,SZ_202,ROCHDALE ROAD,RN_17760
275,"[FLASH FLOOD OCCURRED]  

Flash flood at Punggol Way (Slip Rd to TPE). Please avoid the area. PUB officers have been deployed to render assistance. Issued 1357 hours.",2025-04-13,Punggol Way (Slip Rd to TPE),flash_flood,slip Road,Tampines Expressway,Punggol Way,Punggol Way (slip Road to Tampines Expressway),1.385923,103.7570677,671634,1.3704809,103.9415043,519961,BUKIT PANJANG,PA_05,SENJA,SZ_247,WOODLANDS ROAD,RN_54541,TAMPINES,PA_47,TAMPINES NORTH,SZ_169,TAMPINES EXPRESSWAY,RN_36961
282,"[Risk of Flash Floods]

Due to heavy rain, please avoid this location for the next 1 hour: Yishun Avenue 7 [13:39 hours]",2025-04-13,Yishun Avenue 7,flash_flood_risk,Yishun Avenue 7,,,Yishun Avenue 7,1.4380871,103.8326446,760175,,,,YISHUN,PA_55,YISHUN WEST,SZ_316,YISHUN AVENUE 7,RN_28865,,,,,,
281,"[Risk of Flash Floods]

Due to heavy rain, please avoid this location for the next 1 hour: Junction of Yishun Ave 2 and Yishun Ave 5 [13:49 hours]",2025-04-13,Junction of Yishun Ave 2 and Yishun Ave 5,flash_flood_risk,yishun Avenue 2,yishun Avenue 5,,yishun Avenue 2 and yishun Avenue 5,1.4371108,103.8337382,760170,1.4304259,103.8315094,760145,YISHUN,PA_55,NORTHLAND,SZ_320,YISHUN AVENUE 2,RN_15934,YISHUN,PA_55,YISHUN WEST,SZ_316,YISHUN AVENUE 5,RN_23123
267,Flash flood subsided at Punggol Way (Slip Rd to TPE). Issued 1450 hours.,2025-04-13,Punggol Way (Slip Rd to TPE),flood_subsided,slip Road,Tampines Expressway,Punggol Way,Punggol Way (slip Road to Tampines Expressway),1.385923,103.7570677,671634,1.3704809,103.9415043,519961,BUKIT PANJANG,PA_05,SENJA,SZ_247,WOODLANDS ROAD,RN_54541,TAMPINES,PA_47,TAMPINES NORTH,SZ_169,TAMPINES EXPRESSWAY,RN_36961
279,"[Risk of Flash Floods]

Due to heavy rain, please avoid this location for the next 1 hour: KPE(ECP) after Buangkok East Dr Exit [13:53 hours]",2025-04-13,KPE(ECP) after Buangkok East Dr Exit,flash_flood_risk,Kallang-Paya Lebar Expressway East Coast Parkway after Buangkok East Drive Slip,,,Kallang-Paya Lebar Expressway East Coast Parkway after Buangkok East Drive Slip,1.375612,103.91004,535191,,,,PAYA LEBAR,PA_54,PAYA LEBAR WEST,SZ_229,BUANGKOK EAST DRIVE,RN_46620,,,,,,
278,"[Risk of Flash Floods]

Due to heavy rain, please avoid this location for the next 1 hour: TPE Slip Rd towards Punggol Rd [13:56 hours]",2025-04-13,TPE Slip Rd towards Punggol Rd,flash_flood_risk,Tampines Expressway Slip Road,Punggol Road,,Tampines Expressway Slip Road to Punggol Road,1.366923,103.801292,678278,1.4012946,103.9055736,821296,CENTRAL WATER CATCHMENT,PA_07,CENTRAL WATER CATCHMENT,SZ_294,RIFLE RANGE ROAD,RN_30361,PUNGGOL,PA_16,MATILDA,SZ_275,PUNGGOL ROAD,RN_48607
280,"[Risk of Flash Floods]

Due to heavy rain, please avoid this location for the next 1 hour: TPE (Punggol West Flyover) [13:51 hours]",2025-04-13,TPE (Punggol West Flyover),flash_flood_risk,Tampines Expressway Punggol West Flyover,,,Tampines Expressway Punggol West Flyover,1.379707,103.915978,533760,,,,PAYA LEBAR,PA_54,PAYA LEBAR WEST,SZ_229,TAMPINES ROAD,RN_57253,,,,,,
277,"[FLASH FLOOD OCCURRED]  

Flash flood at Yishun Avenue 7. Please avoid the area. PUB officers have been deployed to render assistance. Issued 1350 hours.",2025-04-13,Yishun Avenue 7,flash_flood,Yishun Avenue 7,,,Yishun Avenue 7,1.4380871,103.8326446,760175,,,,YISHUN,PA_55,YISHUN WEST,SZ_316,YISHUN AVENUE 7,RN_28865,,,,,,
265,"[Risk of Flash Floods]

Due to heavy rain, please avoid this location for the next 1 hour: Yishun Ave 7 (near intersection of Yishun St 22) [16:28 hours]",2025-04-15,Yishun Ave 7 (near intersection of Yishun St 22),flash_flood_risk,Yishun Avenue 7 near intersection of Yishun Street 22,,,Yishun Avenue 7 near intersection of Yishun Street 22,1.366923,103.801292,678278,,,,CENTRAL WATER CATCHMENT,PA_07,CENTRAL WATER CATCHMENT,SZ_294,RIFLE RANGE ROAD,RN_30361,,,,,,
264,"[FLASH FLOOD OCCURRED]  

Flash flood at Yishun Avenue 7 (near intersection of Yishun St 22). Please avoid the area. PUB officers have been deployed to render assistance. Issued 1635 hours.",2025-04-15,Yishun Avenue 7 (near intersection of Yishun St 22),flash_flood,Yishun Avenue 7 near intersection of Yishun Street 22,,,Yishun Avenue 7 near intersection of Yishun Street 22,1.366923,103.801292,678278,,,,CENTRAL WATER CATCHMENT,PA_07,CENTRAL WATER CATCHMENT,SZ_294,RIFLE RANGE ROAD,RN_30361,,,,,,
262,"[Risk of Flash Floods]

Due to heavy rain, please avoid this location for the next 1 hour: TPE (Punggol West Flyover) [16:55 hours]",2025-04-15,TPE (Punggol West Flyover),flash_flood_risk,Tampines Expressway Punggol West Flyover,,,Tampines Expressway Punggol West Flyover,1.379707,103.915978,533760,,,,PAYA LEBAR,PA_54,PAYA LEBAR WEST,SZ_229,TAMPINES ROAD,RN_57253,,,,,,
261,Flash flood subsided at Yishun Avenue 7 (near intersection of Yishun St 22). Issued 1655 hours.,2025-04-15,Yishun Avenue 7 (near intersection of Yishun St 22),flood_subsided,Yishun Avenue 7 near intersection of Yishun Street 22,,,Yishun Avenue 7 near intersection of Yishun Street 22,1.366923,103.801292,678278,,,,CENTRAL WATER CATCHMENT,PA_07,CENTRAL WATER CATCHMENT,SZ_294,RIFLE RANGE ROAD,RN_30361,,,,,,
245,"[Risk of Flash Floods]

Due to heavy rain, please avoid this location for the next 1 hour: Alexandra Rd (opp Alexis Condo) [17:19 hours]",2025-04-20,Alexandra Rd (opp Alexis Condo),flash_flood_risk,Alexandra Road opp Alexis Condo,,,Alexandra Road opp Alexis Condo,1.366923,103.801292,678278,,,,CENTRAL WATER CATCHMENT,PA_07,CENTRAL WATER CATCHMENT,SZ_294,RIFLE RANGE ROAD,RN_30361,,,,,,
244,"[Risk of Flash Floods]

Due to heavy rain, please avoid this location for the next 1 hour: Jln Pokok Serunai [17:19 hours]",2025-04-20,Jln Pokok Serunai,flash_flood_risk,Jalan Pokok Serunai,,,Jalan Pokok Serunai,1.3143531,103.9363658,466433,,,,BEDOK,PA_01,BAYSHORE,SZ_136,JALAN POKOK SERUNAI,RN_53094,,,,,,
243,"[FLASH FLOOD OCCURRED]  

Flash flood at Kings Rd (between Prince Rd and Lutheran Rd). Please avoid the area. PUB officers have been deployed to render assistance. Issued 17:05 hours.",2025-04-20,Kings Rd (between Prince Rd and Lutheran Rd),flash_flood,prince Road,lutheran Road,Kings Road,Kings Road (prince Road to lutheran Road),1.3209988,103.8095728,266748,1.3220164,103.8098766,268070,BUKIT TIMAH,PA_06,CORONATION ROAD,SZ_148,PRINCE ROAD,RN_06508,BUKIT TIMAH,PA_06,CORONATION ROAD,SZ_148,LUTHERAN ROAD,RN_19419
240,Flash flood subsided at Bukit Timah Rd (between Clementi Rd and Blackmore Dr). Issued 1739 hours.,2025-04-20,Bukit Timah Rd (between Clementi Rd and Blackmore Dr),flood_subsided,clementi Road,blackmore Drive,Bukit Timah Road,Bukit Timah Road (clementi Road to blackmore Drive),1.3268641,103.7757811,599477,1.3356733,103.7836073,599987,BUKIT TIMAH,PA_06,ANAK BUKIT,SZ_152,CLEMENTI ROAD,RN_01643,BUKIT TIMAH,PA_06,HOLLAND ROAD,SZ_098,BLACKMORE DRIVE,RN_30059
241,"[FLASH FLOOD OCCURRED]

Flash flood at Coronation Walk. Please avoid the area. PUB officers have been deployed to render assistance. Issued 1735 hours.",2025-04-20,Coronation Walk,flash_flood,Coronation Walk,,,Coronation Walk,1.3239188,103.8095468,269212,,,,BUKIT TIMAH,PA_06,CORONATION ROAD,SZ_148,CORONATION WALK,RN_24969,,,,,,
246,"[Risk of Flash Floods]

Due to heavy rain, please avoid this location for the next 1 hour: Junction of Boon Lay Way and Corporation Rd [17:17 hours]",2025-04-20,Junction of Boon Lay Way and Corporation Rd,flash_flood_risk,boon lay way,corporation Road,,boon lay way and corporation Road,1.340203,103.7089227,642697,1.3308794,103.721094,619978,JURONG WEST,PA_13,KIAN TECK,SZ_105,BOON LAY WAY,RN_02478,BOON LAY,PA_02,TUKANG,SZ_147,CORPORATION ROAD,RN_13713
239,Flash flood subsided at junction of Stevens Road and Balmoral Road. Issued 1740 hours.,2025-04-20,junction of Stevens Road and Balmoral Road,flood_subsided,stevens road,balmoral road,,stevens road and balmoral road,1.3178998,103.8258621,257892,1.3165606,103.8342843,259811,TANGLIN,PA_48,NASSIM,SZ_134,STEVENS ROAD,RN_47584,NEWTON,PA_44,GOODWOOD PARK,SZ_125,BALMORAL ROAD,RN_17009
238,Flash flood subsided at Coronation Walk. Issued 1810 hours.,2025-04-20,Coronation Walk,flood_subsided,Coronation Walk,,,Coronation Walk,1.3239188,103.8095468,269212,,,,BUKIT TIMAH,PA_06,CORONATION ROAD,SZ_148,CORONATION WALK,RN_24969,,,,,,
237,Flash flood subsided at Kings Rd (between Prince Rd and Lutheran Rd). Issued 1820 hours.,2025-04-20,Kings Rd (between Prince Rd and Lutheran Rd),flood_subsided,prince Road,lutheran Road,Kings Road,Kings Road (prince Road to lutheran Road),1.3209988,103.8095728,266748,1.3220164,103.8098766,268070,BUKIT TIMAH,PA_06,CORONATION ROAD,SZ_148,PRINCE ROAD,RN_06508,BUKIT TIMAH,PA_06,CORONATION ROAD,SZ_148,LUTHERAN ROAD,RN_19419
242,"[FLASH FLOOD OCCURRED]

Flash flood at Junction of Stevens Road and Balmoral Road. Please avoid the area. PUB officers have been deployed to render assistance. Issued 1720 hours.",2025-04-20,Junction of Stevens Road and Balmoral Road,flash_flood,stevens road,balmoral road,,stevens road and balmoral road,1.3178998,103.8258621,257892,1.3165606,103.8342843,259811,TANGLIN,PA_48,NASSIM,SZ_134,STEVENS ROAD,RN_47584,NEWTON,PA_44,GOODWOOD PARK,SZ_125,BALMORAL ROAD,RN_17009
247,"[Risk of Flash Floods]

Due to heavy rain, please avoid this location for the next 1 hour: KG Java Rd (Newton Circus to CTE) [17:15 hours]",2025-04-20,KG Java Rd (Newton Circus to CTE),flash_flood_risk,newton circus,Central Expressway,Kampong Java Road,Kampong Java Road (newton circus to Central Expressway),1.312812,103.8390316,228234,1.321741,103.856535,320095,NEWTON,PA_44,NEWTON CIRCUS,SZ_108,BUKIT TIMAH ROAD,RN_14215,KALLANG,PA_22,BENDEMEER,SZ_174,JALAN KEBUN LIMAU,RN_34968
251,"[Risk of Flash Floods]

Due to heavy rain, please avoid this location for the next 1 hour: Cambridge Rd;
Carlisle Rd; [17:12 hours]",2025-04-20,"Cambridge Rd;
Carlisle Rd;",flash_flood_risk,Cambridge Road Carlisle Road,,,Cambridge Road Carlisle Road,1.313642,103.848075,219606,,,,KALLANG,PA_22,KAMPONG JAVA,SZ_129,CARLISLE ROAD,RN_47365,,,,,,
249,"[FLASH FLOOD OCCURRED]  

Flash flood at Bt Timah Rd (between Clementi Rd and Blackmore Dr). Please avoid the area. PUB officers have been deployed to render assistance. Issued 17:05 hours.",2025-04-20,Bt Timah Rd (between Clementi Rd and Blackmore Dr),flash_flood,clementi Road,blackmore Drive,Bukit Timah Road,Bukit Timah Road (clementi Road to blackmore Drive),1.3268641,103.7757811,599477,1.3356733,103.7836073,599987,BUKIT TIMAH,PA_06,ANAK BUKIT,SZ_152,CLEMENTI ROAD,RN_01643,BUKIT TIMAH,PA_06,HOLLAND ROAD,SZ_098,BLACKMORE DRIVE,RN_30059
250,"[Risk of Flash Floods]

Due to heavy rain, please avoid this location for the next 1 hour: Orchard Rd (Paterson Rd to Mt Elizabeth) [17:13 hours]",2025-04-20,Orchard Rd (Paterson Rd to Mt Elizabeth),flash_flood_risk,paterson Road,mt elizabeth,Orchard Road,Orchard Road (paterson Road to mt elizabeth),1.3019737,103.8297013,238520,1.3048854,103.8358774,229920,RIVER VALLEY,PA_34,PATERSON,SZ_049,PATERSON ROAD,RN_36363,NEWTON,PA_44,CAIRNHILL,SZ_056,MOUNT ELIZABETH,RN_45242
252,"[Risk of Flash Floods]

Due to heavy rain, please avoid this location for the next 1 hour: Junction of Sunset Dr and Sunset Way Rd [17:06 hours]",2025-04-20,Junction of Sunset Dr and Sunset Way Rd,flash_flood_risk,sunset Drive,sunset way Road,,sunset Drive and sunset way Road,1.3255969,103.7665223,597299,1.3139784,103.8871279,389509,CLEMENTI,PA_10,SUNSET WAY,SZ_151,SUNSET DRIVE,RN_42482,GEYLANG,PA_53,ALJUNIED,SZ_301,GEYLANG ROAD,RN_26171
254,"[Risk of Flash Floods]

Due to heavy rain, please avoid this location for the next 1 hour: Thomson Rd (Balestier Rd to Novena Rise) [17:02 hours]",2025-04-20,Thomson Rd (Balestier Rd to Novena Rise),flash_flood_risk,balestier Road,novena rise,Thomson Road,Thomson Road (balestier Road to novena rise),1.3265878,103.8430003,329900,1.3242731,103.8429008,307516,NOVENA,PA_25,BALESTIER,SZ_175,JALAN DATOH,RN_24153,NOVENA,PA_25,BALESTIER,SZ_175,NOVENA RISE,RN_47996
255,"[Risk of Flash Floods]

Due to heavy rain, please avoid this location for the next 1 hour: Junction of Toa Payoh Lor 1 and Toa Payoh Lor 2
 [17:00 hours]",2025-04-20,Junction of Toa Payoh Lor 1 and Toa Payoh Lor 2,flash_flood_risk,toa payoh Lorong 1,toa payoh Lorong 2,,toa payoh Lorong 1 and toa payoh Lorong 2,1.33961615,103.85337221643714,310001,1.3325257499999998,103.8473864759364,310157,TOA PAYOH,PA_29,LORONG 8 TOA PAYOH,SZ_194,LORONG 8 TOA PAYOH,RN_08591,TOA PAYOH,PA_29,TOA PAYOH CENTRAL,SZ_096,LORONG 2 TOA PAYOH,RN_51137
256,"[Risk of Flash Floods]

Due to heavy rain, please avoid this location for the next 1 hour: Junction of Lor Kismis and Toh Tuck Rise [17:00 hours]",2025-04-20,Junction of Lor Kismis and Toh Tuck Rise,flash_flood_risk,Lorong kismis,toh tuck rise,,Lorong kismis and toh tuck rise,1.3380857,103.7704357,596490,1.3366283,103.7645733,598098,BUKIT TIMAH,PA_06,ANAK BUKIT,SZ_152,LORONG KISMIS,RN_61055,BUKIT TIMAH,PA_06,ANAK BUKIT,SZ_152,LORONG KISMIS,RN_45492
257,"[Risk of Flash Floods]

Due to heavy rain, please avoid this location for the next 1 hour: Eng Kong Pl (Greenridge Cres to Eng Kong Gdn) [16:56 hours]",2025-04-20,Eng Kong Pl (Greenridge Cres to Eng Kong Gdn),flash_flood_risk,greenridge Crescent,eng kong gdn,Eng Kong Place,Eng Kong Place (greenridge Crescent to eng kong gdn),1.3336062,103.7662483,598909,1.33712705,103.76904268077236,596463,BUKIT TIMAH,PA_06,ANAK BUKIT,SZ_152,GREENRIDGE CRESCENT,RN_44154,BUKIT TIMAH,PA_06,ANAK BUKIT,SZ_152,UPPER TOH TUCK TERRACE,RN_55062
258,"[Risk of Flash Floods]

Due to heavy rain, please avoid this location for the next 1 hour: Upp Paya Lebar Service Rd (Lim Teck Boo Rd to Rochdale Rd);
Jln Lokam (near Upp Paya Lebar Rd);
Thrift Dr (near Jln Usaha); [16:48 hours]",2025-04-20,"Upp Paya Lebar Service Rd (Lim Teck Boo Rd to Rochdale Rd);
Jln Lokam (near Upp Paya Lebar Rd);
Thrift Dr (near Jln Usaha);",flash_flood_risk,lim teck boo Road,rochdale Road,Upper Paya Lebar Service Road,Upper Paya Lebar Service Road (lim teck boo Road to rochdale Road),1.3422987,103.8844939,534878,1.3433183,103.8835973,535823,HOUGANG,PA_11,TAI SENG,SZ_202,LIM TECK BOO ROAD,RN_58583,HOUGANG,PA_11,TAI SENG,SZ_202,ROCHDALE ROAD,RN_17760
259,"[Risk of Flash Floods]

Due to heavy rain, please avoid this location for the next 1 hour: KPE(ECP) after Buangkok East Dr Exit [16:36 hours]",2025-04-20,KPE(ECP) after Buangkok East Dr Exit,flash_flood_risk,Kallang-Paya Lebar Expressway East Coast Parkway after Buangkok East Drive Slip,,,Kallang-Paya Lebar Expressway East Coast Parkway after Buangkok East Drive Slip,1.375612,103.91004,535191,,,,PAYA LEBAR,PA_54,PAYA LEBAR WEST,SZ_229,BUANGKOK EAST DRIVE,RN_46620,,,,,,
248,"[Risk of Flash Floods]

Due to heavy rain, please avoid this location for the next 1 hour: Junction of Stevens Rd and Balmoral Rd [17:14 hours]",2025-04-20,Junction of Stevens Rd and Balmoral Rd,flash_flood_risk,stevens Road,balmoral Road,,stevens Road and balmoral Road,1.3178998,103.8258621,257892,1.3165606,103.8342843,259811,TANGLIN,PA_48,NASSIM,SZ_134,STEVENS ROAD,RN_47584,NEWTON,PA_44,GOODWOOD PARK,SZ_125,BALMORAL ROAD,RN_17009
253,"[Risk of Flash Floods]

Due to heavy rain, please avoid this location for the next 1 hour: Hillcrest Rd (Watten Rise to Dunearn Rd) [17:02 hours]",2025-04-20,Hillcrest Rd (Watten Rise to Dunearn Rd),flash_flood_risk,watten rise,dunearn Road,Hillcrest Road,Hillcrest Road (watten rise to dunearn Road),1.3285739,103.8094744,287367,1.332195,103.7947496,279886,BUKIT TIMAH,PA_06,HILLCREST,SZ_191,WATTEN RISE,RN_61814,BUKIT TIMAH,PA_06,SWISS CLUB,SZ_153,BUKIT TIMAH ROAD,RN_20156
234,Flash flood subsided at Yishun Avenue 7 (near intersection of Yishun St 22). Issued 1555 hours.,2025-04-21,Yishun Avenue 7 (near intersection of Yishun St 22),flood_subsided,Yishun Avenue 7 near intersection of Yishun Street 22,,,Yishun Avenue 7 near intersection of Yishun Street 22,1.366923,103.801292,678278,,,,CENTRAL WATER CATCHMENT,PA_07,CENTRAL WATER CATCHMENT,SZ_294,RIFLE RANGE ROAD,RN_30361,,,,,,
235,"[FLASH FLOOD OCCURRED]  

Flash flood at Yishun Ave 7 (near intersection of Yishun St 22). Please avoid the area. PUB officers have been deployed to render assistance. Issued 15:30 hours.",2025-04-21,Yishun Ave 7 (near intersection of Yishun St 22),flash_flood,Yishun Avenue 7 near intersection of Yishun Street 22,,,Yishun Avenue 7 near intersection of Yishun Street 22,1.366923,103.801292,678278,,,,CENTRAL WATER CATCHMENT,PA_07,CENTRAL WATER CATCHMENT,SZ_294,RIFLE RANGE ROAD,RN_30361,,,,,,
236,"[Risk of Flash Floods]

Due to heavy rain, please avoid this location for the next 1 hour: Yishun Ave 7 (near intersection of Yishun St 22) [15:18 hours]",2025-04-21,Yishun Ave 7 (near intersection of Yishun St 22),flash_flood_risk,Yishun Avenue 7 near intersection of Yishun Street 22,,,Yishun Avenue 7 near intersection of Yishun Street 22,1.366923,103.801292,678278,,,,CENTRAL WATER CATCHMENT,PA_07,CENTRAL WATER CATCHMENT,SZ_294,RIFLE RANGE ROAD,RN_30361,,,,,,
232,"[Risk of Flash Floods] 

Due to heavy rain, please avoid this location for the next 1 hour: Riverside Road (near Junction of Riverside Road and Admiralty Road) [Issued 14:40 hours]",2025-04-26,Riverside Road (near Junction of Riverside Road and Admiralty Road),flash_flood_risk,junction of riverside road,admiralty road,Riverside Road,Riverside Road (junction of riverside road and admiralty road),1.366923,103.801292,678278,1.4418389,103.775189,739297,CENTRAL WATER CATCHMENT,PA_07,CENTRAL WATER CATCHMENT,SZ_294,RIFLE RANGE ROAD,RN_30361,WOODLANDS,PA_33,WOODLANDS WEST,SZ_322,ADMIRALTY ROAD,RN_09921
230,"[Risk of Flash Floods]

Due to heavy rain, please avoid this location for the next 1 hour: Choa Chu Kang Ave 1 (towards Choa Chu Kang Way, Choa Chu kang Dr to Teck Whye Lane) [17:47 hours]",2025-04-29,"Choa Chu Kang Ave 1 (towards Choa Chu Kang Way, Choa Chu kang Dr to Teck Whye Lane)",flash_flood_risk,"towards choa chu kang way, choa chu kang Drive",teck whye lane,Choa Chu Kang Avenue 1,"Choa Chu Kang Avenue 1 (towards choa chu kang way, choa chu kang Drive to teck whye lane)",1.397513,103.747745,680637,1.3769504,103.7547497,680102,CHOA CHU KANG,PA_09,YEW TEE,SZ_241,CHOA CHU KANG DRIVE,RN_18505,CHOA CHU KANG,PA_09,TECK WHYE,SZ_244,TECK WHYE LANE,RN_18647
229,"[Risk of Flash Floods]

Due to heavy rain, please avoid this location for the next 1 hour: KJE Slip Rd (KJE to Woodlands Rd, towards Senja Way) [17:48 hours]",2025-04-29,"KJE Slip Rd (KJE to Woodlands Rd, towards Senja Way)",flash_flood_risk,Kranji Expressway Slip Road Kranji Expressway to Woodlands Road,Senja Way,,Kranji Expressway Slip Road Kranji Expressway to Woodlands Road to Senja Way,1.366923,103.801292,678278,1.3838523,103.7589849,672632,CENTRAL WATER CATCHMENT,PA_07,CENTRAL WATER CATCHMENT,SZ_294,RIFLE RANGE ROAD,RN_30361,BUKIT PANJANG,PA_05,SENJA,SZ_247,SENJA WAY,RN_42917
228,"[Risk of Flash Floods]

Due to heavy rain, please avoid this location for the next 1 hour: Junction of Toa Payoh Lor 1 and Toa Payoh Lor 2
 [17:15 hours]",2025-04-30,Junction of Toa Payoh Lor 1 and Toa Payoh Lor 2,flash_flood_risk,toa payoh Lorong 1,toa payoh Lorong 2,,toa payoh Lorong 1 and toa payoh Lorong 2,1.33961615,103.85337221643714,310001,1.3325257499999998,103.8473864759364,310157,TOA PAYOH,PA_29,LORONG 8 TOA PAYOH,SZ_194,LORONG 8 TOA PAYOH,RN_08591,TOA PAYOH,PA_29,TOA PAYOH CENTRAL,SZ_096,LORONG 2 TOA PAYOH,RN_51137
227,"[Risk of Flash Floods]

Due to heavy rain, please avoid this location for the next 1 hour: Junction of Toa Payoh Lor 1 and Toa Payoh Lor 2
 [15:52 hours]",2025-05-01,Junction of Toa Payoh Lor 1 and Toa Payoh Lor 2,flash_flood_risk,toa payoh Lorong 1,toa payoh Lorong 2,,toa payoh Lorong 1 and toa payoh Lorong 2,1.33961615,103.85337221643714,310001,1.3325257499999998,103.8473864759364,310157,TOA PAYOH,PA_29,LORONG 8 TOA PAYOH,SZ_194,LORONG 8 TOA PAYOH,RN_08591,TOA PAYOH,PA_29,TOA PAYOH CENTRAL,SZ_096,LORONG 2 TOA PAYOH,RN_51137
226,"[Risk of Flash Floods]

Due to heavy rain, please avoid this location for the next 1 hour: Lor Gambir
 [16:08 hours]",2025-05-01,Lor Gambir,flash_flood_risk,Lorong Gambir,,,Lorong Gambir,1.3461999,103.8744676,536652,,,,SERANGOON,PA_21,UPPER PAYA LEBAR,SZ_201,JALAN LABU AYER,RN_08391,,,,,,
224,"[Risk of Flash Floods]

Due to heavy rain, please avoid this location for the next 1 hour: Upp Paya Lebar Service Rd (Lim Teck Boo Rd to Rochdale Rd);
Jln Lokam (near Upp Paya Lebar Rd);
Thrift Dr (near Jln Usaha); [08:12 hours]",2025-05-03,"Upp Paya Lebar Service Rd (Lim Teck Boo Rd to Rochdale Rd);
Jln Lokam (near Upp Paya Lebar Rd);
Thrift Dr (near Jln Usaha);",flash_flood_risk,lim teck boo Road,rochdale Road,Upper Paya Lebar Service Road,Upper Paya Lebar Service Road (lim teck boo Road to rochdale Road),1.3422987,103.8844939,534878,1.3433183,103.8835973,535823,HOUGANG,PA_11,TAI SENG,SZ_202,LIM TECK BOO ROAD,RN_58583,HOUGANG,PA_11,TAI SENG,SZ_202,ROCHDALE ROAD,RN_17760
216,Flash flood subsided at King's Road (from Prince Road to Lutheran Road). Issued 1425 hours.,2025-05-05,King's Road (from Prince Road to Lutheran Road),flood_subsided,prince road,lutheran road,King s Road,King s Road (prince road to lutheran road),1.3209988,103.8095728,266748,1.3220164,103.8098766,268070,BUKIT TIMAH,PA_06,CORONATION ROAD,SZ_148,PRINCE ROAD,RN_06508,BUKIT TIMAH,PA_06,CORONATION ROAD,SZ_148,LUTHERAN ROAD,RN_19419
217,Flash flood subsided at Woollerton Drive. Issued 1415 hours.,2025-05-05,Woollerton Drive,flood_subsided,Woollerton Drive,,,Woollerton Drive,1.3174547,103.8099872,257555,,,,TANGLIN,PA_48,TYERSALL,SZ_139,WOOLLERTON DRIVE,RN_61287,,,,,,
218,"[FLASH FLOOD OCCURRED]  

Flash flood at Woollerton Drive. Please avoid the area. PUB officers have been deployed to render assistance. Issued 1405 hours.",2025-05-05,Woollerton Drive,flash_flood,Woollerton Drive,,,Woollerton Drive,1.3174547,103.8099872,257555,,,,TANGLIN,PA_48,TYERSALL,SZ_139,WOOLLERTON DRIVE,RN_61287,,,,,,
219,"[FLASH FLOOD OCCURRED]  

Flash flood at King's Road (from Prince Road to Lutheran Road). Please avoid the area. PUB officers have been deployed to render assistance. Issued 1400 hours.",2025-05-05,King's Road (from Prince Road to Lutheran Road),flash_flood,prince road,lutheran road,King s Road,King s Road (prince road to lutheran road),1.3209988,103.8095728,266748,1.3220164,103.8098766,268070,BUKIT TIMAH,PA_06,CORONATION ROAD,SZ_148,PRINCE ROAD,RN_06508,BUKIT TIMAH,PA_06,CORONATION ROAD,SZ_148,LUTHERAN ROAD,RN_19419
220,"[Risk of Flash Floods]

Due to heavy rain, please avoid this location for the next 1 hour: Woollerton Drive [Issued 13:58 hours]",2025-05-05,Woollerton Drive,flash_flood_risk,Woollerton Drive,,,Woollerton Drive,1.3174547,103.8099872,257555,,,,TANGLIN,PA_48,TYERSALL,SZ_139,WOOLLERTON DRIVE,RN_61287,,,,,,
221,"[Risk of Flash Floods]

Due to heavy rain, please avoid this location for the next 1 hour: Queen's Rd [13:56 hours]",2025-05-05,Queen's Rd,flash_flood_risk,Queen s Road,,,Queen s Road,1.3217094,103.8102837,267746,,,,BUKIT TIMAH,PA_06,CORONATION ROAD,SZ_148,QUEEN'S ROAD,RN_57526,,,,,,
222,"[Risk of Flash Floods]

Due to heavy rain, please avoid this location for the next 1 hour: Kings Road (from Prince Road to Lutheran Rd) [Issued 13:20 hours]",2025-05-05,Kings Road (from Prince Road to Lutheran Rd),flash_flood_risk,prince road,lutheran Road,Kings Road,Kings Road (prince road to lutheran Road),1.3209988,103.8095728,266748,1.3220164,103.8098766,268070,BUKIT TIMAH,PA_06,CORONATION ROAD,SZ_148,PRINCE ROAD,RN_06508,BUKIT TIMAH,PA_06,CORONATION ROAD,SZ_148,LUTHERAN ROAD,RN_19419
223,"[Risk of Flash Floods]

Due to heavy rain, please avoid this location for the next 1 hour: Margaret Drive [Issued 13:12 hours]",2025-05-05,Margaret Drive,flash_flood_risk,Margaret Drive,,,Margaret Drive,1.3001247,103.8030061,149312,,,,QUEENSTOWN,PA_17,MARGARET DRIVE,SZ_086,MARGARET DRIVE,RN_57918,,,,,,
215,"[Risk of Flash Floods] 

Due to heavy rain, please avoid this location for the next 1 hour: Jln Boon Lay (Enterprise Rd to International Rd) [Issued 07:30 hours]",2025-05-07,Jln Boon Lay (Enterprise Rd to International Rd),flash_flood_risk,enterprise Road,international Road,Jalan Boon Lay,Jalan Boon Lay (enterprise Road to international Road),1.3333182,103.7026361,627667,1.3303924,103.716687,618680,JURONG WEST,PA_13,KIAN TECK,SZ_105,ENTERPRISE ROAD,RN_35394,JURONG WEST,PA_13,CHIN BEE,SZ_193,THIRD CHIN BEE ROAD,RN_04725
200,"[Risk of Flash Floods]

Due to heavy rain, please avoid this location for the next 1 hour: Lor H Telok Kurau (cul-de-sac);
Joo Chiat Ave(cul-de-sac) [04:18 hours]",2025-05-10,"Lor H Telok Kurau (cul-de-sac);
Joo Chiat Ave(cul-de-sac)",flash_flood_risk,Lorong H Telok Kurau cul-de-sac Joo Chiat Avenue cul-de-sac,,,Lorong H Telok Kurau cul-de-sac Joo Chiat Avenue cul-de-sac,1.366923,103.801292,678278,,,,CENTRAL WATER CATCHMENT,PA_07,CENTRAL WATER CATCHMENT,SZ_294,RIFLE RANGE ROAD,RN_30361,,,,,,
202,"[Risk of Flash Floods]

Due to heavy rain, please avoid this location for the next 1 hour: KG Java Rd (Newton Circus to CTE) [04:08 hours]",2025-05-10,KG Java Rd (Newton Circus to CTE),flash_flood_risk,newton circus,Central Expressway,Kampong Java Road,Kampong Java Road (newton circus to Central Expressway),1.312812,103.8390316,228234,1.321741,103.856535,320095,NEWTON,PA_44,NEWTON CIRCUS,SZ_108,BUKIT TIMAH ROAD,RN_14215,KALLANG,PA_22,BENDEMEER,SZ_174,JALAN KEBUN LIMAU,RN_34968
203,"[Risk of Flash Floods]

Due to heavy rain, please avoid this location for the next 1 hour: East Coast Rd [04:07 hours]",2025-05-10,East Coast Rd,flash_flood_risk,East Coast Road,,,East Coast Road,1.3065136,103.9057043,428877,,,,MARINE PARADE,PA_39,KATONG,SZ_072,TEMBELING ROAD,RN_58775,,,,,,
204,"[Risk of Flash Floods]

Due to heavy rain, please avoid this location for the next 1 hour: Puay Hee Ave (near Siak Kew Ave);
 [04:04 hours]",2025-05-10,Puay Hee Ave (near Siak Kew Ave);,flash_flood_risk,Puay Hee Avenue near Siak Kew Avenue,,,Puay Hee Avenue near Siak Kew Avenue,1.330209,103.871778,348072,,,,TOA PAYOH,PA_29,SENNETT,SZ_100,SIAK KEW AVENUE,RN_21651,,,,,,
205,"[Risk of Flash Floods]

Due to heavy rain, please avoid this location for the next 1 hour: Cambridge Rd;
Carlisle Rd; [04:03 hours]",2025-05-10,"Cambridge Rd;
Carlisle Rd;",flash_flood_risk,Cambridge Road Carlisle Road,,,Cambridge Road Carlisle Road,1.313642,103.848075,219606,,,,KALLANG,PA_22,KAMPONG JAVA,SZ_129,CARLISLE ROAD,RN_47365,,,,,,
206,"[Risk of Flash Floods]

Due to heavy rain, please avoid this location for the next 1 hour: Orchard Rd (Paterson Rd to Mt Elizabeth) [03:59 hours]",2025-05-10,Orchard Rd (Paterson Rd to Mt Elizabeth),flash_flood_risk,paterson Road,mt elizabeth,Orchard Road,Orchard Road (paterson Road to mt elizabeth),1.3019737,103.8297013,238520,1.3048854,103.8358774,229920,RIVER VALLEY,PA_34,PATERSON,SZ_049,PATERSON ROAD,RN_36363,NEWTON,PA_44,CAIRNHILL,SZ_056,MOUNT ELIZABETH,RN_45242
201,"[Risk of Flash Floods]

Due to heavy rain, please avoid this location for the next 1 hour: Mountbatten Rd leading to Jln Seaview [04:10 hours]",2025-05-10,Mountbatten Rd leading to Jln Seaview,flash_flood_risk,Mountbatten Road,Jalan Seaview,,Mountbatten Road to Jalan Seaview,1.3028098,103.8996285,439970,1.3008882,103.896421,438386,MARINE PARADE,PA_39,KATONG,SZ_072,MOUNTBATTEN ROAD,RN_19775,MARINE PARADE,PA_39,MOUNTBATTEN,SZ_300,JALAN SEAVIEW,RN_10396
208,"[Risk of Flash Floods]

Due to heavy rain, please avoid this location for the next 1 hour: Junction of Toa Payoh Lor 1 and Toa Payoh Lor 2
 [03:56 hours]",2025-05-10,Junction of Toa Payoh Lor 1 and Toa Payoh Lor 2,flash_flood_risk,toa payoh Lorong 1,toa payoh Lorong 2,,toa payoh Lorong 1 and toa payoh Lorong 2,1.33961615,103.85337221643714,310001,1.3325257499999998,103.8473864759364,310157,TOA PAYOH,PA_29,LORONG 8 TOA PAYOH,SZ_194,LORONG 8 TOA PAYOH,RN_08591,TOA PAYOH,PA_29,TOA PAYOH CENTRAL,SZ_096,LORONG 2 TOA PAYOH,RN_51137
209,"[Risk of Flash Floods]

Due to heavy rain, please avoid this location for the next 1 hour: Aljunied Rd under PIE Flyover [03:56 hours]",2025-05-10,Aljunied Rd under PIE Flyover,flash_flood_risk,Aljunied Road under Pan Island Expressway Flyover,,,Aljunied Road under Pan Island Expressway Flyover,1.366923,103.801292,678278,,,,CENTRAL WATER CATCHMENT,PA_07,CENTRAL WATER CATCHMENT,SZ_294,RIFLE RANGE ROAD,RN_30361,,,,,,
210,"[Risk of Flash Floods]

Due to heavy rain, please avoid this location for the next 1 hour: Lor Gambir
 [03:54 hours]",2025-05-10,Lor Gambir,flash_flood_risk,Lorong Gambir,,,Lorong Gambir,1.3461999,103.8744676,536652,,,,SERANGOON,PA_21,UPPER PAYA LEBAR,SZ_201,JALAN LABU AYER,RN_08391,,,,,,
211,"[Risk of Flash Floods]

Due to heavy rain, please avoid this location for the next 1 hour: Junction of Neo Pee Teck Lane and Pasir Panjang Rd [03:51 hours]",2025-05-10,Junction of Neo Pee Teck Lane and Pasir Panjang Rd,flash_flood_risk,neo pee teck lane,pasir panjang Road,,neo pee teck lane and pasir panjang Road,1.2920468,103.7685915,118759,1.2784095,103.7859948,118135,QUEENSTOWN,PA_17,PASIR PANJANG 1,SZ_025,PASIR PANJANG ROAD,RN_03148,QUEENSTOWN,PA_17,PASIR PANJANG 2,SZ_044,PASIR PANJANG ROAD,RN_08540
212,"[Risk of Flash Floods]

Due to heavy rain, please avoid this location for the next 1 hour: Thomson Rd (Balestier Rd to Novena Rise) [03:50 hours]",2025-05-10,Thomson Rd (Balestier Rd to Novena Rise),flash_flood_risk,balestier Road,novena rise,Thomson Road,Thomson Road (balestier Road to novena rise),1.3265878,103.8430003,329900,1.3242731,103.8429008,307516,NOVENA,PA_25,BALESTIER,SZ_175,JALAN DATOH,RN_24153,NOVENA,PA_25,BALESTIER,SZ_175,NOVENA RISE,RN_47996
213,"[Risk of Flash Floods]

Due to heavy rain, please avoid this location for the next 1 hour: Jln Boon Lay (Enterprise Rd to International Rd) [03:43 hours]",2025-05-10,Jln Boon Lay (Enterprise Rd to International Rd),flash_flood_risk,enterprise Road,international Road,Jalan Boon Lay,Jalan Boon Lay (enterprise Road to international Road),1.3333182,103.7026361,627667,1.3303924,103.716687,618680,JURONG WEST,PA_13,KIAN TECK,SZ_105,ENTERPRISE ROAD,RN_35394,JURONG WEST,PA_13,CHIN BEE,SZ_193,THIRD CHIN BEE ROAD,RN_04725
214,"[Risk of Flash Floods]

Due to heavy rain, please avoid this location for the next 1 hour: Lor Gambir
 [03:42 hours]",2025-05-10,Lor Gambir,flash_flood_risk,Lorong Gambir,,,Lorong Gambir,1.3461999,103.8744676,536652,,,,SERANGOON,PA_21,UPPER PAYA LEBAR,SZ_201,JALAN LABU AYER,RN_08391,,,,,,
207,"[Risk of Flash Floods]

Due to heavy rain, please avoid this location for the next 1 hour: Queen's Rd [03:57 hours]",2025-05-10,Queen's Rd,flash_flood_risk,Queen s Road,,,Queen s Road,1.3217094,103.8102837,267746,,,,BUKIT TIMAH,PA_06,CORONATION ROAD,SZ_148,QUEEN'S ROAD,RN_57526,,,,,,
199,"[Risk of Flash Floods]

Due to heavy rain, please avoid this location for the next 1 hour: Jln Boon Lay (Enterprise Rd to International Rd) [11:29 hours]",2025-05-18,Jln Boon Lay (Enterprise Rd to International Rd),flash_flood_risk,enterprise Road,international Road,Jalan Boon Lay,Jalan Boon Lay (enterprise Road to international Road),1.3333182,103.7026361,627667,1.3303924,103.716687,618680,JURONG WEST,PA_13,KIAN TECK,SZ_105,ENTERPRISE ROAD,RN_35394,JURONG WEST,PA_13,CHIN BEE,SZ_193,THIRD CHIN BEE ROAD,RN_04725
198,"[Risk of Flash Floods]

Due to heavy rain, please avoid this location for the next 1 hour: Dunearn Rd (Yarwood Ave to Binjai Pk) [12:15 hours]",2025-05-18,Dunearn Rd (Yarwood Ave to Binjai Pk),flash_flood_risk,yarwood Avenue,binjai Park,Dunearn Road,Dunearn Road (yarwood Avenue to binjai Park),1.3375703,103.7839724,588035,1.3404925,103.787472,589871,BUKIT TIMAH,PA_06,SWISS CLUB,SZ_153,YARWOOD AVENUE,RN_46764,BUKIT TIMAH,PA_06,SWISS CLUB,SZ_153,BINJAI PARK,RN_05666
197,"[Risk of Flash Floods]

Due to heavy rain, please avoid this location for the next 1 hour: Craig Rd (Duxton Rd to TG Pagar Rd) [03:46 hours]",2025-06-07,Craig Rd (Duxton Rd to TG Pagar Rd),flash_flood_risk,duxton Road,tg pagar Road,Craig Road,Craig Road (duxton Road to tg pagar Road),1.2775364,103.8429301,089667,1.278193,103.843765,088474,OUTRAM,PA_46,CHINATOWN,SZ_003,DUXTON ROAD,RN_21841,OUTRAM,PA_46,CHINATOWN,SZ_003,TANJONG PAGAR ROAD,RN_15547
196,"[Risk of Flash Floods]

Due to heavy rain, please avoid this location for the next 1 hour: Lor Gambir
 [03:55 hours]",2025-06-07,Lor Gambir,flash_flood_risk,Lorong Gambir,,,Lorong Gambir,1.3461999,103.8744676,536652,,,,SERANGOON,PA_21,UPPER PAYA LEBAR,SZ_201,JALAN LABU AYER,RN_08391,,,,,,
195,"[Risk of Flash Floods]

Due to heavy rain, please avoid this location for the next 1 hour: Rowell Rd;
Syed Alwi Rd;
Jln Besar Rd (Veerasamy Rd to Kitchener Rd);
Veerasamy Rd;
Kg Kapor Rd (Hindoo Rd to Kitchener Rd); [03:56 hours]",2025-06-07,"Rowell Rd;
Syed Alwi Rd;
Jln Besar Rd (Veerasamy Rd to Kitchener Rd);
Veerasamy Rd;
Kg Kapor Rd (Hindoo Rd to Kitchener Rd);",flash_flood_risk,veerasamy Road,kitchener Road,Rowell Road Syed Alwi Road Jalan Besar Road,Rowell Road Syed Alwi Road Jalan Besar Road (veerasamy Road to kitchener Road),1.3069003,103.8551773,200637,1.3099242,103.8571424,208524,ROCHOR,PA_35,LITTLE INDIA,SZ_075,VEERASAMY ROAD,RN_36574,KALLANG,PA_22,LAVENDER,SZ_117,KITCHENER ROAD,RN_50566
194,"[Risk of Flash Floods]

Due to heavy rain, please avoid this location for the next 1 hour: Upp Paya Lebar Service Rd (Lim Teck Boo Rd to Rochdale Rd);
Jln Lokam (near Upp Paya Lebar Rd);
Thrift Dr (near Jln Usaha); [04:00 hours]",2025-06-07,"Upp Paya Lebar Service Rd (Lim Teck Boo Rd to Rochdale Rd);
Jln Lokam (near Upp Paya Lebar Rd);
Thrift Dr (near Jln Usaha);",flash_flood_risk,lim teck boo Road,rochdale Road,Upper Paya Lebar Service Road,Upper Paya Lebar Service Road (lim teck boo Road to rochdale Road),1.3422987,103.8844939,534878,1.3433183,103.8835973,535823,HOUGANG,PA_11,TAI SENG,SZ_202,LIM TECK BOO ROAD,RN_58583,HOUGANG,PA_11,TAI SENG,SZ_202,ROCHDALE ROAD,RN_17760
193,"[Risk of Flash Floods]

Due to heavy rain, please avoid this location for the next 1 hour: Jln Pokok Serunai [04:09 hours]",2025-06-07,Jln Pokok Serunai,flash_flood_risk,Jalan Pokok Serunai,,,Jalan Pokok Serunai,1.3143531,103.9363658,466433,,,,BEDOK,PA_01,BAYSHORE,SZ_136,JALAN POKOK SERUNAI,RN_53094,,,,,,
191,"[Risk of Flash Floods] 

Due to heavy rain, please avoid this location for the next 1 hour: Riverside Road (near Junction of Riverside Road and Admiralty Road).",2025-06-28,Riverside Road (near Junction of Riverside Road and Admiralty Road).,flash_flood_risk,junction of riverside road,admiralty road,Riverside Road,Riverside Road (junction of riverside road and admiralty road),1.366923,103.801292,678278,1.4418389,103.775189,739297,CENTRAL WATER CATCHMENT,PA_07,CENTRAL WATER CATCHMENT,SZ_294,RIFLE RANGE ROAD,RN_30361,WOODLANDS,PA_33,WOODLANDS WEST,SZ_322,ADMIRALTY ROAD,RN_09921
187,"[Risk of Flash Floods]

Due to heavy rain, please avoid this location for the next 1 hour: Jln Pokok Serunai [17:51 hours]",2025-07-04,Jln Pokok Serunai,flash_flood_risk,Jalan Pokok Serunai,,,Jalan Pokok Serunai,1.3143531,103.9363658,466433,,,,BEDOK,PA_01,BAYSHORE,SZ_136,JALAN POKOK SERUNAI,RN_53094,,,,,,
189,"[Risk of Flash Floods]

Due to heavy rain, please avoid this location for the next 1 hour: Lor Gambir
 [17:23 hours]",2025-07-04,Lor Gambir,flash_flood_risk,Lorong Gambir,,,Lorong Gambir,1.3461999,103.8744676,536652,,,,SERANGOON,PA_21,UPPER PAYA LEBAR,SZ_201,JALAN LABU AYER,RN_08391,,,,,,
188,"[Risk of Flash Floods]

Due to heavy rain, please avoid this location for the next 1 hour: Lor Gambir
 [17:51 hours]",2025-07-04,Lor Gambir,flash_flood_risk,Lorong Gambir,,,Lorong Gambir,1.3461999,103.8744676,536652,,,,SERANGOON,PA_21,UPPER PAYA LEBAR,SZ_201,JALAN LABU AYER,RN_08391,,,,,,
186,"[Risk of Flash Floods]

Due to heavy rain, please avoid this location for the next 1 hour:   Dunearn Road (between Yarwood Ave and Binjai Park)[Issued 08:13hours]",2025-07-09,Dunearn Road (between Yarwood Ave and Binjai Park)[Issued 08:13hours],flash_flood_risk,yarwood Avenue,binjai park,Dunearn Road,Dunearn Road (yarwood Avenue to binjai park),1.3375703,103.7839724,588035,1.3404925,103.787472,589871,BUKIT TIMAH,PA_06,SWISS CLUB,SZ_153,YARWOOD AVENUE,RN_46764,BUKIT TIMAH,PA_06,SWISS CLUB,SZ_153,BINJAI PARK,RN_05666
185,"[Risk of Flash Floods]

Due to heavy rain, please avoid this location for the next 1 hour: Craig Rd (Duxton Rd to TG Pagar Rd) [11:20 hours]",2025-07-21,Craig Rd (Duxton Rd to TG Pagar Rd),flash_flood_risk,duxton Road,tg pagar Road,Craig Road,Craig Road (duxton Road to tg pagar Road),1.2775364,103.8429301,089667,1.278193,103.843765,088474,OUTRAM,PA_46,CHINATOWN,SZ_003,DUXTON ROAD,RN_21841,OUTRAM,PA_46,CHINATOWN,SZ_003,TANJONG PAGAR ROAD,RN_15547
184,"[Risk of Flash Floods]

Due to heavy rain, please avoid this location for the next 1 hour: Lor Gambir
 [11:30 hours]",2025-07-21,Lor Gambir,flash_flood_risk,Lorong Gambir,,,Lorong Gambir,1.3461999,103.8744676,536652,,,,SERANGOON,PA_21,UPPER PAYA LEBAR,SZ_201,JALAN LABU AYER,RN_08391,,,,,,
183,"[Risk of Flash Floods]

Due to heavy rain, please avoid this location for the next 1 hour: Upp Paya Lebar Service Rd (Lim Teck Boo Rd to Rochdale Rd);
Jln Lokam (near Upp Paya Lebar Rd);
Thrift Dr (near Jln Usaha); [11:38 hours]",2025-07-21,"Upp Paya Lebar Service Rd (Lim Teck Boo Rd to Rochdale Rd);
Jln Lokam (near Upp Paya Lebar Rd);
Thrift Dr (near Jln Usaha);",flash_flood_risk,lim teck boo Road,rochdale Road,Upper Paya Lebar Service Road,Upper Paya Lebar Service Road (lim teck boo Road to rochdale Road),1.3422987,103.8844939,534878,1.3433183,103.8835973,535823,HOUGANG,PA_11,TAI SENG,SZ_202,LIM TECK BOO ROAD,RN_58583,HOUGANG,PA_11,TAI SENG,SZ_202,ROCHDALE ROAD,RN_17760
182,"[Risk of Flash Floods]

Due to heavy rain, please avoid this location for the next 1 hour: Jln Pokok Serunai [12:00 hours]",2025-07-21,Jln Pokok Serunai,flash_flood_risk,Jalan Pokok Serunai,,,Jalan Pokok Serunai,1.3143531,103.9363658,466433,,,,BEDOK,PA_01,BAYSHORE,SZ_136,JALAN POKOK SERUNAI,RN_53094,,,,,,
181,"[Risk of Flash Floods]

Due to heavy rain, please avoid this location for the next 1 hour: Jln Boon Lay (Enterprise Rd to International Rd) [07:39hours]",2025-08-03,Jln Boon Lay (Enterprise Rd to International Rd),flash_flood_risk,enterprise Road,international Road,Jalan Boon Lay,Jalan Boon Lay (enterprise Road to international Road),1.3333182,103.7026361,627667,1.3303924,103.716687,618680,JURONG WEST,PA_13,KIAN TECK,SZ_105,ENTERPRISE ROAD,RN_35394,JURONG WEST,PA_13,CHIN BEE,SZ_193,THIRD CHIN BEE ROAD,RN_04725
178,"[Risk of Flash Floods]

Due to heavy rain, please avoid this location for the next 1 hour: Mountbatten Rd leading to Jln Seaview [02:08 hours]",2025-08-12,Mountbatten Rd leading to Jln Seaview,flash_flood_risk,Mountbatten Road,Jalan Seaview,,Mountbatten Road to Jalan Seaview,1.3028098,103.8996285,439970,1.3008882,103.896421,438386,MARINE PARADE,PA_39,KATONG,SZ_072,MOUNTBATTEN ROAD,RN_19775,MARINE PARADE,PA_39,MOUNTBATTEN,SZ_300,JALAN SEAVIEW,RN_10396
179,"[Risk of Flash Floods]

Due to heavy rain, please avoid this location for the next 1 hour: Junction of TG Pagar Rd and Hoe Chiang Rd [01:48 hours]",2025-08-12,Junction of TG Pagar Rd and Hoe Chiang Rd,flash_flood_risk,tg pagar Road,hoe chiang Road,,tg pagar Road and hoe chiang Road,1.278193,103.843765,088474,1.2740948,103.8423663,089314,OUTRAM,PA_46,CHINATOWN,SZ_003,TANJONG PAGAR ROAD,RN_15547,DOWNTOWN CORE,PA_40,ANSON,SZ_033,HOE CHIANG ROAD,RN_33043
177,"[Risk of Flash Floods]

Due to heavy rain, please avoid this location for the next 1 hour: Dunearn Rd (Yarwood Ave to Binjai Pk) [07:21 hours]",2025-08-23,Dunearn Rd (Yarwood Ave to Binjai Pk),flash_flood_risk,yarwood Avenue,binjai Park,Dunearn Road,Dunearn Road (yarwood Avenue to binjai Park),1.3375703,103.7839724,588035,1.3404925,103.787472,589871,BUKIT TIMAH,PA_06,SWISS CLUB,SZ_153,YARWOOD AVENUE,RN_46764,BUKIT TIMAH,PA_06,SWISS CLUB,SZ_153,BINJAI PARK,RN_05666
176,"[Risk of Flash Floods] 

Due to heavy rain, please avoid this location for the next 1 hour: Jurong Town Hall Road (towards PIE) before Jurong East Street 11 [Issued 07:43hours]",2025-08-23,Jurong Town Hall Road (towards PIE) before Jurong East Street 11,flash_flood_risk,Jurong Town Hall Road towards Pan Island Expressway,Jurong East Street 11,,Jurong Town Hall Road towards Pan Island Expressway to Jurong East Street 11,1.340929,103.971106,486059,1.3299899,103.7457325,609930,TAMPINES,PA_47,XILIN,SZ_154,CHANGI SOUTH AVENUE 3,RN_34862,JURONG EAST,PA_12,INTERNATIONAL BUSINESS PARK,SZ_146,JURONG EAST STREET 11,RN_01261
175,"[FLASH FLOOD OCCURRED]  

Flash flood at Jurong Town Hall Road (towards PIE) before Jurong East Street 11. Please avoid the area. Issued 0749 hours.",2025-08-23,Jurong Town Hall Road (towards PIE) before Jurong East Street 11,flash_flood,Jurong Town Hall Road towards Pan Island Expressway,Jurong East Street 11,,Jurong Town Hall Road towards Pan Island Expressway to Jurong East Street 11,1.340929,103.971106,486059,1.3299899,103.7457325,609930,TAMPINES,PA_47,XILIN,SZ_154,CHANGI SOUTH AVENUE 3,RN_34862,JURONG EAST,PA_12,INTERNATIONAL BUSINESS PARK,SZ_146,JURONG EAST STREET 11,RN_01261
174,Flash flood subsided at Jurong Town Hall Road (towards PIE) before Jurong East Street 11. Issued 0810 hours.,2025-08-24,Jurong Town Hall Road (towards PIE) before Jurong East Street 11,flood_subsided,Jurong Town Hall Road towards Pan Island Expressway,Jurong East Street 11,,Jurong Town Hall Road towards Pan Island Expressway to Jurong East Street 11,1.340929,103.971106,486059,1.3299899,103.7457325,609930,TAMPINES,PA_47,XILIN,SZ_154,CHANGI SOUTH AVENUE 3,RN_34862,JURONG EAST,PA_12,INTERNATIONAL BUSINESS PARK,SZ_146,JURONG EAST STREET 11,RN_01261
173,"[Risk of Flash Floods]

Due to heavy rain, please avoid this location for the next 1 hour:   Dunearn Road (between Yarwood Ave and Binjai Park)[Issued 1347hours]",2025-08-28,Dunearn Road (between Yarwood Ave and Binjai Park)[Issued 1347hours],flash_flood_risk,yarwood Avenue,binjai park,Dunearn Road,Dunearn Road (yarwood Avenue to binjai park),1.3375703,103.7839724,588035,1.3404925,103.787472,589871,BUKIT TIMAH,PA_06,SWISS CLUB,SZ_153,YARWOOD AVENUE,RN_46764,BUKIT TIMAH,PA_06,SWISS CLUB,SZ_153,BINJAI PARK,RN_05666
172,"[Risk of Flash Floods]

Due to heavy rain, please avoid this location for the next 1 hour: Yishun Avenue 7 [09:13 hours]",2025-09-05,Yishun Avenue 7,flash_flood_risk,Yishun Avenue 7,,,Yishun Avenue 7,1.4380871,103.8326446,760175,,,,YISHUN,PA_55,YISHUN WEST,SZ_316,YISHUN AVENUE 7,RN_28865,,,,,,
171,"[Risk of Flash Floods]

Due to heavy rain, please avoid this location for the next 1 hour: Junction of Yishun Ave 2 and Yishun Ave 5 [09:16 hours]",2025-09-05,Junction of Yishun Ave 2 and Yishun Ave 5,flash_flood_risk,yishun Avenue 2,yishun Avenue 5,,yishun Avenue 2 and yishun Avenue 5,1.4371108,103.8337382,760170,1.4304259,103.8315094,760145,YISHUN,PA_55,NORTHLAND,SZ_320,YISHUN AVENUE 2,RN_15934,YISHUN,PA_55,YISHUN WEST,SZ_316,YISHUN AVENUE 5,RN_23123
170,"[Risk of Flash Floods]

Due to heavy rain, please avoid this location for the next 1 hour: TPE (Punggol West Flyover) [09:28 hours]",2025-09-05,TPE (Punggol West Flyover),flash_flood_risk,Tampines Expressway Punggol West Flyover,,,Tampines Expressway Punggol West Flyover,1.379707,103.915978,533760,,,,PAYA LEBAR,PA_54,PAYA LEBAR WEST,SZ_229,TAMPINES ROAD,RN_57253,,,,,,
