id,created_at,text,event_date,sender_id,msg_id,location,event,start_loc,end_loc,parent_road,cleaned_location,start_lat,start_lng,start_postal_code,end_lat,end_lng,end_postal_code
1,,,20/3/2014,,,YISHUN MRT,flash_flood,,,,,1.429525,103.834995,769093,,,
2,,,4/4/2014,,,2 KAKI BUKIT ROAD 3,flash_flood,,,,,1.337334,103.901943,416161,,,
3,,,23/4/2014,,,PSC BUILDING,flash_flood,,,,,1.328863,103.706189,629813,,,
4,,,23/4/2014,,,21229 (BUS STOP),flash_flood,,,,,1.342064,103.71602,648923,,,
5,,,16/5/2014,,,TENGAH FLYOVER,flash_flood,,,,,1.363822,103.707043,648170,,,
6,,,16/5/2014,,,PSC BUILDING,flash_flood,,,,,1.328863,103.706189,629813,,,
7,,,16/5/2014,,,21229 (BUS STOP),flash_flood,,,,,1.342064,103.71602,648923,,,
8,,,25/6/2014,,,45019 (BUS STOP),flash_flood,,,,,1.388299,103.755539,682036,,,
9,,,25/6/2014,,,45061 (BUS STOP),flash_flood,,,,,1.407181,103.756063,729678,,,
10,,,9/7/2014,,,45019 (BUS STOP),flash_flood,,,,,1.388299,103.755539,682036,,,
11,,,9/7/2014,,,COMMONWEALTH LANE,flash_flood,,,,,1.304553,103.797475,149547,,,
12,,,29/7/2014,,,BASSEIN ROAD,flash_flood,,,,,1.323316,103.848088,309838,,,
13,,,29/7/2014,,,MACKENZIE ROAD,flash_flood,,,,,1.305873,103.848002,228708,,,
14,,,29/7/2014,,,KRAMAT LANE,flash_flood,,,,,1.300979,103.842274,228750,,,
15,,,3/9/2014,,,14379 (BUS STOP),flash_flood,,,,,1.272438,103.823794,090109,,,
16,,,24/9/2014,,,2 MANDAI ROAD,flash_flood,,,,,1.402422,103.815417,779403,,,
17,,,4/10/2014,,,21329 (BUS STOP),flash_flood,,,,,1.326915,103.709018,619625,,,
18,,,4/10/2014,,,LORONG BUANGKOK,flash_flood,,,,,1.383418,103.877972,805910,,,
19,,,31/10/2014,,,45061 (BUS STOP),flash_flood,,,,,1.407181,103.756063,729678,,,
20,,,6/11/2014,,,58161 (BUS STOP),flash_flood,,,,,1.460528,103.820374,757443,,,
21,,,8/11/2014,,,42241 (BUS STOP),flash_flood,,,,,1.337118,103.767085,598112,,,
22,,,8/11/2014,,,40099 (BUS STOP),flash_flood,,,,,1.321852,103.82344,259372,,,
23,,,13/11/2014,,,YISHUN MRT,flash_flood,,,,,1.429525,103.834995,769093,,,
24,,,13/11/2014,,,SEMBAWANG SHOPPING CENTRE,flash_flood,,,,,1.441853,103.82497,758459,,,
25,,,13/11/2014,,,TAN HENG LEE BUILDING,flash_flood,,,,,1.332819,103.884451,369610,,,
26,,,13/11/2014,,,LORONG GAMBIR,flash_flood,,,,,1.345476,103.875567,556140,,,
27,,,13/11/2014,,,LORONG ONG LYE,flash_flood,,,,,1.347784,103.879043,534965,,,
28,,,17/11/2014,,,LORONG GAMBIR,flash_flood,,,,,1.345476,103.875567,556140,,,
29,,,17/11/2014,,,LORONG ONG LYE,flash_flood,,,,,1.347784,103.879043,534965,,,
30,,,17/11/2014,,,63139 (BUS STOP),flash_flood,,,,,1.361202,103.891412,532373,,,
31,,,17/11/2014,,,HOUGANG AVE 1,flash_flood,,,,,1.353703,103.890681,530106,,,
32,,,17/11/2014,,,MACPHERSON ROAD,flash_flood,,,,,1.328704,103.872121,348741,,,
33,,,26/11/2014,,,16 SUNSET DRIVE,flash_flood,,,,,1.325782,103.766715,597092,,,
34,,,17/12/2014,,,11429 (BUS STOP),flash_flood,,,,,1.30454,103.798363,149597,,,
35,,,17/12/2014,,,ENTERPRISE ROAD,flash_flood,,,,,1.333312,103.705117,629840,,,
36,,,24/12/2014,,,NATIONAL SHOOTING CENTRE,flash_flood,,,,,1.372792,103.682976,698910,,,
37,,,24/4/2015,,,LORNIE VIADUCT,flash_flood,,,,,1.344614,103.8435,579847,,,
38,,,3/5/2015,,,NATIONAL SHOOTING CENTRE,flash_flood,,,,,1.372792,103.682976,698910,,,
39,,,8/6/2015,,,CHIN BEE AVE,flash_flood,,,,,1.333502,103.712787,619941,,,
40,,,8/6/2015,,,21229 (BUS STOP),flash_flood,,,,,1.342064,103.71602,648923,,,
41,,,11/8/2015,,,NANYANG TECHNOLOGICAL UNIVERSITY NORTH SPINE,flash_flood,,,,,1.346176,103.682049,639798,,,
42,,,12/8/2015,,,TAMPINES STREET 32,flash_flood,,,,,1.353779,103.957994,520384,,,
43,,,9/9/2015,,,JURONG WEST STREET 51,flash_flood,,,,,1.347889,103.720531,640511,,,
44,,,2/12/2015,,,12111 (BUS STOP),flash_flood,,,,,1.319118,103.77223,120343,,,
45,,,5/12/2015,,,LORONG BUANGKOK,flash_flood,,,,,1.383418,103.877972,805910,,,
46,,,5/12/2015,,,CHURCH OF ST VINCENT DE PAUL,flash_flood,,,,,1.382224,103.876411,805910,,,
47,,,5/12/2015,,,ANG MO KIO STREET 31,flash_flood,,,,,1.365873,103.848056,560320,,,
48,,,10/12/2015,,,CHANGI FLYOVER,flash_flood,,,,,1.345806,103.982914,819658,,,
49,,,10/12/2015,,,21229 (BUS STOP),flash_flood,,,,,1.342064,103.71602,648923,,,
50,,,10/12/2015,,,69 BOON KENG ROAD,flash_flood,,,,,1.317147,103.862497,339772,,,
51,,,10/12/2015,,,MAXWELL FOOD CENTRE,flash_flood,,,,,1.280331,103.844747,088437,,,
52,,,11/12/2015,,,PEK KIO CC,flash_flood,,,,,1.313059,103.851374,219458,,,
53,,,11/12/2015,,,BALESTIER POINT,flash_flood,,,,,1.322812,103.852026,329735,,,
54,,,11/12/2015,,,50199 (BUS STOP),flash_flood,,,,,1.324968,103.850509,308231,,,
55,,,11/12/2015,,,69 BOON KENG ROAD,flash_flood,,,,,1.317147,103.862497,339772,,,
56,,,11/12/2015,,,21229 (BUS STOP),flash_flood,,,,,1.342064,103.71602,648923,,,
57,,,11/12/2015,,,NEO PEE TECK LANE,flash_flood,,,,,1.292623,103.769021,118759,,,
58,,,22/1/2016,,,NEO PEE TECK LANE,flash_flood,,,,,1.292623,103.769021,118759,,,
59,,,9/4/2016,,,MARKET & HAWKER CENTRE (BLK 20 GHIM MOH ROAD),flash_flood,,,,,1.277368,103.818652,090011,,,
60,,,20/4/2016,,,2 ENTERPRISE ROAD,flash_flood,,,,,1.333642,103.707847,629814,,,
61,,,11/5/2016,,,45061 (BUS STOP),flash_flood,,,,,1.407181,103.756063,729678,,,
62,,,11/5/2016,,,YISHUN MRT,flash_flood,,,,,1.429525,103.834995,769093,,,
63,,,18/5/2016,,,PSC BUILDING,flash_flood,,,,,1.328863,103.706189,629813,,,
64,,,17/6/2016,,,ENTERPRISE ROAD,flash_flood,,,,,1.333312,103.705117,629840,,,
65,,,17/6/2016,,,21229 (BUS STOP),flash_flood,,,,,1.342064,103.71602,648923,,,
66,,,17/6/2016,,,TUAS UNDERPASS,flash_flood,,,,,1.321705,103.663691,638481,,,
67,,,8/7/2016,,,21229 (BUS STOP),flash_flood,,,,,1.342064,103.71602,648923,,,
68,,,13/7/2016,,,21229 (BUS STOP),flash_flood,,,,,1.342064,103.71602,648923,,,
69,,,26/7/2016,,,NEO PEE TECK LANE,flash_flood,,,,,1.292623,103.769021,118759,,,
70,,,14/9/2016,,,50 HOUGANG AVE 1,flash_flood,,,,,1.360305,103.888083,530211,,,
71,,,24/12/2016,,,BALMORAL ROAD,flash_flood,,,,,1.313244,103.830181,257878,,,
72,,,24/12/2016,,,CAIRNHILL ROAD,flash_flood,,,,,1.308031,103.836841,228512,,,
73,,,24/12/2016,,,STEVENS ROAD,flash_flood,,,,,1.31317,103.828976,257878,,,
74,,,24/12/2016,,,UPPER THOMSON ROAD,flash_flood,,,,,1.373054,103.828958,574419,,,
75,,,24/12/2016,,,ORCHARD ROAD,flash_flood,,,,,1.303228,103.83668,229921,,,
76,,,24/12/2016,,,NEWTON CIRCUS,flash_flood,,,,,1.313224,103.838945,307943,,,
77,,,19/1/2017,,,53041 (BUS STOP),flash_flood,,,,,1.353078,103.834364,574359,,,
78,,,23/1/2017,,,134 TANJONG PAGAR ROAD,flash_flood,,,,,1.277471,103.843403,088534,,,
79,,,23/1/2017,,,MAXWELL FOOD CENTRE,flash_flood,,,,,1.280331,103.844747,088437,,,
80,,,3/2/2017,,,TAMPINES STREET 22,flash_flood,,,,,1.349038,103.951095,520272,,,
81,,,3/2/2017,,,LORONG HALUS,flash_flood,,,,,1.386169,103.923226,533850,,,
82,,,4/2/2017,,,TAMPINES FLYOVER,flash_flood,,,,,1.381657,103.917491,520175,,,
83,,,4/2/2017,,,BEDOK NORTH FLYOVER,flash_flood,,,,,1.332028,103.920369,460540,,,
84,,,8/2/2017,,,TOA PAYOH LORONG 1,flash_flood,,,,,1.338046,103.844734,310127,,,
85,,,8/2/2017,,,TOA PAYOH LORONG 2,flash_flood,,,,,1.336287,103.846514,319640,,,
86,,,8/2/2017,,,ORCHARD MRT EXIT 10,flash_flood,,,,,1.304048,103.831124,238878,,,
87,,,8/2/2017,,,STAMFORD HOUSE,flash_flood,,,,,1.294162,103.850711,179949,,,
88,,,18/4/2017,,,MOUNT ELIZABETH MEDICAL CENTRE,flash_flood,,,,,1.322137,103.844361,329562,,,
89,,,18/4/2017,,,UNIVERSITY FLYOVER,flash_flood,,,,,1.303247,103.771674,120611,,,
90,,,18/4/2017,,,69 BOON KENG ROAD,flash_flood,,,,,1.317147,103.862497,339772,,,
91,,,18/4/2017,,,40191 (BUS STOP),flash_flood,,,,,1.312686,103.830427,259978,,,
92,,,18/4/2017,,,09191 (BUS STOP),flash_flood,,,,,1.304887,103.825498,247918,,,
93,,,21/4/2017,,,UPPER CROSS STREET,flash_flood,,,,,1.285862,103.842811,058288,,,
94,,,27/4/2017,,,KOVAN ROAD,flash_flood,,,,,1.358496,103.881234,548534,,,
95,,,27/4/2017,,,63139 (BUS STOP),flash_flood,,,,,1.361202,103.891412,532373,,,
96,,,27/4/2017,,,TAI SENG DRIVE,flash_flood,,,,,1.337758,103.893213,535222,,,
97,,,18/6/2017,,,DAIRY FARM ROAD,flash_flood,,,,,1.353493,103.787868,289759,,,
98,,,14/7/2017,,,63139 (BUS STOP),flash_flood,,,,,1.361202,103.891412,532373,,,
99,,,14/7/2017,,,09191 (BUS STOP),flash_flood,,,,,1.304887,103.825498,247918,,,
100,,,7/10/2017,,,BISHAN MRT STATION,flash_flood,,,,,1.350706,103.848079,579827,,,
101,,,7/10/2017,,,BRADDEL MRT STATION,flash_flood,,,,,1.340605,103.847231,319758,,,
102,,,30/10/2017,,,STAMFORD ROAD,flash_flood,,,,,1.294094,103.850124,178892,,,
103,,,30/10/2017,,,VICTORIA STREET,flash_flood,,,,,1.300563,103.855781,188045,,,
104,,,30/10/2017,,,MOUNT ELIZABETH,flash_flood,,,,,1.32211,103.844317,329562,,,
105,,,9/11/2017,,,63139 (BUS STOP),flash_flood,,,,,1.361202,103.891412,532373,,,
106,,,18/11/2017,,,MANDAI ROAD,flash_flood,,,,,1.40743,103.783828,729979,,,
107,,,18/11/2017,,,YISHUN MRT,flash_flood,,,,,1.429525,103.834995,769093,,,
108,,,22/11/2017,,,09191 (BUS STOP),flash_flood,,,,,1.304887,103.825498,247918,,,
109,,,22/11/2017,,,40191 (BUS STOP),flash_flood,,,,,1.312686,103.830427,259978,,,
110,,,15/12/2017,,,PASIR RIS FARMWAY,flash_flood,,,,,1.385908,103.934912,518221,,,
111,,,8/1/2018,,,TAMPINES ROAD,flash_flood,,,,,1.362843,103.966929,509733,,,
112,,,8/1/2018,,,THE GLADES,flash_flood,,,,,1.327081,103.947772,469601,,,
113,,,8/1/2018,,,JALAN NIPAH,flash_flood,,,,,1.325939,103.95278,468585,,,
114,,,8/1/2018,,,PAYA LEBAR QUARTER,flash_flood,,,,,1.316174,103.893139,437161,,,
115,,,8/1/2018,,,ARUMUGAM ROAD,flash_flood,,,,,1.325178,103.891377,409961,,,
116,,,8/1/2018,,,CHANGI FIRE STATION,flash_flood,,,,,1.33488,103.951353,486123,,,
117,,,8/1/2018,,,TAMPINES AVENUE 12,flash_flood,,,,,1.363297,103.944612,521637,,,
118,,,9/1/2018,,,134 TANJONG PAGAR ROAD,flash_flood,,,,,1.277471,103.843403,088534,,,
119,,,24/1/2018,,,CRAIG ROAD,flash_flood,,,,,1.277854,103.842278,089688,,,
120,,,24/1/2018,,,PSC BUILDING,flash_flood,,,,,1.328863,103.706189,629813,,,
121,,,30/1/2018,,,SELETAR NORTH LINK,flash_flood,,,,,1.424892,103.883643,797359,,,
122,,,31/1/2018,,,ANG MO KIO INDUSTRIAL PARK 2,flash_flood,,,,,1.371047,103.862851,569500,,,
123,,,17/3/2018,,,21229,flash_flood,,,,,1.342064,103.71602,648923,,,
124,,,30/3/2018,,,BUKIT BATOK ROAD,flash_flood,,,,,1.363244,103.742569,659203,,,
125,,,30/3/2018,,,CHOA CHU KANG AVENUE 1,flash_flood,,,,,1.37744,103.744383,680253,,,
126,,,30/3/2018,,,CHUA CHU KANG CEMETERY OFFICE,flash_flood,,,,,1.374358,103.693645,698910,,,
127,,,30/3/2018,,,LIM CHU KANG FARMWAY,flash_flood,,,,,1.428068,103.704222,718921,,,
128,,,7/4/2018,,,MARYMOUNT MRT STATION,flash_flood,,,,,1.348707,103.839423,570302,,,
129,,,20/4/2018,,,TENGAH FLYOVER,flash_flood,,,,,1.363822,103.707043,648170,,,
130,,,23/4/2018,,,40191,flash_flood,,,,,1.312686,103.830427,259978,,,
131,,,23/4/2018,,,GILSTEAD 2,flash_flood,,,,,1.31496,103.838459,307997,,,
132,,,27/4/2018,,,SELETAR NORTH LINK,flash_flood,,,,,1.424892,103.883643,797359,,,
133,,,1/5/2018,,,BLK 448 CLEMENTI AVENUE 3,flash_flood,,,,,1.31332,103.764517,120448,,,
134,,,26/5/2018,,,KRAMAT LANE,flash_flood,,,,,1.300979,103.842274,228750,,,
135,,,26/5/2018,,,CAVENAGH ROAD,flash_flood,,,,,1.308095,103.84214,229491,,,
136,,,20/6/2018,,,21229,flash_flood,,,,,1.342064,103.71602,648923,,,
137,,,26/6/2018,,,ENG NEO FLYOVER,flash_flood,,,,,1.339976,103.806539,288303,,,
138,,,26/6/2018,,,TOH TUCK AVENUE,flash_flood,,,,,1.33054,103.758726,596226,,,
139,,,26/6/2018,,,KISMIS ROAD,flash_flood,,,,,1.335544,103.771203,599430,,,
140,,,29/6/2018,,,LORONG KISMIS,flash_flood,,,,,1.336996,103.766805,598112,,,
141,,,29/6/2018,,,BUKIT TIMAH,flash_flood,,,,,1.333937,103.792132,276308,,,
142,,,29/6/2018,,,DUNEARN ROAD,flash_flood,,,,,1.321188,103.825058,297753,,,
143,,,19/9/2018,,,55189 (BUS STOP),flash_flood,,,,,1.382953,103.844225,569845,,,
144,,,16/10/2018,,,21229 (BUS STOP),flash_flood,,,,,1.342064,103.71602,648923,,,
145,,,23/10/2018,,,21229 (BUS STOP),flash_flood,,,,,1.342064,103.71602,648923,,,
146,,,10/11/2018,,,CHOA CHU KANG WAY,flash_flood,,,,,1.377584,103.750314,688786,,,
147,,,10/11/2018,,,CHOA CHU KANG AVENUE 1,flash_flood,,,,,1.37744,103.744383,680253,,,
148,,,10/11/2018,,,BUKIT BATOK DRIVING CENTRE,flash_flood,,,,,1.3668,103.750142,659003,,,
149,,,11/11/2018,,,LORONG 23 GEYLANG,flash_flood,,,,,1.315461,103.881255,388379,,,
150,,,11/11/2018,,,ALJUNIED WEST FLYOVER,flash_flood,,,,,1.319295,103.87634,387381,,,
151,,,12/12/2018,,,42059 (BUS STOP),flash_flood,,,,,1.336445,103.782762,596288,,,
152,,,12/12/2018,,,41069,flash_flood,,,,,1.326528,103.807586,269733,,,
153,,,12/12/2018,,,ORCHID VILLAGE,flash_flood,,,,,1.333111,103.800138,288735,,,
154,,,15/12/2018,,,PSC BUILDING,flash_flood,,,,,1.328863,103.706189,629813,,,
155,,,15/12/2018,,,YUAN CHING ROAD,flash_flood,,,,,1.325468,103.725222,618642,,,
156,,,20/12/2018,,,SEMBAWANG PARK,flash_flood,,,,,1.461362,103.8365,757600,,,
157,,,19/5/2019,,,NEO PEE TECK LANE,flash_flood,,,,,1.292623,103.769021,118759,,,
158,,,3/6/2019,,,OPHIR ROAD,flash_flood,,,,,1.299961,103.859066,307584,,,
159,,,3/6/2019,,,COMMONWEALTH LANE,flash_flood,,,,,1.304553,103.797475,149547,,,
160,,,3/6/2019,,,CRAIG ROAD,flash_flood,,,,,1.277854,103.842278,089688,,,
161,,,2/12/2019,,,JURONG EAST STREET 32,flash_flood,,,,,1.346948,103.733825,600314,,,
162,,,2/12/2019,,,CHOA CHU KANG AVE 1,flash_flood,,,,,1.37744,103.744383,680253,,,
163,,,30/4/2020,,,LICHI AVENUE,flash_flood,,,,,1.33316,103.876492,367874,,,
164,,,30/4/2020,,,SERANGOON AVENUE 2,flash_flood,,,,,1.353626,103.867705,550304,,,
165,,,30/4/2020,,,JALAN TELITI,flash_flood,,,,,1.360393,103.890228,532373,,,
166,,,30/4/2020,,,LORONG GAMBIR,flash_flood,,,,,1.345476,103.875567,556140,,,
167,,,30/4/2020,,,50 HOUGANG AVENUE 1,flash_flood,,,,,1.360305,103.888083,530211,,,
168,,,30/4/2020,,,UPPER PAYA LEBAR ROAD,flash_flood,,,,,1.335184,103.888238,534803,,,
169,,,22/5/2020,,,CRAIG ROAD,flash_flood,,,,,1.277854,103.842278,089688,,,
170,,,23/6/2020,,,JURONG TOWN HALL ROAD,flash_flood,,,,,1.331977,103.739634,608516,,,
171,,,23/6/2020,,,CHANGI FIRE STATION,flash_flood,,,,,1.33488,103.951353,486123,,,
172,,,23/6/2020,,,NEW UPPER CHANGI ROAD,flash_flood,,,,,1.324064,103.940749,461059,,,
173,,,9/7/2020,,,PSC BUILDING,flash_flood,,,,,1.328863,103.706189,629813,,,
174,,,13/8/2020,,,ALJUNIED ROAD,flash_flood,,,,,1.322313,103.881475,370023,,,
175,,,14/8/2020,,,CRAIG ROAD,flash_flood,,,,,1.277854,103.842278,089688,,,
176,,,14/8/2020,,,TANJONG PAGAR ROAD,flash_flood,,,,,1.273715,103.842919,088542,,,
177,,,2/11/2020,,,MOUNT VERNON ROAD,flash_flood,,,,,1.34041,103.879577,361222,,,
178,,,2/11/2020,,,UPPER PAYA LEBAR ROAD,flash_flood,,,,,1.335184,103.888238,534803,,,
179,,,2/11/2020,,,LORONG GAMBIR,flash_flood,,,,,1.345476,103.875567,556140,,,
180,,,7/11/2020,,,ALJUNIED ROAD,flash_flood,,,,,1.322313,103.881475,370023,,,
181,,,1/1/2021,,,LORONG HALUS,flash_flood,,,,,1.386169,103.923226,533850,,,
182,,,2/1/2021,,,PASIR RIS STREET 11,flash_flood,,,,,1.364996,103.958511,510136,,,
183,,,23/3/2021,,,BOON LAY WAY,flash_flood,,,,,1.344351,103.727438,648164,,,
184,,,23/3/2021,,,CORPORATION ROAD,flash_flood,,,,,1.338077,103.71708,618310,,,
185,,,23/3/2021,,,ENTERPRISE ROAD,flash_flood,,,,,1.333312,103.705117,629840,,,
186,,,29/3/2021,,,VICTORIA STREET,flash_flood,,,,,1.300563,103.855781,188030,,,
187,,,17/4/2021,,,DUNEARN ROAD,flash_flood,,,,,1.321188,103.825058,297753,,,
188,,,17/4/2021,,,SUNGEI ULU PANDAN,flash_flood,,,,,1.317109,103.773462,597596,,,
189,,,12/7/2021,,,CALTEX BINJAI PARK,flash_flood,,,,,1.335235,103.786793,589821,,,
190,,,20/8/2021,,,75359 (BUS STOP),flash_flood,,,,,1.374387,103.931479,528764,,,
191,,,24/8/2021,,,DUNEARN ROAD,flash_flood,,,,,1.321188,103.825058,297753,,,
192,,,30/8/2021,,,HOUGANG AVENUE 8,flash_flood,,,,,1.373321,103.886366,530583,,,
193,,,30/8/2021,,,PUNGGOL WEST FLYOVER,flash_flood,,,,,1.398885,103.896382,543287,,,
194,,,2/9/2021,,,PUNGGOL WEST FLYOVER,flash_flood,,,,,1.398885,103.896382,543287,,,
195,,,6/9/2021,,,JURONG EAST STREET 32,flash_flood,,,,,1.346948,103.733825,600314,,,
196,,,23/11/2021,,,JURONG EAST STREET 32,flash_flood,,,,,1.346948,103.733825,600314,,,
197,,,27/2/2022,,,BEDOK NORTH FLYOVER,flash_flood,,,,,1.332028,103.920369,460540,,,
198,,,27/2/2022,,,REGENT CENTRE,flash_flood,,,,,1.334035,103.899317,408609,,,
199,,,2/3/2022,,,209 PUNGGOL PLACE PUNGGOL CREST,flash_flood,,,,,1.398977,103.900937,820209,,,
200,,,2/3/2022,,,BUANGKOK FLYOVER,flash_flood,,,,,1.37684,103.910119,533952,,,
201,,,7/3/2022,,,SUNGEI TENGAH,flash_flood,,,,,1.398992,103.725111,698986,,,
202,,,7/3/2022,,,JURONG EAST ST 32,flash_flood,,,,,1.346948,103.733825,600314,,,
203,,,7/3/2022,,,ENTERPRISE ROAD,flash_flood,,,,,1.333312,103.705117,629840,,,
204,,,5/10/2022,,,LAVENDER MRT,flash_flood,,,,,1.307507,103.862938,208699,,,
205,,,7/11/2022,,,BKE EXIT 8,flash_flood,,,,,1.416285,103.770721,738078,,,
206,,,12/11/2022,,,TANAH MERAH MRT,flash_flood,,,,,1.327311,103.946452,465514,,,
207,,,11/12/2022,,,BUANGKOK FLYOVER,flash_flood,,,,,1.37684,103.910119,533952,,,
208,,,30/3/2023,,,KRAMAT LANE,flash_flood,,,,,1.300979,103.842274,228750,,,
209,,,30/3/2023,,,CAVENAGH ROAD,flash_flood,,,,,1.308095,103.84214,229491,,,
210,,,20/7/2023,,,42059 (BUS STOP),flash_flood,,,,,1.336445,103.782762,596288,,,
211,,,28/11/2023,,,21229 (BUS STOP),flash_flood,,,,,1.342064,103.71602,648923,,,
212,,,3/2/2024,,,DUNEARN ROAD,flash_flood,,,,,1.321188,103.825058,297753,,,
213,,,14/10/2024,,,DUNEARN ROAD,flash_flood,,,,,1.321188,103.825058,297753,,,
214,2025-09-07 06:01:33.360476+00,"[Risk of Flash Floods]

Due to heavy rain, please avoid this location for the next 1 hour: TPE (Punggol West Flyover) [15:28 hours]",16/11/2024,-1.00E+12,986,TPE (Punggol West Flyover),flash_flood_risk,Tampines Expressway Punggol West Flyover,,,Tampines Expressway Punggol West Flyover,1.379707,103.915978,533760,,,
215,,,29/12/2024,,,DUNEARN ROAD,flash_flood,,,,,1.321188,103.825058,297753,,,
216,2025-09-07 06:01:32.600341+00,"[Risk of Flash Floods]

Due to heavy rain, please avoid this location for the next 1 hour: PIE (towards Changi Airport) after TPE [07:40 hours]",19/3/2025,-1.00E+12,1114,PIE (towards Changi Airport) after TPE,flash_flood_risk,Pan Island Expressway towards Changi Airport,Tampines Expressway,,Pan Island Expressway towards Changi Airport to Tampines Expressway,1.339305,103.974505,486769,1.3704809,103.9415043,519961
217,2025-09-07 06:01:32.737076+00,"[Risk of Flash Floods]

Due to heavy rain, please avoid this location for the next 1 hour: Mountbatten Road / Jalan Seaview [14:45 hours]",19/3/2025,-1.00E+12,1113,Mountbatten Road / Jalan Seaview,flash_flood_risk,Mountbatten Road,Jalan Seaview,,Mountbatten Road and Jalan Seaview,1.3028098,103.8996285,439970,1.3008882,103.896421,438386
218,2025-09-07 06:01:32.277088+00,"[Risk of Flash Floods]

Due to heavy rain, please avoid this location for the next 1 hour: ECP (towards Changi Airport) after Bayshore Rd Exit [13:40 hours]",20/3/2025,-1.00E+12,1120,ECP (towards Changi Airport) after Bayshore Rd Exit,flash_flood_risk,East Coast Parkway towards Changi Airport,Bayshore Road Slip,,East Coast Parkway towards Changi Airport to Bayshore Road Slip,1.338224,103.980555,819665,1.312132,103.939068,469986
219,2025-09-07 06:01:32.144474+00,"[Risk of Flash Floods]

Due to heavy rain, please avoid this location for the next 1 hour: Mountbatten Road/Jalan Seaview [13:50 hours]",20/3/2025,-1.00E+12,1121,Mountbatten Road/Jalan Seaview,flash_flood_risk,Mountbatten Road,Jalan Seaview,,Mountbatten Road and Jalan Seaview,1.3028098,103.8996285,439970,1.3008882,103.896421,438386
220,2025-09-07 06:01:32.450263+00,"[Risk of Flash Floods]

Due to heavy rain, please avoid this location for the next 1 hour: ECP (towards Changi Airport) at Tanah Merah Coast Road Entrance [10:20 hours]",20/3/2025,-1.00E+12,1116,ECP (towards Changi Airport) at Tanah Merah Coast Road Entrance,flash_flood_risk,East Coast Parkway towards Changi Airport,Tanah Merah Coast Road Entrance,,East Coast Parkway towards Changi Airport to Tanah Merah Coast Road Entrance,1.338224,103.980555,819665,1.318466,103.984457,498720
221,2025-09-07 06:01:31.96967+00,"[Risk of Flash Floods]

Due to heavy rain, please avoid this location for the next 1 hour: Mountbatten Road/Jalan Seaview [01:31 hours]",22/3/2025,-1.00E+12,1123,Mountbatten Road/Jalan Seaview,flash_flood_risk,Mountbatten Road,Jalan Seaview,,Mountbatten Road and Jalan Seaview,1.3028098,103.8996285,439970,1.3008882,103.896421,438386
222,2025-09-07 06:01:30.533167+00,"[Risk of Flash Floods]

Due to heavy rain, please avoid this location for the next 1 hour: Thomson Rd (Balestier Rd to Novena Rise) [00:37 hours]",23/3/2025,-1.00E+12,1133,Thomson Rd (Balestier Rd to Novena Rise),flash_flood_risk,balestier Road,novena rise,Thomson Road,Thomson Road (balestier Road to novena rise),1.3265878,103.8430003,329900,1.3242731,103.8429008,307516
223,2025-09-07 06:01:30.900078+00,"[Risk of Flash Floods]

Due to heavy rain, please avoid this location for the next 1 hour: Lor Gambir
 [00:29 hours]",23/3/2025,-1.00E+12,1131,Lor Gambir,flash_flood_risk,Lorong Gambir,,,Lorong Gambir,1.3461999,103.8744676,536652,,,
224,2025-09-07 06:01:31.046015+00,"[Risk of Flash Floods]

Due to heavy rain, please avoid this location for the next 1 hour: Puay Hee Ave (near Siak Kew Ave);
Siang Kuang Ave; [00:28 hours]",23/3/2025,-1.00E+12,1130,"Puay Hee Ave (near Siak Kew Ave);
Siang Kuang Ave;",flash_flood_risk,Puay Hee Avenue near Siak Kew Avenue Siang Kuang Avenue,,,Puay Hee Avenue near Siak Kew Avenue Siang Kuang Avenue,1.366923,103.801292,678278,,,
225,2025-09-07 06:01:30.706608+00,"[Risk of Flash Floods]

Due to heavy rain, please avoid this location for the next 1 hour: Macpherson Rd OD (Siang Kuang Ave) [00:33 hours]",23/3/2025,-1.00E+12,1132,Macpherson Rd OD (Siang Kuang Ave),flash_flood_risk,Macpherson Road OD Siang Kuang Avenue,,,Macpherson Road OD Siang Kuang Avenue,1.329601,103.87201,347973,,,
226,2025-09-07 06:01:31.351177+00,"[Risk of Flash Floods]

Due to heavy rain, please avoid this location for the next 1 hour: Junction of Toa Payoh Lor 1 and Toa Payoh Lor 2
 [00:23 hours]",23/3/2025,-1.00E+12,1128,Junction of Toa Payoh Lor 1 and Toa Payoh Lor 2,flash_flood_risk,toa payoh Lorong 1,toa payoh Lorong 2,,toa payoh Lorong 1 and toa payoh Lorong 2,1.33961615,103.85337221643714,310001,1.3325257499999998,103.8473864759364,310157
227,2025-09-07 06:01:31.494353+00,"[Risk of Flash Floods]

Due to heavy rain, please avoid this location for the next 1 hour: Langsat Rd (Everitt Rd North to Lor 106 Changi);
Lor 105 Changi; [00:20 hours]",23/3/2025,-1.00E+12,1127,"Langsat Rd (Everitt Rd North to Lor 106 Changi);
Lor 105 Changi;",flash_flood_risk,everitt Road north,Lorong 106 changi,Langsat Road,Langsat Road (everitt Road north to Lorong 106 changi),1.3168363,103.9013344,419718,1.3171815,103.9032135,419974
228,2025-09-07 06:01:31.64662+00,"[Risk of Flash Floods]

Due to heavy rain, please avoid this location for the next 1 hour: Marine Parade Ctrl;
Marine Parade Rd [00:15 hours]",23/3/2025,-1.00E+12,1126,"Marine Parade Ctrl;
Marine Parade Rd",flash_flood_risk,Marine Parade Ctrl Marine Parade Road,,,Marine Parade Ctrl Marine Parade Road,1.301396,103.905945,449408,,,
229,2025-09-07 06:01:31.806335+00,"[Risk of Flash Floods]

Due to heavy rain, please avoid this location for the next 1 hour: East Coast Rd [00:12 hours]",23/3/2025,-1.00E+12,1125,East Coast Rd,flash_flood_risk,East Coast Road,,,East Coast Road,1.3065136,103.9057043,428877,,,
230,2025-09-07 06:01:31.200378+00,"[Risk of Flash Floods]

Due to heavy rain, please avoid this location for the next 1 hour: Upp Paya Lebar Service Rd (Lim Teck Boo Rd to Rochdale Rd);
Jln Lokam (near Upp Paya Lebar Rd);
Thrift Dr (near Jln Usaha); [00:28 hours]",23/3/2025,-1.00E+12,1129,"Upp Paya Lebar Service Rd (Lim Teck Boo Rd to Rochdale Rd);
Jln Lokam (near Upp Paya Lebar Rd);
Thrift Dr (near Jln Usaha);",flash_flood_risk,lim teck boo Road,rochdale Road,Upper Paya Lebar Service Road,Upper Paya Lebar Service Road (lim teck boo Road to rochdale Road),1.3422987,103.8844939,534878,1.3433183,103.8835973,535823
231,2025-09-07 06:01:29.973055+00,"[Risk of Flash Floods]

Due to heavy rain, please avoid this location for the next 1 hour: Jln Arif [18:35 hours]",5/4/2025,-1.00E+12,1142,Jln Arif,flash_flood_risk,Jalan Arif,,,Jalan Arif,1.3683562,103.8828034,545114,,,
232,2025-09-07 06:01:28.237661+00,"[Risk of Flash Floods]

Due to heavy rain, please avoid this location for the next 1 hour: Junction of Toa Payoh Lor 1 and Toa Payoh Lor 2
 [14:11 hours]",13/4/2025,-1.00E+12,1157,Junction of Toa Payoh Lor 1 and Toa Payoh Lor 2,flash_flood_risk,toa payoh Lorong 1,toa payoh Lorong 2,,toa payoh Lorong 1 and toa payoh Lorong 2,1.33961615,103.85337221643714,310001,1.3325257499999998,103.8473864759364,310157
233,2025-09-07 06:01:27.498751+00,Flash flood subsided at Yishun Ave 7. Issued 1430 hours.,13/4/2025,-1.00E+12,1163,Yishun Ave 7,flood_subsided,Yishun Avenue 7,,,Yishun Avenue 7,1.4380871,103.8326446,760175,,,
234,2025-09-07 06:01:27.646196+00,"[Risk of Flash Floods]

Due to heavy rain, please avoid this location for the next 1 hour: Jln Pokok Serunai [14:15 hours]",13/4/2025,-1.00E+12,1161,Jln Pokok Serunai,flash_flood_risk,Jalan Pokok Serunai,,,Jalan Pokok Serunai,1.3143531,103.9363658,466433,,,
235,2025-09-07 06:01:27.778342+00,"[Risk of Flash Floods]

Due to heavy rain, please avoid this location for the next 1 hour: Bt Timah Rd (Wilby Rd to Blackmore Dr) [14:15 hours]",13/4/2025,-1.00E+12,1160,Bt Timah Rd (Wilby Rd to Blackmore Dr),flash_flood_risk,wilby Road,blackmore Drive,Bukit Timah Road,Bukit Timah Road (wilby Road to blackmore Drive),1.3302335,103.7876928,275982,1.3356733,103.7836073,599987
236,2025-09-07 06:01:27.928562+00,"[FLASH FLOOD OCCURRED]  

Flash flood at KPE (Slip Rd to Buangkok East Drive). Please avoid the area. PUB officers have been deployed to render assistance. Issued 1405 hours.",13/4/2025,-1.00E+12,1159,KPE (Slip Rd to Buangkok East Drive),flash_flood,slip Road,buangkok east drive,Kallang-Paya Lebar Expressway,Kallang-Paya Lebar Expressway (slip Road to buangkok east drive),1.385923,103.7570677,671634,1.3739123,103.9113798,535191
237,2025-09-07 06:01:28.099047+00,"[Risk of Flash Floods]

Due to heavy rain, please avoid this location for the next 1 hour: Lor Ong Lye (near Lor Lew Lian) [14:12 hours]",13/4/2025,-1.00E+12,1158,Lor Ong Lye (near Lor Lew Lian),flash_flood_risk,Lorong Ong Lye near Lorong Lew Lian,,,Lorong Ong Lye near Lorong Lew Lian,1.366923,103.801292,678278,,,
238,2025-09-07 06:01:28.392465+00,"[Risk of Flash Floods]

Due to heavy rain, please avoid this location for the next 1 hour: Eng Kong Pl (Greenridge Cres to Eng Kong Gdn) [14:11 hours]",13/4/2025,-1.00E+12,1156,Eng Kong Pl (Greenridge Cres to Eng Kong Gdn),flash_flood_risk,greenridge Crescent,eng kong gdn,Eng Kong Place,Eng Kong Place (greenridge Crescent to eng kong gdn),1.3336062,103.7662483,598909,1.33712705,103.76904268077236,596463
239,2025-09-07 06:01:27.131765+00,Flash flood subsided at KPE (Slip Rd to Buangkok East Drive). Issued 1500 hours.,13/4/2025,-1.00E+12,1165,KPE (Slip Rd to Buangkok East Drive),flood_subsided,slip Road,buangkok east drive,Kallang-Paya Lebar Expressway,Kallang-Paya Lebar Expressway (slip Road to buangkok east drive),1.385923,103.7570677,671634,1.3739123,103.9113798,535191
240,2025-09-07 06:01:28.710104+00,"[Risk of Flash Floods]

Due to heavy rain, please avoid this location for the next 1 hour: Upp Paya Lebar Service Rd (Lim Teck Boo Rd to Rochdale Rd);
Jln Lokam (near Upp Paya Lebar Rd);
Thrift Dr (near Jln Usaha); [14:03 hours]",13/4/2025,-1.00E+12,1154,"Upp Paya Lebar Service Rd (Lim Teck Boo Rd to Rochdale Rd);
Jln Lokam (near Upp Paya Lebar Rd);
Thrift Dr (near Jln Usaha);",flash_flood_risk,lim teck boo Road,rochdale Road,Upper Paya Lebar Service Road,Upper Paya Lebar Service Road (lim teck boo Road to rochdale Road),1.3422987,103.8844939,534878,1.3433183,103.8835973,535823
241,2025-09-07 06:01:28.549928+00,"[FLASH FLOOD OCCURRED]  

Flash flood at Punggol Way (Slip Rd to TPE). Please avoid the area. PUB officers have been deployed to render assistance. Issued 1357 hours.",13/4/2025,-1.00E+12,1155,Punggol Way (Slip Rd to TPE),flash_flood,slip Road,Tampines Expressway,Punggol Way,Punggol Way (slip Road to Tampines Expressway),1.385923,103.7570677,671634,1.3704809,103.9415043,519961
242,2025-09-07 06:01:29.604749+00,"[Risk of Flash Floods]

Due to heavy rain, please avoid this location for the next 1 hour: Yishun Avenue 7 [13:39 hours]",13/4/2025,-1.00E+12,1148,Yishun Avenue 7,flash_flood_risk,Yishun Avenue 7,,,Yishun Avenue 7,1.4380871,103.8326446,760175,,,
243,2025-09-07 06:01:29.455913+00,"[Risk of Flash Floods]

Due to heavy rain, please avoid this location for the next 1 hour: Junction of Yishun Ave 2 and Yishun Ave 5 [13:49 hours]",13/4/2025,-1.00E+12,1149,Junction of Yishun Ave 2 and Yishun Ave 5,flash_flood_risk,yishun Avenue 2,yishun Avenue 5,,yishun Avenue 2 and yishun Avenue 5,1.4371108,103.8337382,760170,1.4304259,103.8315094,760145
244,2025-09-07 06:01:27.31152+00,Flash flood subsided at Punggol Way (Slip Rd to TPE). Issued 1450 hours.,13/4/2025,-1.00E+12,1164,Punggol Way (Slip Rd to TPE),flood_subsided,slip Road,Tampines Expressway,Punggol Way,Punggol Way (slip Road to Tampines Expressway),1.385923,103.7570677,671634,1.3704809,103.9415043,519961
245,2025-09-07 06:01:29.155392+00,"[Risk of Flash Floods]

Due to heavy rain, please avoid this location for the next 1 hour: KPE(ECP) after Buangkok East Dr Exit [13:53 hours]",13/4/2025,-1.00E+12,1151,KPE(ECP) after Buangkok East Dr Exit,flash_flood_risk,Kallang-Paya Lebar Expressway East Coast Parkway after Buangkok East Drive Slip,,,Kallang-Paya Lebar Expressway East Coast Parkway after Buangkok East Drive Slip,1.375612,103.91004,535191,,,
246,2025-09-07 06:01:29.010003+00,"[Risk of Flash Floods]

Due to heavy rain, please avoid this location for the next 1 hour: TPE Slip Rd towards Punggol Rd [13:56 hours]",13/4/2025,-1.00E+12,1152,TPE Slip Rd towards Punggol Rd,flash_flood_risk,Tampines Expressway Slip Road,Punggol Road,,Tampines Expressway Slip Road to Punggol Road,1.366923,103.801292,678278,1.4012946,103.9055736,821296
247,2025-09-07 06:01:29.308793+00,"[Risk of Flash Floods]

Due to heavy rain, please avoid this location for the next 1 hour: TPE (Punggol West Flyover) [13:51 hours]",13/4/2025,-1.00E+12,1150,TPE (Punggol West Flyover),flash_flood_risk,Tampines Expressway Punggol West Flyover,,,Tampines Expressway Punggol West Flyover,1.379707,103.915978,533760,,,
248,2025-09-07 06:01:28.861171+00,"[FLASH FLOOD OCCURRED]  

Flash flood at Yishun Avenue 7. Please avoid the area. PUB officers have been deployed to render assistance. Issued 1350 hours.",13/4/2025,-1.00E+12,1153,Yishun Avenue 7,flash_flood,Yishun Avenue 7,,,Yishun Avenue 7,1.4380871,103.8326446,760175,,,
249,2025-09-07 06:01:26.926475+00,"[Risk of Flash Floods]

Due to heavy rain, please avoid this location for the next 1 hour: Yishun Ave 7 (near intersection of Yishun St 22) [16:28 hours]",15/4/2025,-1.00E+12,1167,Yishun Ave 7 (near intersection of Yishun St 22),flash_flood_risk,Yishun Avenue 7 near intersection of Yishun Street 22,,,Yishun Avenue 7 near intersection of Yishun Street 22,1.366923,103.801292,678278,,,
250,2025-09-07 06:01:26.754199+00,"[FLASH FLOOD OCCURRED]  

Flash flood at Yishun Avenue 7 (near intersection of Yishun St 22). Please avoid the area. PUB officers have been deployed to render assistance. Issued 1635 hours.",15/4/2025,-1.00E+12,1168,Yishun Avenue 7 (near intersection of Yishun St 22),flash_flood,Yishun Avenue 7 near intersection of Yishun Street 22,,,Yishun Avenue 7 near intersection of Yishun Street 22,1.366923,103.801292,678278,,,
251,2025-09-07 06:01:26.41163+00,"[Risk of Flash Floods]

Due to heavy rain, please avoid this location for the next 1 hour: TPE (Punggol West Flyover) [16:55 hours]",15/4/2025,-1.00E+12,1171,TPE (Punggol West Flyover),flash_flood_risk,Tampines Expressway Punggol West Flyover,,,Tampines Expressway Punggol West Flyover,1.379707,103.915978,533760,,,
252,2025-09-07 06:01:26.271964+00,Flash flood subsided at Yishun Avenue 7 (near intersection of Yishun St 22). Issued 1655 hours.,15/4/2025,-1.00E+12,1172,Yishun Avenue 7 (near intersection of Yishun St 22),flood_subsided,Yishun Avenue 7 near intersection of Yishun Street 22,,,Yishun Avenue 7 near intersection of Yishun Street 22,1.366923,103.801292,678278,,,
253,2025-09-07 06:01:23.751587+00,"[Risk of Flash Floods]

Due to heavy rain, please avoid this location for the next 1 hour: Alexandra Rd (opp Alexis Condo) [17:19 hours]",20/4/2025,-1.00E+12,1191,Alexandra Rd (opp Alexis Condo),flash_flood_risk,Alexandra Road opp Alexis Condo,,,Alexandra Road opp Alexis Condo,1.366923,103.801292,678278,,,
254,2025-09-07 06:01:23.620034+00,"[Risk of Flash Floods]

Due to heavy rain, please avoid this location for the next 1 hour: Jln Pokok Serunai [17:19 hours]",20/4/2025,-1.00E+12,1192,Jln Pokok Serunai,flash_flood_risk,Jalan Pokok Serunai,,,Jalan Pokok Serunai,1.3143531,103.9363658,466433,,,
255,2025-09-07 06:01:23.442715+00,"[FLASH FLOOD OCCURRED]  

Flash flood at Kings Rd (between Prince Rd and Lutheran Rd). Please avoid the area. PUB officers have been deployed to render assistance. Issued 17:05 hours.",20/4/2025,-1.00E+12,1193,Kings Rd (between Prince Rd and Lutheran Rd),flash_flood,prince Road,lutheran Road,Kings Road,Kings Road (prince Road to lutheran Road),1.3209988,103.8095728,266748,1.3220164,103.8098766,268070
256,2025-09-07 06:01:22.955746+00,Flash flood subsided at Bukit Timah Rd (between Clementi Rd and Blackmore Dr). Issued 1739 hours.,20/4/2025,-1.00E+12,1196,Bukit Timah Rd (between Clementi Rd and Blackmore Dr),flood_subsided,clementi Road,blackmore Drive,Bukit Timah Road,Bukit Timah Road (clementi Road to blackmore Drive),1.3268641,103.7757811,599477,1.3356733,103.7836073,599987
257,2025-09-07 06:01:23.121794+00,"[FLASH FLOOD OCCURRED]

Flash flood at Coronation Walk. Please avoid the area. PUB officers have been deployed to render assistance. Issued 1735 hours.",20/4/2025,-1.00E+12,1195,Coronation Walk,flash_flood,Coronation Walk,,,Coronation Walk,1.3239188,103.8095468,269212,,,
258,2025-09-07 06:01:23.897588+00,"[Risk of Flash Floods]

Due to heavy rain, please avoid this location for the next 1 hour: Junction of Boon Lay Way and Corporation Rd [17:17 hours]",20/4/2025,-1.00E+12,1190,Junction of Boon Lay Way and Corporation Rd,flash_flood_risk,boon lay way,corporation Road,,boon lay way and corporation Road,1.340203,103.7089227,642697,1.3308794,103.721094,619978
259,2025-09-07 06:01:22.792333+00,Flash flood subsided at junction of Stevens Road and Balmoral Road. Issued 1740 hours.,20/4/2025,-1.00E+12,1197,junction of Stevens Road and Balmoral Road,flood_subsided,stevens road,balmoral road,,stevens road and balmoral road,1.3178998,103.8258621,257892,1.3165606,103.8342843,259811
260,2025-09-07 06:01:22.620934+00,Flash flood subsided at Coronation Walk. Issued 1810 hours.,20/4/2025,-1.00E+12,1198,Coronation Walk,flood_subsided,Coronation Walk,,,Coronation Walk,1.3239188,103.8095468,269212,,,
261,2025-09-07 06:01:22.466314+00,Flash flood subsided at Kings Rd (between Prince Rd and Lutheran Rd). Issued 1820 hours.,20/4/2025,-1.00E+12,1199,Kings Rd (between Prince Rd and Lutheran Rd),flood_subsided,prince Road,lutheran Road,Kings Road,Kings Road (prince Road to lutheran Road),1.3209988,103.8095728,266748,1.3220164,103.8098766,268070
262,2025-09-07 06:01:23.292945+00,"[FLASH FLOOD OCCURRED]

Flash flood at Junction of Stevens Road and Balmoral Road. Please avoid the area. PUB officers have been deployed to render assistance. Issued 1720 hours.",20/4/2025,-1.00E+12,1194,Junction of Stevens Road and Balmoral Road,flash_flood,stevens road,balmoral road,,stevens road and balmoral road,1.3178998,103.8258621,257892,1.3165606,103.8342843,259811
263,2025-09-07 06:01:24.044056+00,"[Risk of Flash Floods]

Due to heavy rain, please avoid this location for the next 1 hour: KG Java Rd (Newton Circus to CTE) [17:15 hours]",20/4/2025,-1.00E+12,1189,KG Java Rd (Newton Circus to CTE),flash_flood_risk,newton circus,Central Expressway,Kampong Java Road,Kampong Java Road (newton circus to Central Expressway),1.312812,103.8390316,228234,1.321741,103.856535,320095
264,2025-09-07 06:01:24.658318+00,"[Risk of Flash Floods]

Due to heavy rain, please avoid this location for the next 1 hour: Cambridge Rd;
Carlisle Rd; [17:12 hours]",20/4/2025,-1.00E+12,1185,"Cambridge Rd;
Carlisle Rd;",flash_flood_risk,Cambridge Road Carlisle Road,,,Cambridge Road Carlisle Road,1.313642,103.848075,219606,,,
265,2025-09-07 06:01:24.360606+00,"[FLASH FLOOD OCCURRED]  

Flash flood at Bt Timah Rd (between Clementi Rd and Blackmore Dr). Please avoid the area. PUB officers have been deployed to render assistance. Issued 17:05 hours.",20/4/2025,-1.00E+12,1187,Bt Timah Rd (between Clementi Rd and Blackmore Dr),flash_flood,clementi Road,blackmore Drive,Bukit Timah Road,Bukit Timah Road (clementi Road to blackmore Drive),1.3268641,103.7757811,599477,1.3356733,103.7836073,599987
266,2025-09-07 06:01:24.518153+00,"[Risk of Flash Floods]

Due to heavy rain, please avoid this location for the next 1 hour: Orchard Rd (Paterson Rd to Mt Elizabeth) [17:13 hours]",20/4/2025,-1.00E+12,1186,Orchard Rd (Paterson Rd to Mt Elizabeth),flash_flood_risk,paterson Road,mt elizabeth,Orchard Road,Orchard Road (paterson Road to mt elizabeth),1.3019737,103.8297013,238520,1.3048854,103.8358774,229920
267,2025-09-07 06:01:24.82009+00,"[Risk of Flash Floods]

Due to heavy rain, please avoid this location for the next 1 hour: Junction of Sunset Dr and Sunset Way Rd [17:06 hours]",20/4/2025,-1.00E+12,1184,Junction of Sunset Dr and Sunset Way Rd,flash_flood_risk,sunset Drive,sunset way Road,,sunset Drive and sunset way Road,1.3255969,103.7665223,597299,1.3139784,103.8871279,389509
268,2025-09-07 06:01:25.170781+00,"[Risk of Flash Floods]

Due to heavy rain, please avoid this location for the next 1 hour: Thomson Rd (Balestier Rd to Novena Rise) [17:02 hours]",20/4/2025,-1.00E+12,1182,Thomson Rd (Balestier Rd to Novena Rise),flash_flood_risk,balestier Road,novena rise,Thomson Road,Thomson Road (balestier Road to novena rise),1.3265878,103.8430003,329900,1.3242731,103.8429008,307516
269,2025-09-07 06:01:25.305322+00,"[Risk of Flash Floods]

Due to heavy rain, please avoid this location for the next 1 hour: Junction of Toa Payoh Lor 1 and Toa Payoh Lor 2
 [17:00 hours]",20/4/2025,-1.00E+12,1181,Junction of Toa Payoh Lor 1 and Toa Payoh Lor 2,flash_flood_risk,toa payoh Lorong 1,toa payoh Lorong 2,,toa payoh Lorong 1 and toa payoh Lorong 2,1.33961615,103.85337221643714,310001,1.3325257499999998,103.8473864759364,310157
270,2025-09-07 06:01:25.43178+00,"[Risk of Flash Floods]

Due to heavy rain, please avoid this location for the next 1 hour: Junction of Lor Kismis and Toh Tuck Rise [17:00 hours]",20/4/2025,-1.00E+12,1180,Junction of Lor Kismis and Toh Tuck Rise,flash_flood_risk,Lorong kismis,toh tuck rise,,Lorong kismis and toh tuck rise,1.3380857,103.7704357,596490,1.3366283,103.7645733,598098
271,2025-09-07 06:01:25.599428+00,"[Risk of Flash Floods]

Due to heavy rain, please avoid this location for the next 1 hour: Eng Kong Pl (Greenridge Cres to Eng Kong Gdn) [16:56 hours]",20/4/2025,-1.00E+12,1179,Eng Kong Pl (Greenridge Cres to Eng Kong Gdn),flash_flood_risk,greenridge Crescent,eng kong gdn,Eng Kong Place,Eng Kong Place (greenridge Crescent to eng kong gdn),1.3336062,103.7662483,598909,1.33712705,103.76904268077236,596463
272,2025-09-07 06:01:25.746917+00,"[Risk of Flash Floods]

Due to heavy rain, please avoid this location for the next 1 hour: Upp Paya Lebar Service Rd (Lim Teck Boo Rd to Rochdale Rd);
Jln Lokam (near Upp Paya Lebar Rd);
Thrift Dr (near Jln Usaha); [16:48 hours]",20/4/2025,-1.00E+12,1178,"Upp Paya Lebar Service Rd (Lim Teck Boo Rd to Rochdale Rd);
Jln Lokam (near Upp Paya Lebar Rd);
Thrift Dr (near Jln Usaha);",flash_flood_risk,lim teck boo Road,rochdale Road,Upper Paya Lebar Service Road,Upper Paya Lebar Service Road (lim teck boo Road to rochdale Road),1.3422987,103.8844939,534878,1.3433183,103.8835973,535823
273,2025-09-07 06:01:25.903751+00,"[Risk of Flash Floods]

Due to heavy rain, please avoid this location for the next 1 hour: KPE(ECP) after Buangkok East Dr Exit [16:36 hours]",20/4/2025,-1.00E+12,1177,KPE(ECP) after Buangkok East Dr Exit,flash_flood_risk,Kallang-Paya Lebar Expressway East Coast Parkway after Buangkok East Drive Slip,,,Kallang-Paya Lebar Expressway East Coast Parkway after Buangkok East Drive Slip,1.375612,103.91004,535191,,,
274,2025-09-07 06:01:24.19596+00,"[Risk of Flash Floods]

Due to heavy rain, please avoid this location for the next 1 hour: Junction of Stevens Rd and Balmoral Rd [17:14 hours]",20/4/2025,-1.00E+12,1188,Junction of Stevens Rd and Balmoral Rd,flash_flood_risk,stevens Road,balmoral Road,,stevens Road and balmoral Road,1.3178998,103.8258621,257892,1.3165606,103.8342843,259811
275,2025-09-07 06:01:25.028666+00,"[Risk of Flash Floods]

Due to heavy rain, please avoid this location for the next 1 hour: Hillcrest Rd (Watten Rise to Dunearn Rd) [17:02 hours]",20/4/2025,-1.00E+12,1183,Hillcrest Rd (Watten Rise to Dunearn Rd),flash_flood_risk,watten rise,dunearn Road,Hillcrest Road,Hillcrest Road (watten rise to dunearn Road),1.3285739,103.8094744,287367,1.332195,103.7947496,279886
276,2025-09-07 06:01:21.979062+00,Flash flood subsided at Yishun Avenue 7 (near intersection of Yishun St 22). Issued 1555 hours.,21/4/2025,-1.00E+12,1204,Yishun Avenue 7 (near intersection of Yishun St 22),flood_subsided,Yishun Avenue 7 near intersection of Yishun Street 22,,,Yishun Avenue 7 near intersection of Yishun Street 22,1.366923,103.801292,678278,,,
277,2025-09-07 06:01:22.161563+00,"[FLASH FLOOD OCCURRED]  

Flash flood at Yishun Ave 7 (near intersection of Yishun St 22). Please avoid the area. PUB officers have been deployed to render assistance. Issued 15:30 hours.",21/4/2025,-1.00E+12,1203,Yishun Ave 7 (near intersection of Yishun St 22),flash_flood,Yishun Avenue 7 near intersection of Yishun Street 22,,,Yishun Avenue 7 near intersection of Yishun Street 22,1.366923,103.801292,678278,,,
278,2025-09-07 06:01:22.298863+00,"[Risk of Flash Floods]

Due to heavy rain, please avoid this location for the next 1 hour: Yishun Ave 7 (near intersection of Yishun St 22) [15:18 hours]",21/4/2025,-1.00E+12,1201,Yishun Ave 7 (near intersection of Yishun St 22),flash_flood_risk,Yishun Avenue 7 near intersection of Yishun Street 22,,,Yishun Avenue 7 near intersection of Yishun Street 22,1.366923,103.801292,678278,,,
279,2025-09-07 06:01:21.627786+00,"[Risk of Flash Floods] 

Due to heavy rain, please avoid this location for the next 1 hour: Riverside Road (near Junction of Riverside Road and Admiralty Road) [Issued 14:40 hours]",26/4/2025,-1.00E+12,1208,Riverside Road (near Junction of Riverside Road and Admiralty Road),flash_flood_risk,junction of riverside road,admiralty road,Riverside Road,Riverside Road (junction of riverside road and admiralty road),1.366923,103.801292,678278,1.4418389,103.775189,739297
280,2025-09-07 06:01:21.12128+00,"[Risk of Flash Floods]

Due to heavy rain, please avoid this location for the next 1 hour: Choa Chu Kang Ave 1 (towards Choa Chu Kang Way, Choa Chu kang Dr to Teck Whye Lane) [17:47 hours]",29/4/2025,-1.00E+12,1211,"Choa Chu Kang Ave 1 (towards Choa Chu Kang Way, Choa Chu kang Dr to Teck Whye Lane)",flash_flood_risk,"towards choa chu kang way, choa chu kang Drive",teck whye lane,Choa Chu Kang Avenue 1,"Choa Chu Kang Avenue 1 (towards choa chu kang way, choa chu kang Drive to teck whye lane)",1.397513,103.747745,680637,1.3769504,103.7547497,680102
281,2025-09-07 06:01:20.955469+00,"[Risk of Flash Floods]

Due to heavy rain, please avoid this location for the next 1 hour: KJE Slip Rd (KJE to Woodlands Rd, towards Senja Way) [17:48 hours]",29/4/2025,-1.00E+12,1212,"KJE Slip Rd (KJE to Woodlands Rd, towards Senja Way)",flash_flood_risk,Kranji Expressway Slip Road Kranji Expressway to Woodlands Road,Senja Way,,Kranji Expressway Slip Road Kranji Expressway to Woodlands Road to Senja Way,1.366923,103.801292,678278,1.3838523,103.7589849,672632
282,2025-09-07 06:01:20.795595+00,"[Risk of Flash Floods]

Due to heavy rain, please avoid this location for the next 1 hour: Junction of Toa Payoh Lor 1 and Toa Payoh Lor 2
 [17:15 hours]",30/4/2025,-1.00E+12,1215,Junction of Toa Payoh Lor 1 and Toa Payoh Lor 2,flash_flood_risk,toa payoh Lorong 1,toa payoh Lorong 2,,toa payoh Lorong 1 and toa payoh Lorong 2,1.33961615,103.85337221643714,310001,1.3325257499999998,103.8473864759364,310157
283,2025-09-07 06:01:20.631853+00,"[Risk of Flash Floods]

Due to heavy rain, please avoid this location for the next 1 hour: Junction of Toa Payoh Lor 1 and Toa Payoh Lor 2
 [15:52 hours]",1/5/2025,-1.00E+12,1217,Junction of Toa Payoh Lor 1 and Toa Payoh Lor 2,flash_flood_risk,toa payoh Lorong 1,toa payoh Lorong 2,,toa payoh Lorong 1 and toa payoh Lorong 2,1.33961615,103.85337221643714,310001,1.3325257499999998,103.8473864759364,310157
284,2025-09-07 06:01:20.495395+00,"[Risk of Flash Floods]

Due to heavy rain, please avoid this location for the next 1 hour: Lor Gambir
 [16:08 hours]",1/5/2025,-1.00E+12,1218,Lor Gambir,flash_flood_risk,Lorong Gambir,,,Lorong Gambir,1.3461999,103.8744676,536652,,,
285,2025-09-07 06:01:20.141404+00,"[Risk of Flash Floods]

Due to heavy rain, please avoid this location for the next 1 hour: Upp Paya Lebar Service Rd (Lim Teck Boo Rd to Rochdale Rd);
Jln Lokam (near Upp Paya Lebar Rd);
Thrift Dr (near Jln Usaha); [08:12 hours]",3/5/2025,-1.00E+12,1221,"Upp Paya Lebar Service Rd (Lim Teck Boo Rd to Rochdale Rd);
Jln Lokam (near Upp Paya Lebar Rd);
Thrift Dr (near Jln Usaha);",flash_flood_risk,lim teck boo Road,rochdale Road,Upper Paya Lebar Service Road,Upper Paya Lebar Service Road (lim teck boo Road to rochdale Road),1.3422987,103.8844939,534878,1.3433183,103.8835973,535823
286,2025-09-07 06:01:18.803865+00,Flash flood subsided at King's Road (from Prince Road to Lutheran Road). Issued 1425 hours.,5/5/2025,-1.00E+12,1232,King's Road (from Prince Road to Lutheran Road),flood_subsided,prince road,lutheran road,King s Road,King s Road (prince road to lutheran road),1.3209988,103.8095728,266748,1.3220164,103.8098766,268070
287,2025-09-07 06:01:18.959585+00,Flash flood subsided at Woollerton Drive. Issued 1415 hours.,5/5/2025,-1.00E+12,1231,Woollerton Drive,flood_subsided,Woollerton Drive,,,Woollerton Drive,1.3174547,103.8099872,257555,,,
288,2025-09-07 06:01:19.10322+00,"[FLASH FLOOD OCCURRED]  

Flash flood at Woollerton Drive. Please avoid the area. PUB officers have been deployed to render assistance. Issued 1405 hours.",5/5/2025,-1.00E+12,1230,Woollerton Drive,flash_flood,Woollerton Drive,,,Woollerton Drive,1.3174547,103.8099872,257555,,,
289,2025-09-07 06:01:19.260518+00,"[FLASH FLOOD OCCURRED]  

Flash flood at King's Road (from Prince Road to Lutheran Road). Please avoid the area. PUB officers have been deployed to render assistance. Issued 1400 hours.",5/5/2025,-1.00E+12,1229,King's Road (from Prince Road to Lutheran Road),flash_flood,prince road,lutheran road,King s Road,King s Road (prince road to lutheran road),1.3209988,103.8095728,266748,1.3220164,103.8098766,268070
290,2025-09-07 06:01:19.431314+00,"[Risk of Flash Floods]

Due to heavy rain, please avoid this location for the next 1 hour: Woollerton Drive [Issued 13:58 hours]",5/5/2025,-1.00E+12,1227,Woollerton Drive,flash_flood_risk,Woollerton Drive,,,Woollerton Drive,1.3174547,103.8099872,257555,,,
291,2025-09-07 06:01:19.584252+00,"[Risk of Flash Floods]

Due to heavy rain, please avoid this location for the next 1 hour: Queen's Rd [13:56 hours]",5/5/2025,-1.00E+12,1226,Queen's Rd,flash_flood_risk,Queen s Road,,,Queen s Road,1.3217094,103.8102837,267746,,,
292,2025-09-07 06:01:19.750665+00,"[Risk of Flash Floods]

Due to heavy rain, please avoid this location for the next 1 hour: Kings Road (from Prince Road to Lutheran Rd) [Issued 13:20 hours]",5/5/2025,-1.00E+12,1225,Kings Road (from Prince Road to Lutheran Rd),flash_flood_risk,prince road,lutheran Road,Kings Road,Kings Road (prince road to lutheran Road),1.3209988,103.8095728,266748,1.3220164,103.8098766,268070
293,2025-09-07 06:01:19.976298+00,"[Risk of Flash Floods]

Due to heavy rain, please avoid this location for the next 1 hour: Margaret Drive [Issued 13:12 hours]",5/5/2025,-1.00E+12,1223,Margaret Drive,flash_flood_risk,Margaret Drive,,,Margaret Drive,1.3001247,103.8030061,149312,,,
294,2025-09-07 06:01:18.627876+00,"[Risk of Flash Floods] 

Due to heavy rain, please avoid this location for the next 1 hour: Jln Boon Lay (Enterprise Rd to International Rd) [Issued 07:30 hours]",7/5/2025,-1.00E+12,1233,Jln Boon Lay (Enterprise Rd to International Rd),flash_flood_risk,enterprise Road,international Road,Jalan Boon Lay,Jalan Boon Lay (enterprise Road to international Road),1.3333182,103.7026361,627667,1.3303924,103.716687,618680
295,2025-09-07 06:01:16.003534+00,"[Risk of Flash Floods]

Due to heavy rain, please avoid this location for the next 1 hour: Lor H Telok Kurau (cul-de-sac);
Joo Chiat Ave(cul-de-sac) [04:18 hours]",10/5/2025,-1.00E+12,1250,"Lor H Telok Kurau (cul-de-sac);
Joo Chiat Ave(cul-de-sac)",flash_flood_risk,Lorong H Telok Kurau cul-de-sac Joo Chiat Avenue cul-de-sac,,,Lorong H Telok Kurau cul-de-sac Joo Chiat Avenue cul-de-sac,1.366923,103.801292,678278,,,
296,2025-09-07 06:01:16.303398+00,"[Risk of Flash Floods]

Due to heavy rain, please avoid this location for the next 1 hour: KG Java Rd (Newton Circus to CTE) [04:08 hours]",10/5/2025,-1.00E+12,1248,KG Java Rd (Newton Circus to CTE),flash_flood_risk,newton circus,Central Expressway,Kampong Java Road,Kampong Java Road (newton circus to Central Expressway),1.312812,103.8390316,228234,1.321741,103.856535,320095
297,2025-09-07 06:01:16.447164+00,"[Risk of Flash Floods]

Due to heavy rain, please avoid this location for the next 1 hour: East Coast Rd [04:07 hours]",10/5/2025,-1.00E+12,1247,East Coast Rd,flash_flood_risk,East Coast Road,,,East Coast Road,1.3065136,103.9057043,428877,,,
298,2025-09-07 06:01:16.611537+00,"[Risk of Flash Floods]

Due to heavy rain, please avoid this location for the next 1 hour: Puay Hee Ave (near Siak Kew Ave);
 [04:04 hours]",10/5/2025,-1.00E+12,1246,Puay Hee Ave (near Siak Kew Ave);,flash_flood_risk,Puay Hee Avenue near Siak Kew Avenue,,,Puay Hee Avenue near Siak Kew Avenue,1.330209,103.871778,348072,,,
299,2025-09-07 06:01:16.790262+00,"[Risk of Flash Floods]

Due to heavy rain, please avoid this location for the next 1 hour: Cambridge Rd;
Carlisle Rd; [04:03 hours]",10/5/2025,-1.00E+12,1245,"Cambridge Rd;
Carlisle Rd;",flash_flood_risk,Cambridge Road Carlisle Road,,,Cambridge Road Carlisle Road,1.313642,103.848075,219606,,,
300,2025-09-07 06:01:16.969494+00,"[Risk of Flash Floods]

Due to heavy rain, please avoid this location for the next 1 hour: Orchard Rd (Paterson Rd to Mt Elizabeth) [03:59 hours]",10/5/2025,-1.00E+12,1244,Orchard Rd (Paterson Rd to Mt Elizabeth),flash_flood_risk,paterson Road,mt elizabeth,Orchard Road,Orchard Road (paterson Road to mt elizabeth),1.3019737,103.8297013,238520,1.3048854,103.8358774,229920
301,2025-09-07 06:01:16.159226+00,"[Risk of Flash Floods]

Due to heavy rain, please avoid this location for the next 1 hour: Mountbatten Rd leading to Jln Seaview [04:10 hours]",10/5/2025,-1.00E+12,1249,Mountbatten Rd leading to Jln Seaview,flash_flood_risk,Mountbatten Road,Jalan Seaview,,Mountbatten Road to Jalan Seaview,1.3028098,103.8996285,439970,1.3008882,103.896421,438386
302,2025-09-07 06:01:17.341161+00,"[Risk of Flash Floods]

Due to heavy rain, please avoid this location for the next 1 hour: Junction of Toa Payoh Lor 1 and Toa Payoh Lor 2
 [03:56 hours]",10/5/2025,-1.00E+12,1242,Junction of Toa Payoh Lor 1 and Toa Payoh Lor 2,flash_flood_risk,toa payoh Lorong 1,toa payoh Lorong 2,,toa payoh Lorong 1 and toa payoh Lorong 2,1.33961615,103.85337221643714,310001,1.3325257499999998,103.8473864759364,310157
303,2025-09-07 06:01:17.494591+00,"[Risk of Flash Floods]

Due to heavy rain, please avoid this location for the next 1 hour: Aljunied Rd under PIE Flyover [03:56 hours]",10/5/2025,-1.00E+12,1241,Aljunied Rd under PIE Flyover,flash_flood_risk,Aljunied Road under Pan Island Expressway Flyover,,,Aljunied Road under Pan Island Expressway Flyover,1.366923,103.801292,678278,,,
304,2025-09-07 06:01:17.674633+00,"[Risk of Flash Floods]

Due to heavy rain, please avoid this location for the next 1 hour: Lor Gambir
 [03:54 hours]",10/5/2025,-1.00E+12,1240,Lor Gambir,flash_flood_risk,Lorong Gambir,,,Lorong Gambir,1.3461999,103.8744676,536652,,,
305,2025-09-07 06:01:17.890579+00,"[Risk of Flash Floods]

Due to heavy rain, please avoid this location for the next 1 hour: Junction of Neo Pee Teck Lane and Pasir Panjang Rd [03:51 hours]",10/5/2025,-1.00E+12,1239,Junction of Neo Pee Teck Lane and Pasir Panjang Rd,flash_flood_risk,neo pee teck lane,pasir panjang Road,,neo pee teck lane and pasir panjang Road,1.2920468,103.7685915,118759,1.2784095,103.7859948,118135
306,2025-09-07 06:01:18.058482+00,"[Risk of Flash Floods]

Due to heavy rain, please avoid this location for the next 1 hour: Thomson Rd (Balestier Rd to Novena Rise) [03:50 hours]",10/5/2025,-1.00E+12,1238,Thomson Rd (Balestier Rd to Novena Rise),flash_flood_risk,balestier Road,novena rise,Thomson Road,Thomson Road (balestier Road to novena rise),1.3265878,103.8430003,329900,1.3242731,103.8429008,307516
307,2025-09-07 06:01:18.264161+00,"[Risk of Flash Floods]

Due to heavy rain, please avoid this location for the next 1 hour: Jln Boon Lay (Enterprise Rd to International Rd) [03:43 hours]",10/5/2025,-1.00E+12,1237,Jln Boon Lay (Enterprise Rd to International Rd),flash_flood_risk,enterprise Road,international Road,Jalan Boon Lay,Jalan Boon Lay (enterprise Road to international Road),1.3333182,103.7026361,627667,1.3303924,103.716687,618680
308,2025-09-07 06:01:18.440108+00,"[Risk of Flash Floods]

Due to heavy rain, please avoid this location for the next 1 hour: Lor Gambir
 [03:42 hours]",10/5/2025,-1.00E+12,1236,Lor Gambir,flash_flood_risk,Lorong Gambir,,,Lorong Gambir,1.3461999,103.8744676,536652,,,
309,2025-09-07 06:01:17.153355+00,"[Risk of Flash Floods]

Due to heavy rain, please avoid this location for the next 1 hour: Queen's Rd [03:57 hours]",10/5/2025,-1.00E+12,1243,Queen's Rd,flash_flood_risk,Queen s Road,,,Queen s Road,1.3217094,103.8102837,267746,,,
310,2025-09-07 06:01:15.81889+00,"[Risk of Flash Floods]

Due to heavy rain, please avoid this location for the next 1 hour: Jln Boon Lay (Enterprise Rd to International Rd) [11:29 hours]",18/5/2025,-1.00E+12,1254,Jln Boon Lay (Enterprise Rd to International Rd),flash_flood_risk,enterprise Road,international Road,Jalan Boon Lay,Jalan Boon Lay (enterprise Road to international Road),1.3333182,103.7026361,627667,1.3303924,103.716687,618680
311,2025-09-07 06:01:15.68491+00,"[Risk of Flash Floods]

Due to heavy rain, please avoid this location for the next 1 hour: Dunearn Rd (Yarwood Ave to Binjai Pk) [12:15 hours]",18/5/2025,-1.00E+12,1255,Dunearn Rd (Yarwood Ave to Binjai Pk),flash_flood_risk,yarwood Avenue,binjai Park,Dunearn Road,Dunearn Road (yarwood Avenue to binjai Park),1.3375703,103.7839724,588035,1.3404925,103.787472,589871
312,2025-09-07 06:01:15.48716+00,"[Risk of Flash Floods]

Due to heavy rain, please avoid this location for the next 1 hour: Craig Rd (Duxton Rd to TG Pagar Rd) [03:46 hours]",7/6/2025,-1.00E+12,1258,Craig Rd (Duxton Rd to TG Pagar Rd),flash_flood_risk,duxton Road,tg pagar Road,Craig Road,Craig Road (duxton Road to tg pagar Road),1.2775364,103.8429301,089667,1.278193,103.843765,088474
313,2025-09-07 06:01:15.333726+00,"[Risk of Flash Floods]

Due to heavy rain, please avoid this location for the next 1 hour: Lor Gambir
 [03:55 hours]",7/6/2025,-1.00E+12,1259,Lor Gambir,flash_flood_risk,Lorong Gambir,,,Lorong Gambir,1.3461999,103.8744676,536652,,,
314,2025-09-07 06:01:15.176919+00,"[Risk of Flash Floods]

Due to heavy rain, please avoid this location for the next 1 hour: Rowell Rd;
Syed Alwi Rd;
Jln Besar Rd (Veerasamy Rd to Kitchener Rd);
Veerasamy Rd;
Kg Kapor Rd (Hindoo Rd to Kitchener Rd); [03:56 hours]",7/6/2025,-1.00E+12,1260,"Rowell Rd;
Syed Alwi Rd;
Jln Besar Rd (Veerasamy Rd to Kitchener Rd);
Veerasamy Rd;
Kg Kapor Rd (Hindoo Rd to Kitchener Rd);",flash_flood_risk,veerasamy Road,kitchener Road,Rowell Road Syed Alwi Road Jalan Besar Road,Rowell Road Syed Alwi Road Jalan Besar Road (veerasamy Road to kitchener Road),1.3069003,103.8551773,200637,1.3099242,103.8571424,208524
315,2025-09-07 06:01:15.003515+00,"[Risk of Flash Floods]

Due to heavy rain, please avoid this location for the next 1 hour: Upp Paya Lebar Service Rd (Lim Teck Boo Rd to Rochdale Rd);
Jln Lokam (near Upp Paya Lebar Rd);
Thrift Dr (near Jln Usaha); [04:00 hours]",7/6/2025,-1.00E+12,1261,"Upp Paya Lebar Service Rd (Lim Teck Boo Rd to Rochdale Rd);
Jln Lokam (near Upp Paya Lebar Rd);
Thrift Dr (near Jln Usaha);",flash_flood_risk,lim teck boo Road,rochdale Road,Upper Paya Lebar Service Road,Upper Paya Lebar Service Road (lim teck boo Road to rochdale Road),1.3422987,103.8844939,534878,1.3433183,103.8835973,535823
316,2025-09-07 06:01:14.834517+00,"[Risk of Flash Floods]

Due to heavy rain, please avoid this location for the next 1 hour: Jln Pokok Serunai [04:09 hours]",7/6/2025,-1.00E+12,1262,Jln Pokok Serunai,flash_flood_risk,Jalan Pokok Serunai,,,Jalan Pokok Serunai,1.3143531,103.9363658,466433,,,
317,2025-09-07 06:01:14.467614+00,"[Risk of Flash Floods] 

Due to heavy rain, please avoid this location for the next 1 hour: Riverside Road (near Junction of Riverside Road and Admiralty Road).",28/6/2025,-1.00E+12,1268,Riverside Road (near Junction of Riverside Road and Admiralty Road).,flash_flood_risk,junction of riverside road,admiralty road,Riverside Road,Riverside Road (junction of riverside road and admiralty road),1.366923,103.801292,678278,1.4418389,103.775189,739297
318,2025-09-07 06:01:13.734416+00,"[Risk of Flash Floods]

Due to heavy rain, please avoid this location for the next 1 hour: Jln Pokok Serunai [17:51 hours]",4/7/2025,-1.00E+12,1274,Jln Pokok Serunai,flash_flood_risk,Jalan Pokok Serunai,,,Jalan Pokok Serunai,1.3143531,103.9363658,466433,,,
319,2025-09-07 06:01:14.094576+00,"[Risk of Flash Floods]

Due to heavy rain, please avoid this location for the next 1 hour: Lor Gambir
 [17:23 hours]",4/7/2025,-1.00E+12,1272,Lor Gambir,flash_flood_risk,Lorong Gambir,,,Lorong Gambir,1.3461999,103.8744676,536652,,,
320,2025-09-07 06:01:13.926913+00,"[Risk of Flash Floods]

Due to heavy rain, please avoid this location for the next 1 hour: Lor Gambir
 [17:51 hours]",4/7/2025,-1.00E+12,1273,Lor Gambir,flash_flood_risk,Lorong Gambir,,,Lorong Gambir,1.3461999,103.8744676,536652,,,
321,2025-09-07 06:01:13.578888+00,"[Risk of Flash Floods]

Due to heavy rain, please avoid this location for the next 1 hour:   Dunearn Road (between Yarwood Ave and Binjai Park)[Issued 08:13hours]",9/7/2025,-1.00E+12,1276,Dunearn Road (between Yarwood Ave and Binjai Park)[Issued 08:13hours],flash_flood_risk,yarwood Avenue,binjai park,Dunearn Road,Dunearn Road (yarwood Avenue to binjai park),1.3375703,103.7839724,588035,1.3404925,103.787472,589871
322,2025-09-07 06:01:13.385328+00,"[Risk of Flash Floods]

Due to heavy rain, please avoid this location for the next 1 hour: Craig Rd (Duxton Rd to TG Pagar Rd) [11:20 hours]",21/7/2025,-1.00E+12,1280,Craig Rd (Duxton Rd to TG Pagar Rd),flash_flood_risk,duxton Road,tg pagar Road,Craig Road,Craig Road (duxton Road to tg pagar Road),1.2775364,103.8429301,089667,1.278193,103.843765,088474
323,2025-09-07 06:01:13.16404+00,"[Risk of Flash Floods]

Due to heavy rain, please avoid this location for the next 1 hour: Lor Gambir
 [11:30 hours]",21/7/2025,-1.00E+12,1281,Lor Gambir,flash_flood_risk,Lorong Gambir,,,Lorong Gambir,1.3461999,103.8744676,536652,,,
324,2025-09-07 06:01:12.998435+00,"[Risk of Flash Floods]

Due to heavy rain, please avoid this location for the next 1 hour: Upp Paya Lebar Service Rd (Lim Teck Boo Rd to Rochdale Rd);
Jln Lokam (near Upp Paya Lebar Rd);
Thrift Dr (near Jln Usaha); [11:38 hours]",21/7/2025,-1.00E+12,1282,"Upp Paya Lebar Service Rd (Lim Teck Boo Rd to Rochdale Rd);
Jln Lokam (near Upp Paya Lebar Rd);
Thrift Dr (near Jln Usaha);",flash_flood_risk,lim teck boo Road,rochdale Road,Upper Paya Lebar Service Road,Upper Paya Lebar Service Road (lim teck boo Road to rochdale Road),1.3422987,103.8844939,534878,1.3433183,103.8835973,535823
325,2025-09-07 06:01:12.831374+00,"[Risk of Flash Floods]

Due to heavy rain, please avoid this location for the next 1 hour: Jln Pokok Serunai [12:00 hours]",21/7/2025,-1.00E+12,1284,Jln Pokok Serunai,flash_flood_risk,Jalan Pokok Serunai,,,Jalan Pokok Serunai,1.3143531,103.9363658,466433,,,
326,2025-09-07 06:01:12.611231+00,"[Risk of Flash Floods]

Due to heavy rain, please avoid this location for the next 1 hour: Jln Boon Lay (Enterprise Rd to International Rd) [07:39hours]",3/8/2025,-1.00E+12,1287,Jln Boon Lay (Enterprise Rd to International Rd),flash_flood_risk,enterprise Road,international Road,Jalan Boon Lay,Jalan Boon Lay (enterprise Road to international Road),1.3333182,103.7026361,627667,1.3303924,103.716687,618680
327,2025-09-07 06:01:12.059223+00,"[Risk of Flash Floods]

Due to heavy rain, please avoid this location for the next 1 hour: Mountbatten Rd leading to Jln Seaview [02:08 hours]",12/8/2025,-1.00E+12,1293,Mountbatten Rd leading to Jln Seaview,flash_flood_risk,Mountbatten Road,Jalan Seaview,,Mountbatten Road to Jalan Seaview,1.3028098,103.8996285,439970,1.3008882,103.896421,438386
328,2025-09-07 06:01:12.239465+00,"[Risk of Flash Floods]

Due to heavy rain, please avoid this location for the next 1 hour: Junction of TG Pagar Rd and Hoe Chiang Rd [01:48 hours]",12/8/2025,-1.00E+12,1292,Junction of TG Pagar Rd and Hoe Chiang Rd,flash_flood_risk,tg pagar Road,hoe chiang Road,,tg pagar Road and hoe chiang Road,1.278193,103.843765,088474,1.2740948,103.8423663,089314
329,2025-09-07 06:01:11.864453+00,"[Risk of Flash Floods]

Due to heavy rain, please avoid this location for the next 1 hour: Dunearn Rd (Yarwood Ave to Binjai Pk) [07:21 hours]",23/8/2025,-1.00E+12,1297,Dunearn Rd (Yarwood Ave to Binjai Pk),flash_flood_risk,yarwood Avenue,binjai Park,Dunearn Road,Dunearn Road (yarwood Avenue to binjai Park),1.3375703,103.7839724,588035,1.3404925,103.787472,589871
330,2025-09-07 06:01:11.694761+00,"[Risk of Flash Floods] 

Due to heavy rain, please avoid this location for the next 1 hour: Jurong Town Hall Road (towards PIE) before Jurong East Street 11 [Issued 07:43hours]",23/8/2025,-1.00E+12,1298,Jurong Town Hall Road (towards PIE) before Jurong East Street 11,flash_flood_risk,Jurong Town Hall Road towards Pan Island Expressway,Jurong East Street 11,,Jurong Town Hall Road towards Pan Island Expressway to Jurong East Street 11,1.340929,103.971106,486059,1.3299899,103.7457325,609930
331,2025-09-07 06:01:11.51741+00,"[FLASH FLOOD OCCURRED]  

Flash flood at Jurong Town Hall Road (towards PIE) before Jurong East Street 11. Please avoid the area. Issued 0749 hours.",23/8/2025,-1.00E+12,1299,Jurong Town Hall Road (towards PIE) before Jurong East Street 11,flash_flood,Jurong Town Hall Road towards Pan Island Expressway,Jurong East Street 11,,Jurong Town Hall Road towards Pan Island Expressway to Jurong East Street 11,1.340929,103.971106,486059,1.3299899,103.7457325,609930
332,2025-09-07 06:01:11.335184+00,Flash flood subsided at Jurong Town Hall Road (towards PIE) before Jurong East Street 11. Issued 0810 hours.,24/8/2025,-1.00E+12,1300,Jurong Town Hall Road (towards PIE) before Jurong East Street 11,flood_subsided,Jurong Town Hall Road towards Pan Island Expressway,Jurong East Street 11,,Jurong Town Hall Road towards Pan Island Expressway to Jurong East Street 11,1.340929,103.971106,486059,1.3299899,103.7457325,609930
333,2025-09-07 06:01:11.195825+00,"[Risk of Flash Floods]

Due to heavy rain, please avoid this location for the next 1 hour:   Dunearn Road (between Yarwood Ave and Binjai Park)[Issued 1347hours]",28/8/2025,-1.00E+12,1301,Dunearn Road (between Yarwood Ave and Binjai Park)[Issued 1347hours],flash_flood_risk,yarwood Avenue,binjai park,Dunearn Road,Dunearn Road (yarwood Avenue to binjai park),1.3375703,103.7839724,588035,1.3404925,103.787472,589871
334,2025-09-07 06:01:10.993998+00,"[Risk of Flash Floods]

Due to heavy rain, please avoid this location for the next 1 hour: Yishun Avenue 7 [09:13 hours]",5/9/2025,-1.00E+12,1306,Yishun Avenue 7,flash_flood_risk,Yishun Avenue 7,,,Yishun Avenue 7,1.4380871,103.8326446,760175,,,
335,2025-09-07 06:01:10.831987+00,"[Risk of Flash Floods]

Due to heavy rain, please avoid this location for the next 1 hour: Junction of Yishun Ave 2 and Yishun Ave 5 [09:16 hours]",5/9/2025,-1.00E+12,1307,Junction of Yishun Ave 2 and Yishun Ave 5,flash_flood_risk,yishun Avenue 2,yishun Avenue 5,,yishun Avenue 2 and yishun Avenue 5,1.4371108,103.8337382,760170,1.4304259,103.8315094,760145
336,2025-09-07 06:01:10.693335+00,"[Risk of Flash Floods]

Due to heavy rain, please avoid this location for the next 1 hour: TPE (Punggol West Flyover) [09:28 hours]",5/9/2025,-1.00E+12,1308,TPE (Punggol West Flyover),flash_flood_risk,Tampines Expressway Punggol West Flyover,,,Tampines Expressway Punggol West Flyover,1.379707,103.915978,533760,,,
