id,text,event_date,location,event,start_loc,end_loc,parent_road,cleaned_location,start_lat,start_lng,start_postal_code,start_pa_id,start_sz_id,start_rn_id,origin_lat,origin_lng,end100_a_lat,end100_a_lng,end100_b_lat,end100_b_lng,end_lat,end_lng,end_postal_code,end_pa_id,end_sz_id,end_rn_id,created_at,sender_id,msg_id
1,,20/3/2014,YISHUN MRT,flash_flood,,,,,1.429525,103.834995,769093,55,316,15332,1.4295074580972313,103.83526805123402,1.428604784252081,103.8352132828523,1.4303601000000001,103.83529690000002,,,,0,0,0,,,
2,,4/4/2014,2 KAKI BUKIT ROAD 3,flash_flood,,,,,1.337334,103.901943,416161,1,211,14344,1.337553156168122,103.90136290315155,1.3367317421995388,103.9009898830287,1.3382578,103.9016342,,,,0,0,0,,,
3,,23/4/2014,PSC BUILDING,flash_flood,,,,,1.328863,103.706189,629813,13,105,15785,1.327816635480649,103.70621266656997,1.3278105000000002,103.7059414,1.3279265663000688,103.70710153911273,,,,0,0,0,,,
4,,23/4/2014,21229 (BUS STOP),flash_flood,,,,,1.342064,103.71602,648923,13,208,25318,1.3420676978361643,103.71596208605193,1.3425859000000002,103.7159924,1.3411653352127169,103.71595708048771,,,,0,0,0,,,
5,,16/5/2014,TENGAH FLYOVER,flash_flood,,,,,1.363822,103.707043,648170,49,113,13184,1.3644101575284697,103.7065408325259,1.364976347576283,103.70724062918782,1.3638237102034567,103.70585692362982,,,,0,0,0,,,
6,,16/5/2014,PSC BUILDING,flash_flood,,,,,1.328863,103.706189,629813,13,105,15785,1.327816635480649,103.70621266656997,1.3278105000000002,103.7059414,1.3279265663000688,103.70710153911273,,,,0,0,0,,,
7,,16/5/2014,21229 (BUS STOP),flash_flood,,,,,1.342064,103.71602,648923,13,208,25318,1.3420676978361643,103.71596208605193,1.3425859000000002,103.7159924,1.3411653352127169,103.71595708048771,,,,0,0,0,,,
8,,25/6/2014,45019 (BUS STOP),flash_flood,,,,,1.388299,103.755539,682036,5,247,23242,1.3882719238207928,103.75548243771988,1.3889035,103.7551831,1.387487871794094,103.75592926711063,,,,0,0,0,,,
9,,25/6/2014,45061 (BUS STOP),flash_flood,,,,,1.407181,103.756063,729678,28,277,33566,1.4071826186032979,103.75608286192646,1.4062791008336863,103.75610107889496,1.4077489999999997,103.7560145,,,,0,0,0,,,
10,,9/7/2014,45019 (BUS STOP),flash_flood,,,,,1.388299,103.755539,682036,5,247,23242,1.3882719238207928,103.75548243771988,1.3889035,103.7551831,1.387487871794094,103.75592926711063,,,,0,0,0,,,
11,,9/7/2014,COMMONWEALTH LANE,flash_flood,,,,,1.304553,103.797475,149547,17,227,4923,1.3043819825022405,103.7973239553487,1.3049882563135864,103.79665742481696,1.3038850000000002,103.7978921,,,,0,0,0,,,
12,,29/7/2014,BASSEIN ROAD,flash_flood,,,,,1.323316,103.848088,309838,25,175,35689,1.323334380439795,103.84809782260601,1.3236075084889551,103.84731091260747,1.3232138000000002,103.8483234,,,,0,0,0,,,
13,,29/7/2014,MACKENZIE ROAD,flash_flood,,,,,1.305873,103.848002,228708,44,74,4908,1.3058749413675377,103.84800335068513,1.3063916259089567,103.84726589155868,1.3055517999999997,103.8484492,,,,0,0,0,,,
14,,29/7/2014,KRAMAT LANE,flash_flood,,,,,1.300979,103.842274,228750,45,79,5090,1.3014766670972577,103.84241196437863,1.3014582999999997,103.8424817,1.3017287675711953,103.84154909769386,,,,0,0,0,,,
15,,3/9/2014,14379 (BUS STOP),flash_flood,,,,,1.272438,103.823794,90109,4,36,9236,1.2724982377895648,103.82386047929548,1.2723779999999998,103.82397300000001,1.2731855551889795,103.82327925607535,,,,0,0,0,,,
16,,24/9/2014,2 MANDAI ROAD,flash_flood,,,,,1.402422,103.815417,779403,55,327,17347,1.402616507848549,103.815369394144,1.4025912999999999,103.8152664,1.4027408836977775,103.81625020954586,,,,0,0,0,,,
17,,4/10/2014,21329 (BUS STOP),flash_flood,,,,,1.326915,103.709018,619625,2,147,29672,1.3268916465366856,103.7089284489211,1.3274337,103.7087879,1.3260176627877422,103.70915936410012,,,,0,0,0,,,
18,,4/10/2014,LORONG BUANGKOK,flash_flood,,,,,1.383418,103.877972,805910,11,243,33498,1.3832525600683956,103.87797508034008,1.3832980960269852,103.87887243974278,1.3832472,103.8776872,,,,0,0,0,,,
19,,31/10/2014,45061 (BUS STOP),flash_flood,,,,,1.407181,103.756063,729678,28,277,33566,1.4071826186032979,103.75608286192646,1.4062791008336863,103.75610107889496,1.4077489999999997,103.7560145,,,,0,0,0,,,
20,,6/11/2014,58161 (BUS STOP),flash_flood,,,,,1.460528,103.820374,757443,19,296,33878,1.4604813856484598,103.82034356074848,1.4609760961256233,103.81959135370646,1.4599968714719265,103.82110218893664,,,,0,0,0,,,
21,,8/11/2014,42241 (BUS STOP),flash_flood,,,,,1.337118,103.767085,598112,6,152,21090,1.3370597773403432,103.76709855480117,1.3371033,103.7672855,1.3368681000000002,103.7662926,,,,0,0,0,,,
22,,8/11/2014,40099 (BUS STOP),flash_flood,,,,,1.321852,103.82344,259372,25,150,24175,1.321755984186388,103.82341147341967,1.3218451,103.8229044,1.3215241000000002,103.8241009,,,,0,0,0,,,
23,,13/11/2014,YISHUN MRT,flash_flood,,,,,1.429525,103.834995,769093,55,316,15332,1.4295074580972313,103.83526805123402,1.428604784252081,103.8352132828523,1.4303601000000001,103.83529690000002,,,,0,0,0,,,
24,,13/11/2014,SEMBAWANG SHOPPING CENTRE,flash_flood,,,,,1.441853,103.82497,758459,19,323,22894,1.4414069973081585,103.82512149141711,1.4414051999999997,103.8251162,1.4416112,103.825632,,,,0,0,0,,,
25,,13/11/2014,TAN HENG LEE BUILDING,flash_flood,,,,,1.332819,103.884451,369610,29,192,13554,1.3328516573859073,103.8846110993762,1.3326585,103.8846505,1.333737531264665,103.88443032815383,,,,0,0,0,,,
26,,13/11/2014,LORONG GAMBIR,flash_flood,,,,,1.345476,103.875567,556140,21,201,26568,1.3454901344340613,103.87558865704474,1.3459374,103.8753266,1.3452186,103.875769,,,,0,0,0,,,
27,,13/11/2014,LORONG ONG LYE,flash_flood,,,,,1.347784,103.879043,534965,21,201,18578,1.3477854943460679,103.87905023866719,1.346890095411649,103.8791499628868,1.3478317,103.8790407,,,,0,0,0,,,
28,,17/11/2014,LORONG GAMBIR,flash_flood,,,,,1.345476,103.875567,556140,21,201,26568,1.3454901344340613,103.87558865704474,1.3459374,103.8753266,1.3452186,103.875769,,,,0,0,0,,,
29,,17/11/2014,LORONG ONG LYE,flash_flood,,,,,1.347784,103.879043,534965,21,201,18578,1.3477854943460679,103.87905023866719,1.346890095411649,103.8791499628868,1.3478317,103.8790407,,,,0,0,0,,,
30,,17/11/2014,63139 (BUS STOP),flash_flood,,,,,1.361202,103.891412,532373,11,186,27379,1.3611937600317445,103.89141297122171,1.3612996709730427,103.8923053510657,1.3611535000000001,103.891072,,,,0,0,0,,,
31,,17/11/2014,HOUGANG AVE 1,flash_flood,,,,,1.353703,103.890681,530106,11,186,27717,1.353542584185402,103.89105335721298,1.3527128584505372,103.89069590165879,1.3543723100698373,103.8914108125186,,,,0,0,0,,,
32,,17/11/2014,MACPHERSON ROAD,flash_flood,,,,,1.328704,103.872121,348741,53,145,16166,1.3288642884127915,103.87206668885464,1.3290461,103.8726032,1.328652,103.8714405,,,,0,0,0,,,
33,,26/11/2014,16 SUNSET DRIVE,flash_flood,,,,,1.325782,103.766715,597092,10,151,17638,1.3258313633250103,103.76663055637532,1.326610826167372,103.76708620781783,1.325607,103.7664994,,,,0,0,0,,,
34,,17/12/2014,11429 (BUS STOP),flash_flood,,,,,1.30454,103.798363,149597,17,53,4910,1.3044948856290137,103.7984123833961,1.3047704999999998,103.7986751,1.3038850000000002,103.7978921,,,,0,0,0,,,
35,,17/12/2014,ENTERPRISE ROAD,flash_flood,,,,,1.333312,103.705117,629840,13,105,15786,1.3333176629230596,103.70511697636509,1.3333169000000002,103.7055118,1.3333160943275622,103.70421842435795,,,,0,0,0,,,
36,,24/12/2014,NATIONAL SHOOTING CENTRE,flash_flood,,,,,1.372792,103.682976,698910,32,307,15643,1.3724093,103.6834659,1.3724092999999997,103.6834659,1.3723825,103.6835028,,,,0,0,0,,,
37,,24/4/2015,LORNIE VIADUCT,flash_flood,,,,,1.344614,103.8435,579847,51,331,24336,1.3445084660901885,103.84344714473221,1.3448984124953132,103.84263663803365,1.3444256,103.8436126,,,,0,0,0,,,
38,,3/5/2015,NATIONAL SHOOTING CENTRE,flash_flood,,,,,1.372792,103.682976,698910,32,307,15643,1.3724093,103.6834659,1.3724092999999997,103.6834659,1.3723825,103.6835028,,,,0,0,0,,,
39,,8/6/2015,CHIN BEE AVE,flash_flood,,,,,1.333502,103.712787,619941,13,193,15751,1.3335031266015662,103.71278666332366,1.3337604317438638,103.71364808240386,1.3332453584199102,103.71192538292968,,,,0,0,0,,,
40,,8/6/2015,21229 (BUS STOP),flash_flood,,,,,1.342064,103.71602,648923,13,208,25318,1.3420676978361643,103.71596208605193,1.3425859000000002,103.7159924,1.3411653352127169,103.71595708048771,,,,0,0,0,,,
41,,11/8/2015,NANYANG TECHNOLOGICAL UNIVERSITY NORTH SPINE,flash_flood,,,,,1.346176,103.682049,639798,32,307,35086,1.3455242,103.6824111,1.345948619013794,103.68320100290359,1.3448345395594168,103.68183721845632,,,,0,0,0,,,
42,,12/8/2015,TAMPINES STREET 32,flash_flood,,,,,1.353779,103.957994,520384,47,185,42774,1.3537749008662947,103.95799400956882,1.3537771963244485,103.95889254949465,1.3537748,103.9579508,,,,0,0,0,,,
43,,9/9/2015,JURONG WEST STREET 51,flash_flood,,,,,1.347889,103.720531,640511,13,261,21253,1.3478744838314882,103.72050607437389,1.3470931686240406,103.72095829418467,1.3486563041830306,103.72005442959589,,,,0,0,0,,,
44,,2/12/2015,12111 (BUS STOP),flash_flood,,,,,1.319118,103.77223,120343,6,132,939,1.3191750517632772,103.77221194172272,1.3193858,103.7727165,1.3191199000000002,103.7719738,,,,0,0,0,,,
45,,5/12/2015,LORONG BUANGKOK,flash_flood,,,,,1.383418,103.877972,805910,11,243,33498,1.3832525600683956,103.87797508034008,1.3832980960269852,103.87887243974278,1.3832472,103.8776872,,,,0,0,0,,,
46,,5/12/2015,CHURCH OF ST VINCENT DE PAUL,flash_flood,,,,,1.382224,103.876411,805910,21,249,23779,1.3822484032806341,103.87614597020425,1.3820174,103.8761247,1.3829703999999998,103.8762125,,,,0,0,0,,,
47,,5/12/2015,ANG MO KIO STREET 31,flash_flood,,,,,1.365873,103.848056,560320,52,330,28981,1.3658474228327164,103.84805671728338,1.365866350968855,103.84895508457724,1.3658640284287482,103.84715962776025,,,,0,0,0,,,
48,,10/12/2015,CHANGI FLYOVER,flash_flood,,,,,1.345806,103.982914,819658,8,298,40169,1.3455832779424273,103.98342916191301,1.3447708,103.98307790000001,1.3464125365573199,103.98378767840016,,,,0,0,0,,,
49,,10/12/2015,21229 (BUS STOP),flash_flood,,,,,1.342064,103.71602,648923,13,208,25318,1.3420676978361643,103.71596208605193,1.3425859000000002,103.7159924,1.3411653352127169,103.71595708048771,,,,0,0,0,,,
50,,10/12/2015,69 BOON KENG ROAD,flash_flood,,,,,1.317147,103.862497,339772,22,174,304,1.3170409486446177,103.86241149823056,1.3176008972721636,103.8617059379646,1.3168869999999997,103.8626036,,,,0,0,0,,,
51,,10/12/2015,MAXWELL FOOD CENTRE,flash_flood,,,,,1.280331,103.844747,88437,40,40,8473,1.2801019125819046,103.84446359200292,1.2803996999999996,103.8441945,1.2797682000000001,103.8447494,,,,0,0,0,,,
52,,11/12/2015,PEK KIO CC,flash_flood,,,,,1.313059,103.851374,219458,22,129,9689,1.3132775712405116,103.85161741553739,1.3128704,103.8519979,1.3139217,103.8510619,,,,0,0,0,,,
53,,11/12/2015,BALESTIER POINT,flash_flood,,,,,1.322812,103.852026,329735,25,175,23491,1.32310674408748,103.85238870626424,1.322556,103.8527134,1.3234183999999998,103.8521354,,,,0,0,0,,,
54,,11/12/2015,50199 (BUS STOP),flash_flood,,,,,1.324968,103.850509,308231,25,175,31787,1.3250156544703895,103.85054633513252,1.3248955,103.8506997,1.3253206999999998,103.8501015,,,,0,0,0,,,
55,,11/12/2015,69 BOON KENG ROAD,flash_flood,,,,,1.317147,103.862497,339772,22,174,304,1.3170409486446177,103.86241149823056,1.3176008972721636,103.8617059379646,1.3168869999999997,103.8626036,,,,0,0,0,,,
56,,11/12/2015,21229 (BUS STOP),flash_flood,,,,,1.342064,103.71602,648923,13,208,25318,1.3420676978361643,103.71596208605193,1.3425859000000002,103.7159924,1.3411653352127169,103.71595708048771,,,,0,0,0,,,
57,,11/12/2015,NEO PEE TECK LANE,flash_flood,,,,,1.292623,103.769021,118759,17,25,10160,1.2926043087226888,103.76904336930771,1.292127,103.7686515,1.2930744000000003,103.7694361,,,,0,0,0,,,
58,,22/1/2016,NEO PEE TECK LANE,flash_flood,,,,,1.292623,103.769021,118759,17,25,10160,1.2926043087226888,103.76904336930771,1.292127,103.7686515,1.2930744000000003,103.7694361,,,,0,0,0,,,
59,,9/4/2016,MARKET & HAWKER CENTRE (BLK 20 GHIM MOH ROAD),flash_flood,,,,,1.277368,103.818652,90011,4,39,3666,1.2778512808686562,103.8184830362854,1.2781412814479314,103.81933408566084,1.2776297,103.8178458,,,,0,0,0,,,
60,,20/4/2016,2 ENTERPRISE ROAD,flash_flood,,,,,1.333642,103.707847,629814,13,105,15788,1.332954914520182,103.70766939297049,1.333183087983375,103.70680000138994,1.3327776000000005,103.7083941,,,,0,0,0,,,
61,,11/5/2016,45061 (BUS STOP),flash_flood,,,,,1.407181,103.756063,729678,28,277,33566,1.4071826186032979,103.75608286192646,1.4062791008336863,103.75610107889496,1.4077489999999997,103.7560145,,,,0,0,0,,,
62,,11/5/2016,YISHUN MRT,flash_flood,,,,,1.429525,103.834995,769093,55,316,15332,1.4295074580972313,103.83526805123402,1.428604784252081,103.8352132828523,1.4303601000000001,103.83529690000002,,,,0,0,0,,,
63,,18/5/2016,PSC BUILDING,flash_flood,,,,,1.328863,103.706189,629813,13,105,15785,1.327816635480649,103.70621266656997,1.3278105000000002,103.7059414,1.3279265663000688,103.70710153911273,,,,0,0,0,,,
64,,17/6/2016,ENTERPRISE ROAD,flash_flood,,,,,1.333312,103.705117,629840,13,105,15786,1.3333176629230596,103.70511697636509,1.3333169000000002,103.7055118,1.3333160943275622,103.70421842435795,,,,0,0,0,,,
65,,17/6/2016,21229 (BUS STOP),flash_flood,,,,,1.342064,103.71602,648923,13,208,25318,1.3420676978361643,103.71596208605193,1.3425859000000002,103.7159924,1.3411653352127169,103.71595708048771,,,,0,0,0,,,
66,,17/6/2016,TUAS UNDERPASS,flash_flood,,,,,1.321705,103.663691,638481,15,138,20590,1.3221307812068157,103.66387393057062,1.3221099999999997,103.6639223,1.3221782000000002,103.6632774,,,,0,0,0,,,
67,,8/7/2016,21229 (BUS STOP),flash_flood,,,,,1.342064,103.71602,648923,13,208,25318,1.3420676978361643,103.71596208605193,1.3425859000000002,103.7159924,1.3411653352127169,103.71595708048771,,,,0,0,0,,,
68,,13/7/2016,21229 (BUS STOP),flash_flood,,,,,1.342064,103.71602,648923,13,208,25318,1.3420676978361643,103.71596208605193,1.3425859000000002,103.7159924,1.3411653352127169,103.71595708048771,,,,0,0,0,,,
69,,26/7/2016,NEO PEE TECK LANE,flash_flood,,,,,1.292623,103.769021,118759,17,25,10160,1.2926043087226888,103.76904336930771,1.292127,103.7686515,1.2930744000000003,103.7694361,,,,0,0,0,,,
70,,14/9/2016,50 HOUGANG AVE 1,flash_flood,,,,,1.360305,103.888083,530211,11,186,30585,1.3603347883206796,103.88841289869173,1.3601609,103.8884286,1.3606533000000003,103.8883796,,,,0,0,0,,,
71,,24/12/2016,BALMORAL ROAD,flash_flood,,,,,1.313244,103.830181,257878,44,125,11934,1.3132455773460319,103.8301795476466,1.3131611,103.8300878,1.3135738,103.830536,,,,0,0,0,,,
72,,24/12/2016,CAIRNHILL ROAD,flash_flood,,,,,1.308031,103.836841,228512,44,56,856,1.3080375830615707,103.83685967666345,1.3088890036667342,103.83655680903209,1.307185510839832,103.83716071834016,,,,0,0,0,,,
73,,24/12/2016,STEVENS ROAD,flash_flood,,,,,1.31317,103.828976,257878,48,134,1326,1.3131286185976807,103.82896534927139,1.3130822,103.82914570000001,1.3133547202718159,103.82809533708166,,,,0,0,0,,,
74,,24/12/2016,UPPER THOMSON ROAD,flash_flood,,,,,1.373054,103.828958,574419,52,171,31145,1.3730349089882476,103.82866527115294,1.3739378964373195,103.82861650306543,1.3729439999999997,103.8286712,,,,0,0,0,,,
75,,24/12/2016,ORCHARD ROAD,flash_flood,,,,,1.303228,103.83668,229921,45,79,851,1.303452469886837,103.83679491110509,1.3036982999999998,103.8363243,1.3030389022142839,103.83759365834449,,,,0,0,0,,,
76,,24/12/2016,NEWTON CIRCUS,flash_flood,,,,,1.313224,103.838945,307943,44,108,7358,1.3132473965903328,103.8389284975888,1.3130023999999998,103.8387115,1.3134317000000002,103.8392881,,,,0,0,0,,,
77,,19/1/2017,53041 (BUS STOP),flash_flood,,,,,1.353078,103.834364,574359,51,328,27356,1.3530267190415526,103.8343201185194,1.3524186395688875,103.83498411848706,1.3530769000000002,103.8337355,,,,0,0,0,,,
78,,23/1/2017,134 TANJONG PAGAR ROAD,flash_flood,,,,,1.277471,103.843403,88534,46,3,1568,1.2773793466337393,103.84338662768701,1.2774862,103.8429239,1.2773462999999998,103.8435365,,,,0,0,0,,,
79,,23/1/2017,MAXWELL FOOD CENTRE,flash_flood,,,,,1.280331,103.844747,88437,40,40,8473,1.2801019125819046,103.84446359200292,1.2803996999999996,103.8441945,1.2797682000000001,103.8447494,,,,0,0,0,,,
80,,3/2/2017,TAMPINES STREET 22,flash_flood,,,,,1.349038,103.951095,520272,47,185,42554,1.3490371063534026,103.95108987706335,1.3494589999999997,103.9509683,1.3481467325561107,103.95117711060395,,,,0,0,0,,,
81,,3/2/2017,LORONG HALUS,flash_flood,,,,,1.386169,103.923226,533850,14,242,42801,1.3861680727049843,103.92323039878237,1.3870578836192018,103.92338577703885,1.3852834017954423,103.92304390371058,,,,0,0,0,,,
82,,4/2/2017,TAMPINES FLYOVER,flash_flood,,,,,1.381657,103.917491,520175,54,229,42891,1.3813614,103.9173899,1.3808807714210023,103.91814168215645,1.381043049488237,103.91659503323845,,,,0,0,0,,,
83,,4/2/2017,BEDOK NORTH FLYOVER,flash_flood,,,,,1.332028,103.920369,460540,1,95,37644,1.3317089409599336,103.92013158992685,1.3321206000000003,103.9197716,1.3317732359370347,103.92093810595092,,,,0,0,0,,,
84,,8/2/2017,TOA PAYOH LORONG 1,flash_flood,,,,,1.338046,103.844734,310127,29,210,26287,1.3382570544248253,103.84382676964862,1.338644,103.8439116,1.3373715352776057,103.84364898823291,,,,0,0,0,,,
85,,8/2/2017,TOA PAYOH LORONG 2,flash_flood,,,,,1.336287,103.846514,319640,29,96,22531,1.336228467376496,103.84625153018142,1.3370095999999996,103.8461347,1.3354007293472987,103.84660566012263,,,,0,0,0,,,
86,,8/2/2017,ORCHARD MRT EXIT 10,flash_flood,,,,,1.304048,103.831124,238878,45,73,89,1.30411506343362,103.8310442305748,1.3048022890740758,103.83162781737232,1.3038595000000002,103.8308472,,,,0,0,0,,,
87,,8/2/2017,STAMFORD HOUSE,flash_flood,,,,,1.294162,103.850711,179949,40,88,355,1.2943402168890548,103.85082403762961,1.293858064922532,103.85158422987672,1.2944574,103.8506392,,,,0,0,0,,,
88,,18/4/2017,MOUNT ELIZABETH MEDICAL CENTRE,flash_flood,,,,,1.322137,103.844361,329562,25,175,32831,1.3217734763441227,103.84473332142106,1.3214891999999998,103.8443224,1.3219801,103.8449657,,,,0,0,0,,,
89,,18/4/2017,UNIVERSITY FLYOVER,flash_flood,,,,,1.303247,103.771674,120611,17,51,3389,1.3031658783358726,103.77128526735413,1.3036653,103.7712803,1.302796478762732,103.77194372410956,,,,0,0,0,,,
90,,18/4/2017,69 BOON KENG ROAD,flash_flood,,,,,1.317147,103.862497,339772,22,174,304,1.3170409486446177,103.86241149823056,1.3176008972721636,103.8617059379646,1.3168869999999997,103.8626036,,,,0,0,0,,,
91,,18/4/2017,40191 (BUS STOP),flash_flood,,,,,1.312686,103.830427,259978,44,63,1328,1.312738948294601,103.83044017756208,1.3125548000000002,103.83116020000001,1.3129034,103.8297794,,,,0,0,0,,,
92,,18/4/2017,09191 (BUS STOP),flash_flood,,,,,1.304887,103.825498,247918,45,142,510,1.3049097527454707,103.8255486701157,1.3046751,103.82565400000001,1.3056011,103.8251977,,,,0,0,0,,,
93,,21/4/2017,UPPER CROSS STREET,flash_flood,,,,,1.285862,103.842811,58288,46,18,666,1.2858694192875884,103.84281720279178,1.2857854,103.84291770000002,1.2866074520003807,103.84234104807264,,,,0,0,0,,,
94,,27/4/2017,KOVAN ROAD,flash_flood,,,,,1.358496,103.881234,548534,11,162,28005,1.3584927452881068,103.88123722944452,1.3581369000000003,103.8808786,1.3586098,103.8813552,,,,0,0,0,,,
95,,27/4/2017,63139 (BUS STOP),flash_flood,,,,,1.361202,103.891412,532373,11,186,27379,1.3611937600317445,103.89141297122171,1.3612996709730427,103.8923053510657,1.3611535000000001,103.891072,,,,0,0,0,,,
96,,27/4/2017,TAI SENG DRIVE,flash_flood,,,,,1.337758,103.893213,535222,11,202,28033,1.3377492664965944,103.89323145182566,1.3380975247176938,103.89386088975468,1.3369401774514722,103.89283053229255,,,,0,0,0,,,
97,,18/6/2017,DAIRY FARM ROAD,flash_flood,,,,,1.353493,103.787868,289759,7,294,13708,1.3535063660263211,103.78787593932273,1.3539944427442763,103.78711958945732,1.3530250999066447,103.78863649959497,,,,0,0,0,,,
98,,14/7/2017,63139 (BUS STOP),flash_flood,,,,,1.361202,103.891412,532373,11,186,27379,1.3611937600317445,103.89141297122171,1.3612996709730427,103.8923053510657,1.3611535000000001,103.891072,,,,0,0,0,,,
99,,14/7/2017,09191 (BUS STOP),flash_flood,,,,,1.304887,103.825498,247918,45,142,510,1.3049097527454707,103.8255486701157,1.3046751,103.82565400000001,1.3056011,103.8251977,,,,0,0,0,,,
100,,7/10/2017,BISHAN MRT STATION,flash_flood,,,,,1.350706,103.848079,579827,51,178,28324,1.3507580791138158,103.84782606819182,1.3516442522155088,103.8480051185278,1.3498725296889957,103.84764373191825,,,,0,0,0,,,
101,,7/10/2017,BRADDEL MRT STATION,flash_flood,,,,,1.340605,103.847231,319758,29,205,13856,1.3406101695841663,103.84712803205319,1.3408368,103.847138,1.3397405063502301,103.8469146275421,,,,0,0,0,,,
102,,30/10/2017,STAMFORD ROAD,flash_flood,,,,,1.294094,103.850124,178892,43,78,12227,1.2940226725346995,103.85026548944913,1.2935834,103.8500426,1.2945110999999998,103.8505331,,,,0,0,0,,,
103,,30/10/2017,VICTORIA STREET,flash_flood,,,,,1.300563,103.855781,188045,35,48,3591,1.3006039909287994,103.85573371640969,1.2999178292714997,103.85514847625385,1.3006936000000002,103.8558114,,,,0,0,0,,,
104,,30/10/2017,MOUNT ELIZABETH,flash_flood,,,,,1.32211,103.844317,329562,25,175,32831,1.3217100720123518,103.8446690985135,1.3214891999999998,103.8443224,1.3219801,103.8449657,,,,0,0,0,,,
105,,9/11/2017,63139 (BUS STOP),flash_flood,,,,,1.361202,103.891412,532373,11,186,27379,1.3611937600317445,103.89141297122171,1.3612996709730427,103.8923053510657,1.3611535000000001,103.891072,,,,0,0,0,,,
106,,18/11/2017,MANDAI ROAD,flash_flood,,,,,1.40743,103.783828,729979,7,294,36871,1.4072862918940523,103.7837975692122,1.4074701396250398,103.78291775134174,1.406960124953223,103.78461503317743,,,,0,0,0,,,
107,,18/11/2017,YISHUN MRT,flash_flood,,,,,1.429525,103.834995,769093,55,316,15332,1.4295074580972313,103.83526805123402,1.428604784252081,103.8352132828523,1.4303601000000001,103.83529690000002,,,,0,0,0,,,
108,,22/11/2017,09191 (BUS STOP),flash_flood,,,,,1.304887,103.825498,247918,45,142,510,1.3049097527454707,103.8255486701157,1.3046751,103.82565400000001,1.3056011,103.8251977,,,,0,0,0,,,
109,,22/11/2017,40191 (BUS STOP),flash_flood,,,,,1.312686,103.830427,259978,44,63,1328,1.312738948294601,103.83044017756208,1.3125548000000002,103.83116020000001,1.3129034,103.8297794,,,,0,0,0,,,
110,,15/12/2017,PASIR RIS FARMWAY,flash_flood,,,,,1.385908,103.934912,518221,14,242,39860,1.3835656010380595,103.93636039787117,1.3828015677875365,103.9358893349904,1.3834404076021087,103.93717861790896,,,,0,0,0,,,
111,,8/1/2018,TAMPINES ROAD,flash_flood,,,,,1.362843,103.966929,509733,14,187,38718,1.3628599380698276,103.96691981466229,1.3624309629647404,103.96612877022179,1.3632666760723577,103.96772220503635,,,,0,0,0,,,
112,,8/1/2018,THE GLADES,flash_flood,,,,,1.327081,103.947772,469601,1,157,41072,1.3273984728883905,103.94764670640654,1.327730659043518,103.9484824402337,1.3270902063824517,103.94680203858096,,,,0,0,0,,,
113,,8/1/2018,JALAN NIPAH,flash_flood,,,,,1.325939,103.95278,468585,1,157,39110,1.3259534484063689,103.95277103585092,1.3258451000000002,103.95259640000002,1.3265073,103.9534591,,,,0,0,0,,,
114,,8/1/2018,PAYA LEBAR QUARTER,flash_flood,,,,,1.316174,103.893139,437161,53,121,3835,1.316206355914752,103.89244317753887,1.3169357,103.8923629,1.3153138560333164,103.89230513532772,,,,0,0,0,,,
115,,8/1/2018,ARUMUGAM ROAD,flash_flood,,,,,1.325178,103.891377,409961,53,99,25246,1.3258417405304217,103.8912281022106,1.3256916999999997,103.8905503,1.3260027000000003,103.8919693,,,,0,0,0,,,
116,,8/1/2018,CHANGI FIRE STATION,flash_flood,,,,,1.33488,103.951353,486123,47,196,41067,1.3347140865762193,103.95142250594739,1.3344644999999997,103.9509211,1.3348698,103.9517942,,,,0,0,0,,,
117,,8/1/2018,TAMPINES AVENUE 12,flash_flood,,,,,1.363297,103.944612,521637,47,169,43225,1.3632794431732833,103.9446233222958,1.3634695000000001,103.94499290000002,1.3628611248580202,103.94383439622466,,,,0,0,0,,,
118,,9/1/2018,134 TANJONG PAGAR ROAD,flash_flood,,,,,1.277471,103.843403,88534,46,3,1568,1.2773793466337393,103.84338662768701,1.2774862,103.8429239,1.2773462999999998,103.8435365,,,,0,0,0,,,
119,,24/1/2018,CRAIG ROAD,flash_flood,,,,,1.277854,103.842278,89688,46,3,12123,1.2778626969415594,103.84229364928706,1.2776434,103.8424956,1.2781618000000001,103.8420984,,,,0,0,0,,,
120,,24/1/2018,PSC BUILDING,flash_flood,,,,,1.328863,103.706189,629813,13,105,15785,1.327816635480649,103.70621266656997,1.3278105000000002,103.7059414,1.3279265663000688,103.70710153911273,,,,0,0,0,,,
121,,30/1/2018,SELETAR NORTH LINK,flash_flood,,,,,1.424892,103.883643,797359,18,308,26672,1.4248813065297512,103.88363680347237,1.4244300423842988,103.88441553165632,1.4253325588953891,103.88285806838617,,,,0,0,0,,,
122,,31/1/2018,ANG MO KIO INDUSTRIAL PARK 2,flash_flood,,,,,1.371047,103.862851,569500,21,112,32712,1.371293463064238,103.86362180115188,1.3706108000000001,103.86384,1.3717576,103.8634735,,,,0,0,0,,,
123,,17/3/2018,21229,flash_flood,,,,,1.342064,103.71602,648923,13,208,25318,1.3420676978361643,103.71596208605193,1.3425859000000002,103.7159924,1.3411653352127169,103.71595708048771,,,,0,0,0,,,
124,,30/3/2018,BUKIT BATOK ROAD,flash_flood,,,,,1.363244,103.742569,659203,49,285,29777,1.3632553760646866,103.74255480303107,1.362793,103.7421843,1.36395933755511,103.74311888877044,,,,0,0,0,,,
125,,30/3/2018,CHOA CHU KANG AVENUE 1,flash_flood,,,,,1.37744,103.744383,680253,9,173,14481,1.3771579,103.744792,1.3774086260800276,103.74565534855385,1.3771578999999998,103.744792,,,,0,0,0,,,
126,,30/3/2018,CHUA CHU KANG CEMETERY OFFICE,flash_flood,,,,,1.374358,103.693645,698910,32,307,35197,1.3740244414011735,103.69361351533809,1.3741077553958851,103.69271876794024,1.3739433000000003,103.6944036,,,,0,0,0,,,
127,,30/3/2018,LIM CHU KANG FARMWAY,flash_flood,,,,,1.428068,103.704222,718921,23,311,14821,1.4273636241159249,103.70592723651575,1.4278075000000001,103.7060926,1.4265446078761257,103.70554649598499,,,,0,0,0,,,
128,,7/4/2018,MARYMOUNT MRT STATION,flash_flood,,,,,1.348707,103.839423,570302,51,328,13955,1.3487150915175996,103.83936930468921,1.3484311000000002,103.8393285,1.3491695,103.8394377,,,,0,0,0,,,
129,,20/4/2018,TENGAH FLYOVER,flash_flood,,,,,1.363822,103.707043,648170,49,113,13184,1.3644101575284697,103.7065408325259,1.364976347576283,103.70724062918782,1.3638237102034567,103.70585692362982,,,,0,0,0,,,
130,,23/4/2018,40191,flash_flood,,,,,1.312686,103.830427,259978,44,63,1328,1.312738948294601,103.83044017756208,1.3125548000000002,103.83116020000001,1.3129034,103.8297794,,,,0,0,0,,,
131,,23/4/2018,GILSTEAD 2,flash_flood,,,,,1.31496,103.838459,307997,25,140,2862,1.3151811282036723,103.83823749572795,1.3157187000000001,103.8387265,1.3150218,103.8380808,,,,0,0,0,,,
132,,27/4/2018,SELETAR NORTH LINK,flash_flood,,,,,1.424892,103.883643,797359,18,308,26672,1.4248813065297512,103.88363680347237,1.4244300423842988,103.88441553165632,1.4253325588953891,103.88285806838617,,,,0,0,0,,,
133,,1/5/2018,BLK 448 CLEMENTI AVENUE 3,flash_flood,,,,,1.31332,103.764517,120448,10,128,11137,1.312726444195747,103.76392650376178,1.3134945062885173,103.76351512716107,1.3120909504751963,103.764565811689,,,,0,0,0,,,
134,,26/5/2018,KRAMAT LANE,flash_flood,,,,,1.300979,103.842274,228750,45,79,5090,1.3014766670972577,103.84241196437863,1.3014582999999997,103.8424817,1.3017287675711953,103.84154909769386,,,,0,0,0,,,
135,,26/5/2018,CAVENAGH ROAD,flash_flood,,,,,1.308095,103.84214,229491,44,74,3438,1.308097862324418,103.84213728866239,1.3074244379584525,103.84154354265236,1.30869004592537,103.84281634184784,,,,0,0,0,,,
136,,20/6/2018,21229,flash_flood,,,,,1.342064,103.71602,648923,13,208,25318,1.3420676978361643,103.71596208605193,1.3425859000000002,103.7159924,1.3411653352127169,103.71595708048771,,,,0,0,0,,,
137,,26/6/2018,ENG NEO FLYOVER,flash_flood,,,,,1.339976,103.806539,288303,6,191,34644,1.3397535895554034,103.80626745236415,1.3405026141266145,103.80638547762616,1.3391382890968766,103.80692519454455,,,,0,0,0,,,
138,,26/6/2018,TOH TUCK AVENUE,flash_flood,,,,,1.33054,103.758726,596226,10,189,23141,1.3305024897171018,103.75878606393401,1.3306449,103.758875,1.3297458094200145,103.75829396765765,,,,0,0,0,,,
139,,26/6/2018,KISMIS ROAD,flash_flood,,,,,1.335544,103.771203,599430,6,152,20971,1.3355427953595702,103.77121095929331,1.3350799,103.7711409,1.3359983000000002,103.7712799,,,,0,0,0,,,
140,,29/6/2018,LORONG KISMIS,flash_flood,,,,,1.336996,103.766805,598112,6,152,21090,1.3369916696361748,103.7668060081508,1.3371033,103.7672855,1.3368681000000002,103.7662926,,,,0,0,0,,,
141,,29/6/2018,BUKIT TIMAH,flash_flood,,,,,1.333937,103.792132,276308,6,153,23272,1.3331887021801545,103.79189032742009,1.3334474999999997,103.7910787,1.332912379762189,103.79274591343794,,,,0,0,0,,,
142,,29/6/2018,DUNEARN ROAD,flash_flood,,,,,1.321188,103.825058,297753,25,150,10269,1.3212049826723287,103.8250632099753,1.3212572,103.824893,1.3210849999999998,103.8254464,,,,0,0,0,,,
143,,19/9/2018,55189 (BUS STOP),flash_flood,,,,,1.382953,103.844225,569845,52,252,28516,1.3829450823911031,103.84415555246238,1.3838250963421463,103.8439618482295,1.3820411802291583,103.84417763961194,,,,0,0,0,,,
144,,16/10/2018,21229 (BUS STOP),flash_flood,,,,,1.342064,103.71602,648923,13,208,25318,1.3420676978361643,103.71596208605193,1.3425859000000002,103.7159924,1.3411653352127169,103.71595708048771,,,,0,0,0,,,
145,,23/10/2018,21229 (BUS STOP),flash_flood,,,,,1.342064,103.71602,648923,13,208,25318,1.3420676978361643,103.71596208605193,1.3425859000000002,103.7159924,1.3411653352127169,103.71595708048771,,,,0,0,0,,,
146,,10/11/2018,CHOA CHU KANG WAY,flash_flood,,,,,1.377584,103.750314,688786,9,173,29948,1.377750195412295,103.75038906685144,1.3773807171814922,103.7512092257638,1.3781205733083257,103.7495693084806,,,,0,0,0,,,
147,,10/11/2018,CHOA CHU KANG AVENUE 1,flash_flood,,,,,1.37744,103.744383,680253,9,173,14481,1.3771579,103.744792,1.3774086260800276,103.74565534855385,1.3771578999999998,103.744792,,,,0,0,0,,,
148,,10/11/2018,BUKIT BATOK DRIVING CENTRE,flash_flood,,,,,1.3668,103.750142,659003,3,161,14570,1.3671725087937103,103.7506113883701,1.3663968234740436,103.75106746783158,1.3677931721299348,103.74996393643687,,,,0,0,0,,,
149,,11/11/2018,LORONG 23 GEYLANG,flash_flood,,,,,1.315461,103.881255,388379,53,301,2142,1.3154600842416602,103.88124449906681,1.3163609852011249,103.88116593551409,1.314854,103.8813076,,,,0,0,0,,,
150,,11/11/2018,ALJUNIED WEST FLYOVER,flash_flood,,,,,1.319295,103.87634,387381,53,301,2775,1.3195527148320698,103.87626380604965,1.319597,103.8766341,1.3190345394228515,103.87555262854971,,,,0,0,0,,,
151,,12/12/2018,42059 (BUS STOP),flash_flood,,,,,1.336445,103.782762,596288,6,153,20951,1.3363588599842864,103.78273141756655,1.3366369242660878,103.78187639776729,1.3361313000000001,103.7833633,,,,0,0,0,,,
152,,12/12/2018,41069,flash_flood,,,,,1.326528,103.807586,269733,6,191,19513,1.3264607040466325,103.80754003669385,1.3269685282191288,103.80679651962437,1.3259518498302594,103.80828285467456,,,,0,0,0,,,
153,,12/12/2018,ORCHID VILLAGE,flash_flood,,,,,1.333111,103.800138,288735,6,191,19266,1.3332965442760971,103.7999942302194,1.3335936,103.8003776,1.3327448521242862,103.79928223548082,,,,0,0,0,,,
154,,15/12/2018,PSC BUILDING,flash_flood,,,,,1.328863,103.706189,629813,13,105,15785,1.327816635480649,103.70621266656997,1.3278105000000002,103.7059414,1.3279265663000688,103.70710153911273,,,,0,0,0,,,
155,,15/12/2018,YUAN CHING ROAD,flash_flood,,,,,1.325468,103.725222,618642,13,208,22270,1.325040225413674,103.7253231470153,1.324840884703131,103.72444672021732,1.3251312000000002,103.7257079,,,,0,0,0,,,
156,,20/12/2018,SEMBAWANG PARK,flash_flood,,,,,1.461362,103.8365,757600,19,295,25421,1.4612351,103.8374412,1.4608248,103.8374248,1.4619948704647558,103.83791079548207,,,,0,0,0,,,
157,,19/5/2019,NEO PEE TECK LANE,flash_flood,,,,,1.292623,103.769021,118759,17,25,10160,1.2926043087226888,103.76904336930771,1.292127,103.7686515,1.2930744000000003,103.7694361,,,,0,0,0,,,
158,,3/6/2019,OPHIR ROAD,flash_flood,,,,,1.299961,103.859066,307584,40,47,345,1.3000488000588566,103.85916862734541,1.3007081739744846,103.85855519333974,1.2998229000000001,103.8593614,,,,0,0,0,,,
159,,3/6/2019,COMMONWEALTH LANE,flash_flood,,,,,1.304553,103.797475,149547,17,227,4923,1.3043819825022405,103.7973239553487,1.3049882563135864,103.79665742481696,1.3038850000000002,103.7978921,,,,0,0,0,,,
160,,3/6/2019,CRAIG ROAD,flash_flood,,,,,1.277854,103.842278,89688,46,3,12123,1.2778626969415594,103.84229364928706,1.2776434,103.8424956,1.2781618000000001,103.8420984,,,,0,0,0,,,
161,,2/12/2019,JURONG EAST STREET 32,flash_flood,,,,,1.346948,103.733825,600314,12,204,34955,1.3469439304037767,103.73381877617429,1.3461154376621314,103.73414873797046,1.3476531763709818,103.73326349015026,,,,0,0,0,,,
162,,2/12/2019,CHOA CHU KANG AVE 1,flash_flood,,,,,1.37744,103.744383,680253,9,173,14481,1.3771579,103.744792,1.3774086260800276,103.74565534855385,1.3771578999999998,103.744792,,,,0,0,0,,,
163,,30/4/2020,LICHI AVENUE,flash_flood,,,,,1.33316,103.876492,367874,29,100,22413,1.333141936946939,103.87649774451602,1.3331791,103.8766146,1.3329672999999997,103.8759694,,,,0,0,0,,,
164,,30/4/2020,SERANGOON AVENUE 2,flash_flood,,,,,1.353626,103.867705,550304,21,177,15615,1.3537103016161958,103.86801431531906,1.3528335247802263,103.86823442223985,1.3545986738085154,103.86785125786854,,,,0,0,0,,,
165,,30/4/2020,JALAN TELITI,flash_flood,,,,,1.360393,103.890228,532373,11,186,17941,1.3603810128440252,103.89022944077396,1.3604830999999997,103.8910788,1.3602737735349477,103.88933721419197,,,,0,0,0,,,
166,,30/4/2020,LORONG GAMBIR,flash_flood,,,,,1.345476,103.875567,556140,21,201,26568,1.3454901344340613,103.87558865704474,1.3459374,103.8753266,1.3452186,103.875769,,,,0,0,0,,,
167,,30/4/2020,50 HOUGANG AVENUE 1,flash_flood,,,,,1.360305,103.888083,530211,11,186,30585,1.3603347883206796,103.88841289869173,1.3601609,103.8884286,1.3606533000000003,103.8883796,,,,0,0,0,,,
168,,30/4/2020,UPPER PAYA LEBAR ROAD,flash_flood,,,,,1.335184,103.888238,534803,29,192,2715,1.3351809829356074,103.88823050185309,1.334336202706771,103.88855123944808,1.3360094302448835,103.88787017660377,,,,0,0,0,,,
169,,22/5/2020,CRAIG ROAD,flash_flood,,,,,1.277854,103.842278,89688,46,3,12123,1.2778626969415594,103.84229364928706,1.2776434,103.8424956,1.2781618000000001,103.8420984,,,,0,0,0,,,
170,,23/6/2020,JURONG TOWN HALL ROAD,flash_flood,,,,,1.331977,103.739634,608516,12,97,21593,1.3319109253955341,103.7395896154719,1.3315065,103.7401917,1.3324128120874201,103.73884214852819,,,,0,0,0,,,
171,,23/6/2020,CHANGI FIRE STATION,flash_flood,,,,,1.33488,103.951353,486123,47,196,41067,1.3347140865762193,103.95142250594739,1.3344644999999997,103.9509211,1.3348698,103.9517942,,,,0,0,0,,,
172,,23/6/2020,NEW UPPER CHANGI ROAD,flash_flood,,,,,1.324064,103.940749,461059,1,157,40140,1.3252106,103.9405245,1.3252465,103.9407022,1.3250786976036855,103.93963560569226,,,,0,0,0,,,
173,,9/7/2020,PSC BUILDING,flash_flood,,,,,1.328863,103.706189,629813,13,105,15785,1.327816635480649,103.70621266656997,1.3278105000000002,103.7059414,1.3279265663000688,103.70710153911273,,,,0,0,0,,,
174,,13/8/2020,ALJUNIED ROAD,flash_flood,,,,,1.322313,103.881475,370023,53,93,2713,1.3223339544497823,103.88146697892704,1.3226554421939052,103.88230684003524,1.3220124674706066,103.88062711762562,,,,0,0,0,,,
175,,14/8/2020,CRAIG ROAD,flash_flood,,,,,1.277854,103.842278,89688,46,3,12123,1.2778626969415594,103.84229364928706,1.2776434,103.8424956,1.2781618000000001,103.8420984,,,,0,0,0,,,
176,,14/8/2020,TANJONG PAGAR ROAD,flash_flood,,,,,1.273715,103.842919,88542,40,33,658,1.2735078488352294,103.84291924249477,1.2734989620610804,103.84202079900565,1.2735080999999997,103.8431338,,,,0,0,0,,,
177,,2/11/2020,MOUNT VERNON ROAD,flash_flood,,,,,1.34041,103.879577,361222,29,192,13822,1.3404081570695963,103.87957812584706,1.3409144464397222,103.88032256230223,1.3401740894888419,103.8787188939811,,,,0,0,0,,,
178,,2/11/2020,UPPER PAYA LEBAR ROAD,flash_flood,,,,,1.335184,103.888238,534803,29,192,2715,1.3351809829356074,103.88823050185309,1.334336202706771,103.88855123944808,1.3360094302448835,103.88787017660377,,,,0,0,0,,,
179,,2/11/2020,LORONG GAMBIR,flash_flood,,,,,1.345476,103.875567,556140,21,201,26568,1.3454901344340613,103.87558865704474,1.3459374,103.8753266,1.3452186,103.875769,,,,0,0,0,,,
180,,7/11/2020,ALJUNIED ROAD,flash_flood,,,,,1.322313,103.881475,370023,53,93,2713,1.3223339544497823,103.88146697892704,1.3226554421939052,103.88230684003524,1.3220124674706066,103.88062711762562,,,,0,0,0,,,
181,,1/1/2021,LORONG HALUS,flash_flood,,,,,1.386169,103.923226,533850,14,242,42801,1.3861680727049843,103.92323039878237,1.3870578836192018,103.92338577703885,1.3852834017954423,103.92304390371058,,,,0,0,0,,,
182,,2/1/2021,PASIR RIS STREET 11,flash_flood,,,,,1.364996,103.958511,510136,14,168,39878,1.3649714431564661,103.95849521662454,1.3644476597327577,103.95922760352748,1.3653236,103.9579391,,,,0,0,0,,,
183,,23/3/2021,BOON LAY WAY,flash_flood,,,,,1.344351,103.727438,648164,12,209,33836,1.34440573862691,103.72744020641768,1.3445324432478123,103.72655242398862,1.3443957492493812,103.7283385436127,,,,0,0,0,,,
184,,23/3/2021,CORPORATION ROAD,flash_flood,,,,,1.338077,103.71708,618310,13,193,21823,1.3380633411623803,103.71705248559253,1.3373806,103.7174645,1.3383686000000004,103.716901,,,,0,0,0,,,
185,,23/3/2021,ENTERPRISE ROAD,flash_flood,,,,,1.333312,103.705117,629840,13,105,15786,1.3333176629230596,103.70511697636509,1.3333169000000002,103.7055118,1.3333160943275622,103.70421842435795,,,,0,0,0,,,
186,,29/3/2021,VICTORIA STREET,flash_flood,,,,,1.300563,103.855781,188030,35,48,3591,1.3006039909287994,103.85573371640969,1.2999178292714997,103.85514847625385,1.3006936000000002,103.8558114,,,,0,0,0,,,
187,,17/4/2021,DUNEARN ROAD,flash_flood,,,,,1.321188,103.825058,297753,25,150,10269,1.3212049826723287,103.8250632099753,1.3212572,103.824893,1.3210849999999998,103.8254464,,,,0,0,0,,,
188,,17/4/2021,SUNGEI ULU PANDAN,flash_flood,,,,,1.317109,103.773462,597596,6,132,11015,1.3168219,103.7719081,1.317701504666225,103.77169931172813,1.3159300282778508,103.77205652577773,,,,0,0,0,,,
189,,12/7/2021,CALTEX BINJAI PARK,flash_flood,,,,,1.335235,103.786793,589821,6,153,21013,1.3351052616904833,103.78674530313432,1.3347948015693007,103.78758925399937,1.3350008000000002,103.7865566,,,,0,0,0,,,
190,,20/8/2021,75359 (BUS STOP),flash_flood,,,,,1.374387,103.931479,528764,47,169,38796,1.374445839635235,103.93135209147862,1.3747407000000003,103.9314888,1.373625955841192,103.93097290359783,,,,0,0,0,,,
191,,24/8/2021,DUNEARN ROAD,flash_flood,,,,,1.321188,103.825058,297753,25,150,10269,1.3212049826723287,103.8250632099753,1.3212572,103.824893,1.3210849999999998,103.8254464,,,,0,0,0,,,
192,,30/8/2021,HOUGANG AVENUE 8,flash_flood,,,,,1.373321,103.886366,530583,11,228,27700,1.3731224411491492,103.88663396375814,1.3724361,103.8861061,1.3738096588551105,103.88721672982966,,,,0,0,0,,,
193,,30/8/2021,PUNGGOL WEST FLYOVER,flash_flood,,,,,1.398885,103.896382,543287,20,236,18172,1.3992780553801794,103.89647590615955,1.3990752269654316,103.8973515197318,1.3993142999999997,103.89632420000001,,,,0,0,0,,,
194,,2/9/2021,PUNGGOL WEST FLYOVER,flash_flood,,,,,1.398885,103.896382,543287,20,236,18172,1.3992780553801794,103.89647590615955,1.3990752269654316,103.8973515197318,1.3993142999999997,103.89632420000001,,,,0,0,0,,,
195,,6/9/2021,JURONG EAST STREET 32,flash_flood,,,,,1.346948,103.733825,600314,12,204,34955,1.3469439304037767,103.73381877617429,1.3461154376621314,103.73414873797046,1.3476531763709818,103.73326349015026,,,,0,0,0,,,
196,,23/11/2021,JURONG EAST STREET 32,flash_flood,,,,,1.346948,103.733825,600314,12,204,34955,1.3469439304037767,103.73381877617429,1.3461154376621314,103.73414873797046,1.3476531763709818,103.73326349015026,,,,0,0,0,,,
197,,27/2/2022,BEDOK NORTH FLYOVER,flash_flood,,,,,1.332028,103.920369,460540,1,95,37644,1.3317089409599336,103.92013158992685,1.3321206000000003,103.9197716,1.3317732359370347,103.92093810595092,,,,0,0,0,,,
198,,27/2/2022,REGENT CENTRE,flash_flood,,,,,1.334035,103.899317,408609,53,99,14182,1.3338054952473308,103.89899390633646,1.3330758197730221,103.89952464445238,1.3340795,103.8987993,,,,0,0,0,,,
199,,2/3/2022,209 PUNGGOL PLACE PUNGGOL CREST,flash_flood,,,,,1.398977,103.900937,820209,16,275,18175,1.398771092435395,103.90084063232173,1.3991104000000003,103.9000306,1.3983786412555423,103.90164990737699,,,,0,0,0,,,
200,,2/3/2022,BUANGKOK FLYOVER,flash_flood,,,,,1.37684,103.910119,533952,20,231,38268,1.3765421800212763,103.91045964698392,1.3758120687170095,103.90993204711519,1.377165260220423,103.9111088429924,,,,0,0,0,,,
201,,7/3/2022,SUNGEI TENGAH,flash_flood,,,,,1.398992,103.725111,698986,32,307,36863,1.3999602,103.7278042,1.399985,103.7282445,1.399985,103.7282445,,,,0,0,0,,,
202,,7/3/2022,JURONG EAST ST 32,flash_flood,,,,,1.346948,103.733825,600314,12,204,34955,1.3469439304037767,103.73381877617429,1.3461154376621314,103.73414873797046,1.3476531763709818,103.73326349015026,,,,0,0,0,,,
203,,7/3/2022,ENTERPRISE ROAD,flash_flood,,,,,1.333312,103.705117,629840,13,105,15786,1.3333176629230596,103.70511697636509,1.3333169000000002,103.7055118,1.3333160943275622,103.70421842435795,,,,0,0,0,,,
204,,5/10/2022,LAVENDER MRT,flash_flood,,,,,1.307507,103.862938,208699,22,117,8630,1.3074618144967884,103.86298069051355,1.3079698,103.8635138,1.3068471080412376,103.86232173466657,,,,0,0,0,,,
205,,7/11/2022,BKE EXIT 8,flash_flood,,,,,1.416285,103.770721,738078,28,303,13147,1.4162877943287746,103.77128110767796,1.4153834539585823,103.77128750119726,1.417192146321501,103.7712765959474,,,,0,0,0,,,
206,,12/11/2022,TANAH MERAH MRT,flash_flood,,,,,1.327311,103.946452,465514,1,95,42851,1.3275462451096027,103.94636252630517,1.3272412000000002,103.9455529,1.3278684803460983,103.94720208704784,,,,0,0,0,,,
207,,11/12/2022,BUANGKOK FLYOVER,flash_flood,,,,,1.37684,103.910119,533952,20,231,38268,1.3765421800212763,103.91045964698392,1.3758120687170095,103.90993204711519,1.377165260220423,103.9111088429924,,,,0,0,0,,,
208,,30/3/2023,KRAMAT LANE,flash_flood,,,,,1.300979,103.842274,228750,45,79,5090,1.3014766670972577,103.84241196437863,1.3014582999999997,103.8424817,1.3017287675711953,103.84154909769386,,,,0,0,0,,,
209,,30/3/2023,CAVENAGH ROAD,flash_flood,,,,,1.308095,103.84214,229491,44,74,3438,1.308097862324418,103.84213728866239,1.3074244379584525,103.84154354265236,1.30869004592537,103.84281634184784,,,,0,0,0,,,
210,,20/7/2023,42059 (BUS STOP),flash_flood,,,,,1.336445,103.782762,596288,6,153,20951,1.3363588599842864,103.78273141756655,1.3366369242660878,103.78187639776729,1.3361313000000001,103.7833633,,,,0,0,0,,,
211,,28/11/2023,21229 (BUS STOP),flash_flood,,,,,1.342064,103.71602,648923,13,208,25318,1.3420676978361643,103.71596208605193,1.3425859000000002,103.7159924,1.3411653352127169,103.71595708048771,,,,0,0,0,,,
212,,3/2/2024,DUNEARN ROAD,flash_flood,,,,,1.321188,103.825058,297753,25,150,10269,1.3212049826723287,103.8250632099753,1.3212572,103.824893,1.3210849999999998,103.8254464,,,,0,0,0,,,
213,,14/10/2024,DUNEARN ROAD,flash_flood,,,,,1.321188,103.825058,297753,25,150,10269,1.3212049826723287,103.8250632099753,1.3212572,103.824893,1.3210849999999998,103.8254464,,,,0,0,0,,,
214,"[Risk of Flash Floods]

Due to heavy rain, please avoid this location for the next 1 hour: TPE (Punggol West Flyover) [15:28 hours]",16/11/2024,TPE (Punggol West Flyover),flash_flood_risk,Tampines Expressway Punggol West Flyover,,,Tampines Expressway Punggol West Flyover,1.379707,103.915978,533760,54,229,39450,1.3796475127583732,103.91600815094013,1.3792024806177632,103.91522680245963,1.3800542822780886,103.91681069950428,,,,0,0,0,2025-09-07 06:01:33.360476+00,-1000000000000.0,986.0
215,,29/12/2024,DUNEARN ROAD,flash_flood,,,,,1.321188,103.825058,297753,25,150,10269,1.3212049826723287,103.8250632099753,1.3212572,103.824893,1.3210849999999998,103.8254464,,,,0,0,0,,,
216,"[Risk of Flash Floods]

Due to heavy rain, please avoid this location for the next 1 hour: PIE (towards Changi Airport) after TPE [07:40 hours]",19/3/2025,PIE (towards Changi Airport) after TPE,flash_flood_risk,Pan Island Expressway towards Changi Airport,Tampines Expressway,,Pan Island Expressway towards Changi Airport to Tampines Expressway,1.339305,103.974505,486769,8,298,42952,1.3393049932682124,103.9745049970226,,,,,1.3704809,103.9415043,519961.0,47,169,38723,2025-09-07 06:01:32.600341+00,-1000000000000.0,1114.0
217,"[Risk of Flash Floods]

Due to heavy rain, please avoid this location for the next 1 hour: Mountbatten Road / Jalan Seaview [14:45 hours]",19/3/2025,Mountbatten Road / Jalan Seaview,flash_flood_risk,Mountbatten Road,Jalan Seaview,,Mountbatten Road and Jalan Seaview,1.3028098,103.8996285,439970,39,72,3423,1.3028098,103.8996285,,,,,1.3008882,103.896421,438386.0,39,300,7880,2025-09-07 06:01:32.737076+00,-1000000000000.0,1113.0
218,"[Risk of Flash Floods]

Due to heavy rain, please avoid this location for the next 1 hour: ECP (towards Changi Airport) after Bayshore Rd Exit [13:40 hours]",20/3/2025,ECP (towards Changi Airport) after Bayshore Rd Exit,flash_flood_risk,East Coast Parkway towards Changi Airport,Bayshore Road Slip,,East Coast Parkway towards Changi Airport to Bayshore Road Slip,1.338224,103.980555,819665,8,298,37427,1.3382426082510306,103.98051246154876,,,,,1.312132,103.939068,469986.0,1,136,45531,2025-09-07 06:01:32.277088+00,-1000000000000.0,1120.0
219,"[Risk of Flash Floods]

Due to heavy rain, please avoid this location for the next 1 hour: Mountbatten Road/Jalan Seaview [13:50 hours]",20/3/2025,Mountbatten Road/Jalan Seaview,flash_flood_risk,Mountbatten Road,Jalan Seaview,,Mountbatten Road and Jalan Seaview,1.3028098,103.8996285,439970,39,72,3423,1.3028098,103.8996285,,,,,1.3008882,103.896421,438386.0,39,300,7880,2025-09-07 06:01:32.144474+00,-1000000000000.0,1121.0
220,"[Risk of Flash Floods]

Due to heavy rain, please avoid this location for the next 1 hour: ECP (towards Changi Airport) at Tanah Merah Coast Road Entrance [10:20 hours]",20/3/2025,ECP (towards Changi Airport) at Tanah Merah Coast Road Entrance,flash_flood_risk,East Coast Parkway towards Changi Airport,Tanah Merah Coast Road Entrance,,East Coast Parkway towards Changi Airport to Tanah Merah Coast Road Entrance,1.338224,103.980555,819665,8,298,37427,1.3382426082510306,103.98051246154876,,,,,1.318466,103.984457,498720.0,47,154,45289,2025-09-07 06:01:32.450263+00,-1000000000000.0,1116.0
221,"[Risk of Flash Floods]

Due to heavy rain, please avoid this location for the next 1 hour: Mountbatten Road/Jalan Seaview [01:31 hours]",22/3/2025,Mountbatten Road/Jalan Seaview,flash_flood_risk,Mountbatten Road,Jalan Seaview,,Mountbatten Road and Jalan Seaview,1.3028098,103.8996285,439970,39,72,3423,1.3028098,103.8996285,,,,,1.3008882,103.896421,438386.0,39,300,7880,2025-09-07 06:01:31.96967+00,-1000000000000.0,1123.0
222,"[Risk of Flash Floods]

Due to heavy rain, please avoid this location for the next 1 hour: Thomson Rd (Balestier Rd to Novena Rise) [00:37 hours]",23/3/2025,Thomson Rd (Balestier Rd to Novena Rise),flash_flood_risk,balestier Road,novena rise,Thomson Road,Thomson Road (balestier Road to novena rise),1.3265878,103.8430003,329900,25,175,26155,1.3265878,103.8430003,,,,,1.3242731,103.8429008,307516.0,25,175,26059,2025-09-07 06:01:30.533167+00,-1000000000000.0,1133.0
223,"[Risk of Flash Floods]

Due to heavy rain, please avoid this location for the next 1 hour: Lor Gambir
 [00:29 hours]",23/3/2025,Lor Gambir,flash_flood_risk,Lorong Gambir,,,Lorong Gambir,1.3461999,103.8744676,536652,21,201,32787,1.3461999,103.8744676,1.3461314000000002,103.8748379,1.345903,103.8741313,,,,0,0,0,2025-09-07 06:01:30.900078+00,-1000000000000.0,1131.0
224,"[Risk of Flash Floods]

Due to heavy rain, please avoid this location for the next 1 hour: Puay Hee Ave (near Siak Kew Ave);
Siang Kuang Ave; [00:28 hours]",23/3/2025,"Puay Hee Ave (near Siak Kew Ave);
Siang Kuang Ave;",flash_flood_risk,Puay Hee Avenue near Siak Kew Avenue Siang Kuang Avenue,,,Puay Hee Avenue near Siak Kew Avenue Siang Kuang Avenue,1.366923,103.801292,678278,7,294,23594,1.3741884,103.8114183,1.3741884000000002,103.8114183,1.3750522256306394,103.81115281911804,,,,0,0,0,2025-09-07 06:01:31.046015+00,-1000000000000.0,1130.0
225,"[Risk of Flash Floods]

Due to heavy rain, please avoid this location for the next 1 hour: Macpherson Rd OD (Siang Kuang Ave) [00:33 hours]",23/3/2025,Macpherson Rd OD (Siang Kuang Ave),flash_flood_risk,Macpherson Road OD Siang Kuang Avenue,,,Macpherson Road OD Siang Kuang Avenue,1.329601,103.87201,347973,29,100,23808,1.3296013720558684,103.87200988083212,1.3293176662338475,103.87115675856006,1.3298960488997975,103.87285928311111,,,,0,0,0,2025-09-07 06:01:30.706608+00,-1000000000000.0,1132.0
226,"[Risk of Flash Floods]

Due to heavy rain, please avoid this location for the next 1 hour: Junction of Toa Payoh Lor 1 and Toa Payoh Lor 2
 [00:23 hours]",23/3/2025,Junction of Toa Payoh Lor 1 and Toa Payoh Lor 2,flash_flood_risk,toa payoh Lorong 1,toa payoh Lorong 2,,toa payoh Lorong 1 and toa payoh Lorong 2,1.33961615,103.85337221643714,310001,29,194,36389,1.3400029961904258,103.85360118506536,,,,,1.3325257499999998,103.8473864759364,310157.0,29,96,13883,2025-09-07 06:01:31.351177+00,-1000000000000.0,1128.0
227,"[Risk of Flash Floods]

Due to heavy rain, please avoid this location for the next 1 hour: Langsat Rd (Everitt Rd North to Lor 106 Changi);
Lor 105 Changi; [00:20 hours]",23/3/2025,"Langsat Rd (Everitt Rd North to Lor 106 Changi);
Lor 105 Changi;",flash_flood_risk,everitt Road north,Lorong 106 changi,Langsat Road,Langsat Road (everitt Road north to Lorong 106 changi),1.3168363,103.9013344,419718,53,121,45584,1.3168359943699737,103.9013330144772,,,,,1.3171815,103.9032135,419974.0,53,121,43515,2025-09-07 06:01:31.494353+00,-1000000000000.0,1127.0
228,"[Risk of Flash Floods]

Due to heavy rain, please avoid this location for the next 1 hour: Marine Parade Ctrl;
Marine Parade Rd [00:15 hours]",23/3/2025,"Marine Parade Ctrl;
Marine Parade Rd",flash_flood_risk,Marine Parade Ctrl Marine Parade Road,,,Marine Parade Ctrl Marine Parade Road,1.301396,103.905945,449408,39,143,45672,1.3013762,103.9065952,1.3013762,103.9065952,1.301442,103.9066939,,,,0,0,0,2025-09-07 06:01:31.64662+00,-1000000000000.0,1126.0
229,"[Risk of Flash Floods]

Due to heavy rain, please avoid this location for the next 1 hour: East Coast Rd [00:12 hours]",23/3/2025,East Coast Rd,flash_flood_risk,East Coast Road,,,East Coast Road,1.3065136,103.9057043,428877,39,72,44542,1.3065136,103.9057043,1.306001376985367,103.90496377530529,1.3065135999999997,103.9057043,,,,0,0,0,2025-09-07 06:01:31.806335+00,-1000000000000.0,1125.0
230,"[Risk of Flash Floods]

Due to heavy rain, please avoid this location for the next 1 hour: Upp Paya Lebar Service Rd (Lim Teck Boo Rd to Rochdale Rd);
Jln Lokam (near Upp Paya Lebar Rd);
Thrift Dr (near Jln Usaha); [00:28 hours]",23/3/2025,"Upp Paya Lebar Service Rd (Lim Teck Boo Rd to Rochdale Rd);
Jln Lokam (near Upp Paya Lebar Rd);
Thrift Dr (near Jln Usaha);",flash_flood_risk,lim teck boo Road,rochdale Road,Upper Paya Lebar Service Road,Upper Paya Lebar Service Road (lim teck boo Road to rochdale Road),1.3422987,103.8844939,534878,11,202,33344,1.3422987,103.8844939,,,,,1.3433183,103.8835973,535823.0,11,202,18534,2025-09-07 06:01:31.200378+00,-1000000000000.0,1129.0
231,"[Risk of Flash Floods]

Due to heavy rain, please avoid this location for the next 1 hour: Jln Arif [18:35 hours]",5/4/2025,Jln Arif,flash_flood_risk,Jalan Arif,,,Jalan Arif,1.3683562,103.8828034,545114,11,162,19674,1.3683562,103.8828034,1.3683562,103.88280340000001,1.3680348,103.882736,,,,0,0,0,2025-09-07 06:01:29.973055+00,-1000000000000.0,1142.0
232,"[Risk of Flash Floods]

Due to heavy rain, please avoid this location for the next 1 hour: Junction of Toa Payoh Lor 1 and Toa Payoh Lor 2
 [14:11 hours]",13/4/2025,Junction of Toa Payoh Lor 1 and Toa Payoh Lor 2,flash_flood_risk,toa payoh Lorong 1,toa payoh Lorong 2,,toa payoh Lorong 1 and toa payoh Lorong 2,1.33961615,103.85337221643714,310001,29,194,36389,1.3400029961904258,103.85360118506536,,,,,1.3325257499999998,103.8473864759364,310157.0,29,96,13883,2025-09-07 06:01:28.237661+00,-1000000000000.0,1157.0
234,"[Risk of Flash Floods]

Due to heavy rain, please avoid this location for the next 1 hour: Jln Pokok Serunai [14:15 hours]",13/4/2025,Jln Pokok Serunai,flash_flood_risk,Jalan Pokok Serunai,,,Jalan Pokok Serunai,1.3143531,103.9363658,466433,1,136,44168,1.3143531,103.9363658,1.3134681029975268,103.93655075667553,1.3144068,103.9363546,,,,0,0,0,2025-09-07 06:01:27.646196+00,-1000000000000.0,1161.0
235,"[Risk of Flash Floods]

Due to heavy rain, please avoid this location for the next 1 hour: Bt Timah Rd (Wilby Rd to Blackmore Dr) [14:15 hours]",13/4/2025,Bt Timah Rd (Wilby Rd to Blackmore Dr),flash_flood_risk,wilby Road,blackmore Drive,Bukit Timah Road,Bukit Timah Road (wilby Road to blackmore Drive),1.3302335,103.7876928,275982,6,98,16262,1.3302335,103.7876928,,,,,1.3356733,103.7836073,599987.0,6,98,23267,2025-09-07 06:01:27.778342+00,-1000000000000.0,1160.0
236,"[FLASH FLOOD OCCURRED]  

Flash flood at KPE (Slip Rd to Buangkok East Drive). Please avoid the area. PUB officers have been deployed to render assistance. Issued 1405 hours.",13/4/2025,KPE (Slip Rd to Buangkok East Drive),flash_flood,slip Road,buangkok east drive,Kallang-Paya Lebar Expressway,Kallang-Paya Lebar Expressway (slip Road to buangkok east drive),1.385923,103.7570677,671634,5,247,23016,1.385887782446143,103.75701773886546,,,,,1.3739123,103.9113798,535191.0,54,229,38290,2025-09-07 06:01:27.928562+00,-1000000000000.0,1159.0
237,"[Risk of Flash Floods]

Due to heavy rain, please avoid this location for the next 1 hour: Lor Ong Lye (near Lor Lew Lian) [14:12 hours]",13/4/2025,Lor Ong Lye (near Lor Lew Lian),flash_flood_risk,Lorong Ong Lye near Lorong Lew Lian,,,Lorong Ong Lye near Lorong Lew Lian,1.366923,103.801292,678278,7,294,23594,1.3741884,103.8114183,1.3741884000000002,103.8114183,1.3750522256306394,103.81115281911804,,,,0,0,0,2025-09-07 06:01:28.099047+00,-1000000000000.0,1158.0
238,"[Risk of Flash Floods]

Due to heavy rain, please avoid this location for the next 1 hour: Eng Kong Pl (Greenridge Cres to Eng Kong Gdn) [14:11 hours]",13/4/2025,Eng Kong Pl (Greenridge Cres to Eng Kong Gdn),flash_flood_risk,greenridge Crescent,eng kong gdn,Eng Kong Place,Eng Kong Place (greenridge Crescent to eng kong gdn),1.3336062,103.7662483,598909,6,152,21125,1.3336062,103.7662483,,,,,1.33712705,103.76904268077236,596463.0,6,152,33677,2025-09-07 06:01:28.392465+00,-1000000000000.0,1156.0
240,"[Risk of Flash Floods]

Due to heavy rain, please avoid this location for the next 1 hour: Upp Paya Lebar Service Rd (Lim Teck Boo Rd to Rochdale Rd);
Jln Lokam (near Upp Paya Lebar Rd);
Thrift Dr (near Jln Usaha); [14:03 hours]",13/4/2025,"Upp Paya Lebar Service Rd (Lim Teck Boo Rd to Rochdale Rd);
Jln Lokam (near Upp Paya Lebar Rd);
Thrift Dr (near Jln Usaha);",flash_flood_risk,lim teck boo Road,rochdale Road,Upper Paya Lebar Service Road,Upper Paya Lebar Service Road (lim teck boo Road to rochdale Road),1.3422987,103.8844939,534878,11,202,33344,1.3422987,103.8844939,,,,,1.3433183,103.8835973,535823.0,11,202,18534,2025-09-07 06:01:28.710104+00,-1000000000000.0,1154.0
241,"[FLASH FLOOD OCCURRED]  

Flash flood at Punggol Way (Slip Rd to TPE). Please avoid the area. PUB officers have been deployed to render assistance. Issued 1357 hours.",13/4/2025,Punggol Way (Slip Rd to TPE),flash_flood,slip Road,Tampines Expressway,Punggol Way,Punggol Way (slip Road to Tampines Expressway),1.385923,103.7570677,671634,5,247,23016,1.385887782446143,103.75701773886546,,,,,1.3704809,103.9415043,519961.0,47,169,38723,2025-09-07 06:01:28.549928+00,-1000000000000.0,1155.0
242,"[Risk of Flash Floods]

Due to heavy rain, please avoid this location for the next 1 hour: Yishun Avenue 7 [13:39 hours]",13/4/2025,Yishun Avenue 7,flash_flood_risk,Yishun Avenue 7,,,Yishun Avenue 7,1.4380871,103.8326446,760175,55,316,32992,1.4380871,103.8326446,1.4380871000000002,103.8326446,1.437762805057523,103.83180576432102,,,,0,0,0,2025-09-07 06:01:29.604749+00,-1000000000000.0,1148.0
243,"[Risk of Flash Floods]

Due to heavy rain, please avoid this location for the next 1 hour: Junction of Yishun Ave 2 and Yishun Ave 5 [13:49 hours]",13/4/2025,Junction of Yishun Ave 2 and Yishun Ave 5,flash_flood_risk,yishun Avenue 2,yishun Avenue 5,,yishun Avenue 2 and yishun Avenue 5,1.4371108,103.8337382,760170,55,320,30729,1.4371108,103.8337382,,,,,1.4304259,103.8315094,760145.0,55,316,15461,2025-09-07 06:01:29.455913+00,-1000000000000.0,1149.0
245,"[Risk of Flash Floods]

Due to heavy rain, please avoid this location for the next 1 hour: KPE(ECP) after Buangkok East Dr Exit [13:53 hours]",13/4/2025,KPE(ECP) after Buangkok East Dr Exit,flash_flood_risk,Kallang-Paya Lebar Expressway East Coast Parkway after Buangkok East Drive Slip,,,Kallang-Paya Lebar Expressway East Coast Parkway after Buangkok East Drive Slip,1.375612,103.91004,535191,54,229,38170,1.3756120015575277,103.91004011482438,1.3764459752442861,103.90973624107205,1.374746597805412,103.90980618515734,,,,0,0,0,2025-09-07 06:01:29.155392+00,-1000000000000.0,1151.0
246,"[Risk of Flash Floods]

Due to heavy rain, please avoid this location for the next 1 hour: TPE Slip Rd towards Punggol Rd [13:56 hours]",13/4/2025,TPE Slip Rd towards Punggol Rd,flash_flood_risk,Tampines Expressway Slip Road,Punggol Road,,Tampines Expressway Slip Road to Punggol Road,1.366923,103.801292,678278,7,294,23594,1.3741884,103.8114183,,,,,1.4012946,103.9055736,821296.0,16,275,40885,2025-09-07 06:01:29.010003+00,-1000000000000.0,1152.0
247,"[Risk of Flash Floods]

Due to heavy rain, please avoid this location for the next 1 hour: TPE (Punggol West Flyover) [13:51 hours]",13/4/2025,TPE (Punggol West Flyover),flash_flood_risk,Tampines Expressway Punggol West Flyover,,,Tampines Expressway Punggol West Flyover,1.379707,103.915978,533760,54,229,39450,1.3796475127583732,103.91600815094013,1.3792024806177632,103.91522680245963,1.3800542822780886,103.91681069950428,,,,0,0,0,2025-09-07 06:01:29.308793+00,-1000000000000.0,1150.0
248,"[FLASH FLOOD OCCURRED]  

Flash flood at Yishun Avenue 7. Please avoid the area. PUB officers have been deployed to render assistance. Issued 1350 hours.",13/4/2025,Yishun Avenue 7,flash_flood,Yishun Avenue 7,,,Yishun Avenue 7,1.4380871,103.8326446,760175,55,316,32992,1.4380871,103.8326446,1.4380871000000002,103.8326446,1.437762805057523,103.83180576432102,,,,0,0,0,2025-09-07 06:01:28.861171+00,-1000000000000.0,1153.0
249,"[Risk of Flash Floods]

Due to heavy rain, please avoid this location for the next 1 hour: Yishun Ave 7 (near intersection of Yishun St 22) [16:28 hours]",15/4/2025,Yishun Ave 7 (near intersection of Yishun St 22),flash_flood_risk,Yishun Avenue 7 near intersection of Yishun Street 22,,,Yishun Avenue 7 near intersection of Yishun Street 22,1.366923,103.801292,678278,7,294,23594,1.3741884,103.8114183,1.3741884000000002,103.8114183,1.3750522256306394,103.81115281911804,,,,0,0,0,2025-09-07 06:01:26.926475+00,-1000000000000.0,1167.0
250,"[FLASH FLOOD OCCURRED]  

Flash flood at Yishun Avenue 7 (near intersection of Yishun St 22). Please avoid the area. PUB officers have been deployed to render assistance. Issued 1635 hours.",15/4/2025,Yishun Avenue 7 (near intersection of Yishun St 22),flash_flood,Yishun Avenue 7 near intersection of Yishun Street 22,,,Yishun Avenue 7 near intersection of Yishun Street 22,1.366923,103.801292,678278,7,294,23594,1.3741884,103.8114183,1.3741884000000002,103.8114183,1.3750522256306394,103.81115281911804,,,,0,0,0,2025-09-07 06:01:26.754199+00,-1000000000000.0,1168.0
251,"[Risk of Flash Floods]

Due to heavy rain, please avoid this location for the next 1 hour: TPE (Punggol West Flyover) [16:55 hours]",15/4/2025,TPE (Punggol West Flyover),flash_flood_risk,Tampines Expressway Punggol West Flyover,,,Tampines Expressway Punggol West Flyover,1.379707,103.915978,533760,54,229,39450,1.3796475127583732,103.91600815094013,1.3792024806177632,103.91522680245963,1.3800542822780886,103.91681069950428,,,,0,0,0,2025-09-07 06:01:26.41163+00,-1000000000000.0,1171.0
253,"[Risk of Flash Floods]

Due to heavy rain, please avoid this location for the next 1 hour: Alexandra Rd (opp Alexis Condo) [17:19 hours]",20/4/2025,Alexandra Rd (opp Alexis Condo),flash_flood_risk,Alexandra Road opp Alexis Condo,,,Alexandra Road opp Alexis Condo,1.366923,103.801292,678278,7,294,23594,1.3741884,103.8114183,1.3741884000000002,103.8114183,1.3750522256306394,103.81115281911804,,,,0,0,0,2025-09-07 06:01:23.751587+00,-1000000000000.0,1191.0
254,"[Risk of Flash Floods]

Due to heavy rain, please avoid this location for the next 1 hour: Jln Pokok Serunai [17:19 hours]",20/4/2025,Jln Pokok Serunai,flash_flood_risk,Jalan Pokok Serunai,,,Jalan Pokok Serunai,1.3143531,103.9363658,466433,1,136,44168,1.3143531,103.9363658,1.3134681029975268,103.93655075667553,1.3144068,103.9363546,,,,0,0,0,2025-09-07 06:01:23.620034+00,-1000000000000.0,1192.0
255,"[FLASH FLOOD OCCURRED]  

Flash flood at Kings Rd (between Prince Rd and Lutheran Rd). Please avoid the area. PUB officers have been deployed to render assistance. Issued 17:05 hours.",20/4/2025,Kings Rd (between Prince Rd and Lutheran Rd),flash_flood,prince Road,lutheran Road,Kings Road,Kings Road (prince Road to lutheran Road),1.3209988,103.8095728,266748,6,148,1968,1.3209988,103.8095728,,,,,1.3220164,103.8098766,268070.0,6,148,20441,2025-09-07 06:01:23.442715+00,-1000000000000.0,1193.0
257,"[FLASH FLOOD OCCURRED]

Flash flood at Coronation Walk. Please avoid the area. PUB officers have been deployed to render assistance. Issued 1735 hours.",20/4/2025,Coronation Walk,flash_flood,Coronation Walk,,,Coronation Walk,1.3239188,103.8095468,269212,6,148,30847,1.3239188,103.8095468,1.3243464999999999,103.8098373,1.3231761471026253,103.80903403297481,,,,0,0,0,2025-09-07 06:01:23.121794+00,-1000000000000.0,1195.0
258,"[Risk of Flash Floods]

Due to heavy rain, please avoid this location for the next 1 hour: Junction of Boon Lay Way and Corporation Rd [17:17 hours]",20/4/2025,Junction of Boon Lay Way and Corporation Rd,flash_flood_risk,boon lay way,corporation Road,,boon lay way and corporation Road,1.340203,103.7089227,642697,13,105,25822,1.340203,103.7089227,,,,,1.3308794,103.721094,619978.0,2,147,32257,2025-09-07 06:01:23.897588+00,-1000000000000.0,1190.0
262,"[FLASH FLOOD OCCURRED]

Flash flood at Junction of Stevens Road and Balmoral Road. Please avoid the area. PUB officers have been deployed to render assistance. Issued 1720 hours.",20/4/2025,Junction of Stevens Road and Balmoral Road,flash_flood,stevens road,balmoral road,,stevens road and balmoral road,1.3178998,103.8258621,257892,48,134,11388,1.3178998,103.8258621,,,,,1.3165606,103.8342843,259811.0,44,125,2919,2025-09-07 06:01:23.292945+00,-1000000000000.0,1194.0
263,"[Risk of Flash Floods]

Due to heavy rain, please avoid this location for the next 1 hour: KG Java Rd (Newton Circus to CTE) [17:15 hours]",20/4/2025,KG Java Rd (Newton Circus to CTE),flash_flood_risk,newton circus,Central Expressway,Kampong Java Road,Kampong Java Road (newton circus to Central Expressway),1.312812,103.8390316,228234,44,108,928,1.3128814487099612,103.83909545397367,,,,,1.321741,103.856535,320095.0,22,174,14313,2025-09-07 06:01:24.044056+00,-1000000000000.0,1189.0
264,"[Risk of Flash Floods]

Due to heavy rain, please avoid this location for the next 1 hour: Cambridge Rd;
Carlisle Rd; [17:12 hours]",20/4/2025,"Cambridge Rd;
Carlisle Rd;",flash_flood_risk,Cambridge Road Carlisle Road,,,Cambridge Road Carlisle Road,1.313642,103.848075,219606,22,129,3478,1.313642073928617,103.84807494163361,1.3139885,103.8485057,1.3132997,103.8476412,,,,0,0,0,2025-09-07 06:01:24.658318+00,-1000000000000.0,1185.0
265,"[FLASH FLOOD OCCURRED]  

Flash flood at Bt Timah Rd (between Clementi Rd and Blackmore Dr). Please avoid the area. PUB officers have been deployed to render assistance. Issued 17:05 hours.",20/4/2025,Bt Timah Rd (between Clementi Rd and Blackmore Dr),flash_flood,clementi Road,blackmore Drive,Bukit Timah Road,Bukit Timah Road (clementi Road to blackmore Drive),1.3268641,103.7757811,599477,6,152,36537,1.3268641,103.7757811,,,,,1.3356733,103.7836073,599987.0,6,98,23267,2025-09-07 06:01:24.360606+00,-1000000000000.0,1187.0
266,"[Risk of Flash Floods]

Due to heavy rain, please avoid this location for the next 1 hour: Orchard Rd (Paterson Rd to Mt Elizabeth) [17:13 hours]",20/4/2025,Orchard Rd (Paterson Rd to Mt Elizabeth),flash_flood_risk,paterson Road,mt elizabeth,Orchard Road,Orchard Road (paterson Road to mt elizabeth),1.3019737,103.8297013,238520,34,49,10981,1.3019737,103.8297013,,,,,1.3048854,103.8358774,229920.0,44,56,6948,2025-09-07 06:01:24.518153+00,-1000000000000.0,1186.0
267,"[Risk of Flash Floods]

Due to heavy rain, please avoid this location for the next 1 hour: Junction of Sunset Dr and Sunset Way Rd [17:06 hours]",20/4/2025,Junction of Sunset Dr and Sunset Way Rd,flash_flood_risk,sunset Drive,sunset way Road,,sunset Drive and sunset way Road,1.3255969,103.7665223,597299,10,151,17622,1.3255969,103.7665223,,,,,1.3139784,103.8871279,389509.0,53,301,2178,2025-09-07 06:01:24.82009+00,-1000000000000.0,1184.0
268,"[Risk of Flash Floods]

Due to heavy rain, please avoid this location for the next 1 hour: Thomson Rd (Balestier Rd to Novena Rise) [17:02 hours]",20/4/2025,Thomson Rd (Balestier Rd to Novena Rise),flash_flood_risk,balestier Road,novena rise,Thomson Road,Thomson Road (balestier Road to novena rise),1.3265878,103.8430003,329900,25,175,26155,1.3265878,103.8430003,,,,,1.3242731,103.8429008,307516.0,25,175,26059,2025-09-07 06:01:25.170781+00,-1000000000000.0,1182.0
269,"[Risk of Flash Floods]

Due to heavy rain, please avoid this location for the next 1 hour: Junction of Toa Payoh Lor 1 and Toa Payoh Lor 2
 [17:00 hours]",20/4/2025,Junction of Toa Payoh Lor 1 and Toa Payoh Lor 2,flash_flood_risk,toa payoh Lorong 1,toa payoh Lorong 2,,toa payoh Lorong 1 and toa payoh Lorong 2,1.33961615,103.85337221643714,310001,29,194,36389,1.3400029961904258,103.85360118506536,,,,,1.3325257499999998,103.8473864759364,310157.0,29,96,13883,2025-09-07 06:01:25.305322+00,-1000000000000.0,1181.0
270,"[Risk of Flash Floods]

Due to heavy rain, please avoid this location for the next 1 hour: Junction of Lor Kismis and Toh Tuck Rise [17:00 hours]",20/4/2025,Junction of Lor Kismis and Toh Tuck Rise,flash_flood_risk,Lorong kismis,toh tuck rise,,Lorong kismis and toh tuck rise,1.3380857,103.7704357,596490,6,152,20966,1.3380857,103.7704357,,,,,1.3366283,103.7645733,598098.0,6,152,22761,2025-09-07 06:01:25.43178+00,-1000000000000.0,1180.0
271,"[Risk of Flash Floods]

Due to heavy rain, please avoid this location for the next 1 hour: Eng Kong Pl (Greenridge Cres to Eng Kong Gdn) [16:56 hours]",20/4/2025,Eng Kong Pl (Greenridge Cres to Eng Kong Gdn),flash_flood_risk,greenridge Crescent,eng kong gdn,Eng Kong Place,Eng Kong Place (greenridge Crescent to eng kong gdn),1.3336062,103.7662483,598909,6,152,21125,1.3336062,103.7662483,,,,,1.33712705,103.76904268077236,596463.0,6,152,33677,2025-09-07 06:01:25.599428+00,-1000000000000.0,1179.0
272,"[Risk of Flash Floods]

Due to heavy rain, please avoid this location for the next 1 hour: Upp Paya Lebar Service Rd (Lim Teck Boo Rd to Rochdale Rd);
Jln Lokam (near Upp Paya Lebar Rd);
Thrift Dr (near Jln Usaha); [16:48 hours]",20/4/2025,"Upp Paya Lebar Service Rd (Lim Teck Boo Rd to Rochdale Rd);
Jln Lokam (near Upp Paya Lebar Rd);
Thrift Dr (near Jln Usaha);",flash_flood_risk,lim teck boo Road,rochdale Road,Upper Paya Lebar Service Road,Upper Paya Lebar Service Road (lim teck boo Road to rochdale Road),1.3422987,103.8844939,534878,11,202,33344,1.3422987,103.8844939,,,,,1.3433183,103.8835973,535823.0,11,202,18534,2025-09-07 06:01:25.746917+00,-1000000000000.0,1178.0
273,"[Risk of Flash Floods]

Due to heavy rain, please avoid this location for the next 1 hour: KPE(ECP) after Buangkok East Dr Exit [16:36 hours]",20/4/2025,KPE(ECP) after Buangkok East Dr Exit,flash_flood_risk,Kallang-Paya Lebar Expressway East Coast Parkway after Buangkok East Drive Slip,,,Kallang-Paya Lebar Expressway East Coast Parkway after Buangkok East Drive Slip,1.375612,103.91004,535191,54,229,38170,1.3756120015575277,103.91004011482438,1.3764459752442861,103.90973624107205,1.374746597805412,103.90980618515734,,,,0,0,0,2025-09-07 06:01:25.903751+00,-1000000000000.0,1177.0
274,"[Risk of Flash Floods]

Due to heavy rain, please avoid this location for the next 1 hour: Junction of Stevens Rd and Balmoral Rd [17:14 hours]",20/4/2025,Junction of Stevens Rd and Balmoral Rd,flash_flood_risk,stevens Road,balmoral Road,,stevens Road and balmoral Road,1.3178998,103.8258621,257892,48,134,11388,1.3178998,103.8258621,,,,,1.3165606,103.8342843,259811.0,44,125,2919,2025-09-07 06:01:24.19596+00,-1000000000000.0,1188.0
275,"[Risk of Flash Floods]

Due to heavy rain, please avoid this location for the next 1 hour: Hillcrest Rd (Watten Rise to Dunearn Rd) [17:02 hours]",20/4/2025,Hillcrest Rd (Watten Rise to Dunearn Rd),flash_flood_risk,watten rise,dunearn Road,Hillcrest Road,Hillcrest Road (watten rise to dunearn Road),1.3285739,103.8094744,287367,6,191,34688,1.3285739,103.8094744,,,,,1.332195,103.7947496,279886.0,6,153,24035,2025-09-07 06:01:25.028666+00,-1000000000000.0,1183.0
277,"[FLASH FLOOD OCCURRED]  

Flash flood at Yishun Ave 7 (near intersection of Yishun St 22). Please avoid the area. PUB officers have been deployed to render assistance. Issued 15:30 hours.",21/4/2025,Yishun Ave 7 (near intersection of Yishun St 22),flash_flood,Yishun Avenue 7 near intersection of Yishun Street 22,,,Yishun Avenue 7 near intersection of Yishun Street 22,1.366923,103.801292,678278,7,294,23594,1.3741884,103.8114183,1.3741884000000002,103.8114183,1.3750522256306394,103.81115281911804,,,,0,0,0,2025-09-07 06:01:22.161563+00,-1000000000000.0,1203.0
278,"[Risk of Flash Floods]

Due to heavy rain, please avoid this location for the next 1 hour: Yishun Ave 7 (near intersection of Yishun St 22) [15:18 hours]",21/4/2025,Yishun Ave 7 (near intersection of Yishun St 22),flash_flood_risk,Yishun Avenue 7 near intersection of Yishun Street 22,,,Yishun Avenue 7 near intersection of Yishun Street 22,1.366923,103.801292,678278,7,294,23594,1.3741884,103.8114183,1.3741884000000002,103.8114183,1.3750522256306394,103.81115281911804,,,,0,0,0,2025-09-07 06:01:22.298863+00,-1000000000000.0,1201.0
279,"[Risk of Flash Floods] 

Due to heavy rain, please avoid this location for the next 1 hour: Riverside Road (near Junction of Riverside Road and Admiralty Road) [Issued 14:40 hours]",26/4/2025,Riverside Road (near Junction of Riverside Road and Admiralty Road),flash_flood_risk,junction of riverside road,admiralty road,Riverside Road,Riverside Road (junction of riverside road and admiralty road),1.366923,103.801292,678278,7,294,23594,1.3741884,103.8114183,,,,,1.4418389,103.775189,739297.0,33,322,15066,2025-09-07 06:01:21.627786+00,-1000000000000.0,1208.0
280,"[Risk of Flash Floods]

Due to heavy rain, please avoid this location for the next 1 hour: Choa Chu Kang Ave 1 (towards Choa Chu Kang Way, Choa Chu kang Dr to Teck Whye Lane) [17:47 hours]",29/4/2025,"Choa Chu Kang Ave 1 (towards Choa Chu Kang Way, Choa Chu kang Dr to Teck Whye Lane)",flash_flood_risk,"towards choa chu kang way, choa chu kang Drive",teck whye lane,Choa Chu Kang Avenue 1,"Choa Chu Kang Avenue 1 (towards choa chu kang way, choa chu kang Drive to teck whye lane)",1.397513,103.747745,680637,9,241,30320,1.3975131015384608,103.7477446276923,,,,,1.3769504,103.7547497,680102.0,9,244,32142,2025-09-07 06:01:21.12128+00,-1000000000000.0,1211.0
281,"[Risk of Flash Floods]

Due to heavy rain, please avoid this location for the next 1 hour: KJE Slip Rd (KJE to Woodlands Rd, towards Senja Way) [17:48 hours]",29/4/2025,"KJE Slip Rd (KJE to Woodlands Rd, towards Senja Way)",flash_flood_risk,Kranji Expressway Slip Road Kranji Expressway to Woodlands Road,Senja Way,,Kranji Expressway Slip Road Kranji Expressway to Woodlands Road to Senja Way,1.366923,103.801292,678278,7,294,23594,1.3741884,103.8114183,,,,,1.3838523,103.7589849,672632.0,5,247,27284,2025-09-07 06:01:20.955469+00,-1000000000000.0,1212.0
282,"[Risk of Flash Floods]

Due to heavy rain, please avoid this location for the next 1 hour: Junction of Toa Payoh Lor 1 and Toa Payoh Lor 2
 [17:15 hours]",30/4/2025,Junction of Toa Payoh Lor 1 and Toa Payoh Lor 2,flash_flood_risk,toa payoh Lorong 1,toa payoh Lorong 2,,toa payoh Lorong 1 and toa payoh Lorong 2,1.33961615,103.85337221643714,310001,29,194,36389,1.3400029961904258,103.85360118506536,,,,,1.3325257499999998,103.8473864759364,310157.0,29,96,13883,2025-09-07 06:01:20.795595+00,-1000000000000.0,1215.0
283,"[Risk of Flash Floods]

Due to heavy rain, please avoid this location for the next 1 hour: Junction of Toa Payoh Lor 1 and Toa Payoh Lor 2
 [15:52 hours]",1/5/2025,Junction of Toa Payoh Lor 1 and Toa Payoh Lor 2,flash_flood_risk,toa payoh Lorong 1,toa payoh Lorong 2,,toa payoh Lorong 1 and toa payoh Lorong 2,1.33961615,103.85337221643714,310001,29,194,36389,1.3400029961904258,103.85360118506536,,,,,1.3325257499999998,103.8473864759364,310157.0,29,96,13883,2025-09-07 06:01:20.631853+00,-1000000000000.0,1217.0
284,"[Risk of Flash Floods]

Due to heavy rain, please avoid this location for the next 1 hour: Lor Gambir
 [16:08 hours]",1/5/2025,Lor Gambir,flash_flood_risk,Lorong Gambir,,,Lorong Gambir,1.3461999,103.8744676,536652,21,201,32787,1.3461999,103.8744676,1.3461314000000002,103.8748379,1.345903,103.8741313,,,,0,0,0,2025-09-07 06:01:20.495395+00,-1000000000000.0,1218.0
285,"[Risk of Flash Floods]

Due to heavy rain, please avoid this location for the next 1 hour: Upp Paya Lebar Service Rd (Lim Teck Boo Rd to Rochdale Rd);
Jln Lokam (near Upp Paya Lebar Rd);
Thrift Dr (near Jln Usaha); [08:12 hours]",3/5/2025,"Upp Paya Lebar Service Rd (Lim Teck Boo Rd to Rochdale Rd);
Jln Lokam (near Upp Paya Lebar Rd);
Thrift Dr (near Jln Usaha);",flash_flood_risk,lim teck boo Road,rochdale Road,Upper Paya Lebar Service Road,Upper Paya Lebar Service Road (lim teck boo Road to rochdale Road),1.3422987,103.8844939,534878,11,202,33344,1.3422987,103.8844939,,,,,1.3433183,103.8835973,535823.0,11,202,18534,2025-09-07 06:01:20.141404+00,-1000000000000.0,1221.0
288,"[FLASH FLOOD OCCURRED]  

Flash flood at Woollerton Drive. Please avoid the area. PUB officers have been deployed to render assistance. Issued 1405 hours.",5/5/2025,Woollerton Drive,flash_flood,Woollerton Drive,,,Woollerton Drive,1.3174547,103.8099872,257555,48,139,3787,1.3174547,103.8099872,1.3174547,103.8099872,1.3166623452569872,103.80955423273376,,,,0,0,0,2025-09-07 06:01:19.10322+00,-1000000000000.0,1230.0
289,"[FLASH FLOOD OCCURRED]  

Flash flood at King's Road (from Prince Road to Lutheran Road). Please avoid the area. PUB officers have been deployed to render assistance. Issued 1400 hours.",5/5/2025,King's Road (from Prince Road to Lutheran Road),flash_flood,prince road,lutheran road,King s Road,King s Road (prince road to lutheran road),1.3209988,103.8095728,266748,6,148,1968,1.3209988,103.8095728,,,,,1.3220164,103.8098766,268070.0,6,148,20441,2025-09-07 06:01:19.260518+00,-1000000000000.0,1229.0
290,"[Risk of Flash Floods]

Due to heavy rain, please avoid this location for the next 1 hour: Woollerton Drive [Issued 13:58 hours]",5/5/2025,Woollerton Drive,flash_flood_risk,Woollerton Drive,,,Woollerton Drive,1.3174547,103.8099872,257555,48,139,3787,1.3174547,103.8099872,1.3174547,103.8099872,1.3166623452569872,103.80955423273376,,,,0,0,0,2025-09-07 06:01:19.431314+00,-1000000000000.0,1227.0
291,"[Risk of Flash Floods]

Due to heavy rain, please avoid this location for the next 1 hour: Queen's Rd [13:56 hours]",5/5/2025,Queen's Rd,flash_flood_risk,Queen s Road,,,Queen s Road,1.3217094,103.8102837,267746,6,148,16556,1.3217094,103.8102837,1.3216654,103.8102445,1.3223738801602989,103.81089322385132,,,,0,0,0,2025-09-07 06:01:19.584252+00,-1000000000000.0,1226.0
292,"[Risk of Flash Floods]

Due to heavy rain, please avoid this location for the next 1 hour: Kings Road (from Prince Road to Lutheran Rd) [Issued 13:20 hours]",5/5/2025,Kings Road (from Prince Road to Lutheran Rd),flash_flood_risk,prince road,lutheran Road,Kings Road,Kings Road (prince road to lutheran Road),1.3209988,103.8095728,266748,6,148,1968,1.3209988,103.8095728,,,,,1.3220164,103.8098766,268070.0,6,148,20441,2025-09-07 06:01:19.750665+00,-1000000000000.0,1225.0
293,"[Risk of Flash Floods]

Due to heavy rain, please avoid this location for the next 1 hour: Margaret Drive [Issued 13:12 hours]",5/5/2025,Margaret Drive,flash_flood_risk,Margaret Drive,,,Margaret Drive,1.3001247,103.8030061,149312,17,86,1682,1.3001247,103.8030061,1.2997655,103.8034002,1.300772753017577,103.80238003277469,,,,0,0,0,2025-09-07 06:01:19.976298+00,-1000000000000.0,1223.0
294,"[Risk of Flash Floods] 

Due to heavy rain, please avoid this location for the next 1 hour: Jln Boon Lay (Enterprise Rd to International Rd) [Issued 07:30 hours]",7/5/2025,Jln Boon Lay (Enterprise Rd to International Rd),flash_flood_risk,enterprise Road,international Road,Jalan Boon Lay,Jalan Boon Lay (enterprise Road to international Road),1.3333182,103.7026361,627667,13,105,15789,1.3333182,103.7026361,,,,,1.3303924,103.716687,618680.0,13,193,15739,2025-09-07 06:01:18.627876+00,-1000000000000.0,1233.0
295,"[Risk of Flash Floods]

Due to heavy rain, please avoid this location for the next 1 hour: Lor H Telok Kurau (cul-de-sac);
Joo Chiat Ave(cul-de-sac) [04:18 hours]",10/5/2025,"Lor H Telok Kurau (cul-de-sac);
Joo Chiat Ave(cul-de-sac)",flash_flood_risk,Lorong H Telok Kurau cul-de-sac Joo Chiat Avenue cul-de-sac,,,Lorong H Telok Kurau cul-de-sac Joo Chiat Avenue cul-de-sac,1.366923,103.801292,678278,7,294,23594,1.3741884,103.8114183,1.3741884000000002,103.8114183,1.3750522256306394,103.81115281911804,,,,0,0,0,2025-09-07 06:01:16.003534+00,-1000000000000.0,1250.0
296,"[Risk of Flash Floods]

Due to heavy rain, please avoid this location for the next 1 hour: KG Java Rd (Newton Circus to CTE) [04:08 hours]",10/5/2025,KG Java Rd (Newton Circus to CTE),flash_flood_risk,newton circus,Central Expressway,Kampong Java Road,Kampong Java Road (newton circus to Central Expressway),1.312812,103.8390316,228234,44,108,928,1.3128814487099612,103.83909545397367,,,,,1.321741,103.856535,320095.0,22,174,14313,2025-09-07 06:01:16.303398+00,-1000000000000.0,1248.0
297,"[Risk of Flash Floods]

Due to heavy rain, please avoid this location for the next 1 hour: East Coast Rd [04:07 hours]",10/5/2025,East Coast Rd,flash_flood_risk,East Coast Road,,,East Coast Road,1.3065136,103.9057043,428877,39,72,44542,1.3065136,103.9057043,1.306001376985367,103.90496377530529,1.3065135999999997,103.9057043,,,,0,0,0,2025-09-07 06:01:16.447164+00,-1000000000000.0,1247.0
298,"[Risk of Flash Floods]

Due to heavy rain, please avoid this location for the next 1 hour: Puay Hee Ave (near Siak Kew Ave);
 [04:04 hours]",10/5/2025,Puay Hee Ave (near Siak Kew Ave);,flash_flood_risk,Puay Hee Avenue near Siak Kew Avenue,,,Puay Hee Avenue near Siak Kew Avenue,1.330209,103.871778,348072,29,100,22419,1.3302089558415122,103.87177801460993,1.3300113,103.8711806,1.3305011290815614,103.8726283558452,,,,0,0,0,2025-09-07 06:01:16.611537+00,-1000000000000.0,1246.0
299,"[Risk of Flash Floods]

Due to heavy rain, please avoid this location for the next 1 hour: Cambridge Rd;
Carlisle Rd; [04:03 hours]",10/5/2025,"Cambridge Rd;
Carlisle Rd;",flash_flood_risk,Cambridge Road Carlisle Road,,,Cambridge Road Carlisle Road,1.313642,103.848075,219606,22,129,3478,1.313642073928617,103.84807494163361,1.3139885,103.8485057,1.3132997,103.8476412,,,,0,0,0,2025-09-07 06:01:16.790262+00,-1000000000000.0,1245.0
300,"[Risk of Flash Floods]

Due to heavy rain, please avoid this location for the next 1 hour: Orchard Rd (Paterson Rd to Mt Elizabeth) [03:59 hours]",10/5/2025,Orchard Rd (Paterson Rd to Mt Elizabeth),flash_flood_risk,paterson Road,mt elizabeth,Orchard Road,Orchard Road (paterson Road to mt elizabeth),1.3019737,103.8297013,238520,34,49,10981,1.3019737,103.8297013,,,,,1.3048854,103.8358774,229920.0,44,56,6948,2025-09-07 06:01:16.969494+00,-1000000000000.0,1244.0
301,"[Risk of Flash Floods]

Due to heavy rain, please avoid this location for the next 1 hour: Mountbatten Rd leading to Jln Seaview [04:10 hours]",10/5/2025,Mountbatten Rd leading to Jln Seaview,flash_flood_risk,Mountbatten Road,Jalan Seaview,,Mountbatten Road to Jalan Seaview,1.3028098,103.8996285,439970,39,72,3423,1.3028098,103.8996285,,,,,1.3008882,103.896421,438386.0,39,300,7880,2025-09-07 06:01:16.159226+00,-1000000000000.0,1249.0
302,"[Risk of Flash Floods]

Due to heavy rain, please avoid this location for the next 1 hour: Junction of Toa Payoh Lor 1 and Toa Payoh Lor 2
 [03:56 hours]",10/5/2025,Junction of Toa Payoh Lor 1 and Toa Payoh Lor 2,flash_flood_risk,toa payoh Lorong 1,toa payoh Lorong 2,,toa payoh Lorong 1 and toa payoh Lorong 2,1.33961615,103.85337221643714,310001,29,194,36389,1.3400029961904258,103.85360118506536,,,,,1.3325257499999998,103.8473864759364,310157.0,29,96,13883,2025-09-07 06:01:17.341161+00,-1000000000000.0,1242.0
303,"[Risk of Flash Floods]

Due to heavy rain, please avoid this location for the next 1 hour: Aljunied Rd under PIE Flyover [03:56 hours]",10/5/2025,Aljunied Rd under PIE Flyover,flash_flood_risk,Aljunied Road under Pan Island Expressway Flyover,,,Aljunied Road under Pan Island Expressway Flyover,1.366923,103.801292,678278,7,294,23594,1.3741884,103.8114183,1.3741884000000002,103.8114183,1.3750522256306394,103.81115281911804,,,,0,0,0,2025-09-07 06:01:17.494591+00,-1000000000000.0,1241.0
304,"[Risk of Flash Floods]

Due to heavy rain, please avoid this location for the next 1 hour: Lor Gambir
 [03:54 hours]",10/5/2025,Lor Gambir,flash_flood_risk,Lorong Gambir,,,Lorong Gambir,1.3461999,103.8744676,536652,21,201,32787,1.3461999,103.8744676,1.3461314000000002,103.8748379,1.345903,103.8741313,,,,0,0,0,2025-09-07 06:01:17.674633+00,-1000000000000.0,1240.0
305,"[Risk of Flash Floods]

Due to heavy rain, please avoid this location for the next 1 hour: Junction of Neo Pee Teck Lane and Pasir Panjang Rd [03:51 hours]",10/5/2025,Junction of Neo Pee Teck Lane and Pasir Panjang Rd,flash_flood_risk,neo pee teck lane,pasir panjang Road,,neo pee teck lane and pasir panjang Road,1.2920468,103.7685915,118759,17,25,4546,1.2920468,103.7685915,,,,,1.2784095,103.7859948,118135.0,17,44,10564,2025-09-07 06:01:17.890579+00,-1000000000000.0,1239.0
306,"[Risk of Flash Floods]

Due to heavy rain, please avoid this location for the next 1 hour: Thomson Rd (Balestier Rd to Novena Rise) [03:50 hours]",10/5/2025,Thomson Rd (Balestier Rd to Novena Rise),flash_flood_risk,balestier Road,novena rise,Thomson Road,Thomson Road (balestier Road to novena rise),1.3265878,103.8430003,329900,25,175,26155,1.3265878,103.8430003,,,,,1.3242731,103.8429008,307516.0,25,175,26059,2025-09-07 06:01:18.058482+00,-1000000000000.0,1238.0
307,"[Risk of Flash Floods]

Due to heavy rain, please avoid this location for the next 1 hour: Jln Boon Lay (Enterprise Rd to International Rd) [03:43 hours]",10/5/2025,Jln Boon Lay (Enterprise Rd to International Rd),flash_flood_risk,enterprise Road,international Road,Jalan Boon Lay,Jalan Boon Lay (enterprise Road to international Road),1.3333182,103.7026361,627667,13,105,15789,1.3333182,103.7026361,,,,,1.3303924,103.716687,618680.0,13,193,15739,2025-09-07 06:01:18.264161+00,-1000000000000.0,1237.0
308,"[Risk of Flash Floods]

Due to heavy rain, please avoid this location for the next 1 hour: Lor Gambir
 [03:42 hours]",10/5/2025,Lor Gambir,flash_flood_risk,Lorong Gambir,,,Lorong Gambir,1.3461999,103.8744676,536652,21,201,32787,1.3461999,103.8744676,1.3461314000000002,103.8748379,1.345903,103.8741313,,,,0,0,0,2025-09-07 06:01:18.440108+00,-1000000000000.0,1236.0
309,"[Risk of Flash Floods]

Due to heavy rain, please avoid this location for the next 1 hour: Queen's Rd [03:57 hours]",10/5/2025,Queen's Rd,flash_flood_risk,Queen s Road,,,Queen s Road,1.3217094,103.8102837,267746,6,148,16556,1.3217094,103.8102837,1.3216654,103.8102445,1.3223738801602989,103.81089322385132,,,,0,0,0,2025-09-07 06:01:17.153355+00,-1000000000000.0,1243.0
310,"[Risk of Flash Floods]

Due to heavy rain, please avoid this location for the next 1 hour: Jln Boon Lay (Enterprise Rd to International Rd) [11:29 hours]",18/5/2025,Jln Boon Lay (Enterprise Rd to International Rd),flash_flood_risk,enterprise Road,international Road,Jalan Boon Lay,Jalan Boon Lay (enterprise Road to international Road),1.3333182,103.7026361,627667,13,105,15789,1.3333182,103.7026361,,,,,1.3303924,103.716687,618680.0,13,193,15739,2025-09-07 06:01:15.81889+00,-1000000000000.0,1254.0
311,"[Risk of Flash Floods]

Due to heavy rain, please avoid this location for the next 1 hour: Dunearn Rd (Yarwood Ave to Binjai Pk) [12:15 hours]",18/5/2025,Dunearn Rd (Yarwood Ave to Binjai Pk),flash_flood_risk,yarwood Avenue,binjai Park,Dunearn Road,Dunearn Road (yarwood Avenue to binjai Park),1.3375703,103.7839724,588035,6,153,25049,1.3375703,103.7839724,,,,,1.3404925,103.787472,589871.0,6,153,25614,2025-09-07 06:01:15.68491+00,-1000000000000.0,1255.0
312,"[Risk of Flash Floods]

Due to heavy rain, please avoid this location for the next 1 hour: Craig Rd (Duxton Rd to TG Pagar Rd) [03:46 hours]",7/6/2025,Craig Rd (Duxton Rd to TG Pagar Rd),flash_flood_risk,duxton Road,tg pagar Road,Craig Road,Craig Road (duxton Road to tg pagar Road),1.2775364,103.8429301,89667,46,3,9789,1.2775364,103.8429301,,,,,1.278193,103.843765,88474.0,46,3,10016,2025-09-07 06:01:15.48716+00,-1000000000000.0,1258.0
313,"[Risk of Flash Floods]

Due to heavy rain, please avoid this location for the next 1 hour: Lor Gambir
 [03:55 hours]",7/6/2025,Lor Gambir,flash_flood_risk,Lorong Gambir,,,Lorong Gambir,1.3461999,103.8744676,536652,21,201,32787,1.3461999,103.8744676,1.3461314000000002,103.8748379,1.345903,103.8741313,,,,0,0,0,2025-09-07 06:01:15.333726+00,-1000000000000.0,1259.0
314,"[Risk of Flash Floods]

Due to heavy rain, please avoid this location for the next 1 hour: Rowell Rd;
Syed Alwi Rd;
Jln Besar Rd (Veerasamy Rd to Kitchener Rd);
Veerasamy Rd;
Kg Kapor Rd (Hindoo Rd to Kitchener Rd); [03:56 hours]",7/6/2025,"Rowell Rd;
Syed Alwi Rd;
Jln Besar Rd (Veerasamy Rd to Kitchener Rd);
Veerasamy Rd;
Kg Kapor Rd (Hindoo Rd to Kitchener Rd);",flash_flood_risk,veerasamy Road,kitchener Road,Rowell Road Syed Alwi Road Jalan Besar Road,Rowell Road Syed Alwi Road Jalan Besar Road (veerasamy Road to kitchener Road),1.3069003,103.8551773,200637,35,75,11379,1.3069003,103.8551773,,,,,1.3099242,103.8571424,208524.0,22,117,483,2025-09-07 06:01:15.176919+00,-1000000000000.0,1260.0
315,"[Risk of Flash Floods]

Due to heavy rain, please avoid this location for the next 1 hour: Upp Paya Lebar Service Rd (Lim Teck Boo Rd to Rochdale Rd);
Jln Lokam (near Upp Paya Lebar Rd);
Thrift Dr (near Jln Usaha); [04:00 hours]",7/6/2025,"Upp Paya Lebar Service Rd (Lim Teck Boo Rd to Rochdale Rd);
Jln Lokam (near Upp Paya Lebar Rd);
Thrift Dr (near Jln Usaha);",flash_flood_risk,lim teck boo Road,rochdale Road,Upper Paya Lebar Service Road,Upper Paya Lebar Service Road (lim teck boo Road to rochdale Road),1.3422987,103.8844939,534878,11,202,33344,1.3422987,103.8844939,,,,,1.3433183,103.8835973,535823.0,11,202,18534,2025-09-07 06:01:15.003515+00,-1000000000000.0,1261.0
316,"[Risk of Flash Floods]

Due to heavy rain, please avoid this location for the next 1 hour: Jln Pokok Serunai [04:09 hours]",7/6/2025,Jln Pokok Serunai,flash_flood_risk,Jalan Pokok Serunai,,,Jalan Pokok Serunai,1.3143531,103.9363658,466433,1,136,44168,1.3143531,103.9363658,1.3134681029975268,103.93655075667553,1.3144068,103.9363546,,,,0,0,0,2025-09-07 06:01:14.834517+00,-1000000000000.0,1262.0
317,"[Risk of Flash Floods] 

Due to heavy rain, please avoid this location for the next 1 hour: Riverside Road (near Junction of Riverside Road and Admiralty Road).",28/6/2025,Riverside Road (near Junction of Riverside Road and Admiralty Road).,flash_flood_risk,junction of riverside road,admiralty road,Riverside Road,Riverside Road (junction of riverside road and admiralty road),1.366923,103.801292,678278,7,294,23594,1.3741884,103.8114183,,,,,1.4418389,103.775189,739297.0,33,322,15066,2025-09-07 06:01:14.467614+00,-1000000000000.0,1268.0
318,"[Risk of Flash Floods]

Due to heavy rain, please avoid this location for the next 1 hour: Jln Pokok Serunai [17:51 hours]",4/7/2025,Jln Pokok Serunai,flash_flood_risk,Jalan Pokok Serunai,,,Jalan Pokok Serunai,1.3143531,103.9363658,466433,1,136,44168,1.3143531,103.9363658,1.3134681029975268,103.93655075667553,1.3144068,103.9363546,,,,0,0,0,2025-09-07 06:01:13.734416+00,-1000000000000.0,1274.0
319,"[Risk of Flash Floods]

Due to heavy rain, please avoid this location for the next 1 hour: Lor Gambir
 [17:23 hours]",4/7/2025,Lor Gambir,flash_flood_risk,Lorong Gambir,,,Lorong Gambir,1.3461999,103.8744676,536652,21,201,32787,1.3461999,103.8744676,1.3461314000000002,103.8748379,1.345903,103.8741313,,,,0,0,0,2025-09-07 06:01:14.094576+00,-1000000000000.0,1272.0
320,"[Risk of Flash Floods]

Due to heavy rain, please avoid this location for the next 1 hour: Lor Gambir
 [17:51 hours]",4/7/2025,Lor Gambir,flash_flood_risk,Lorong Gambir,,,Lorong Gambir,1.3461999,103.8744676,536652,21,201,32787,1.3461999,103.8744676,1.3461314000000002,103.8748379,1.345903,103.8741313,,,,0,0,0,2025-09-07 06:01:13.926913+00,-1000000000000.0,1273.0
321,"[Risk of Flash Floods]

Due to heavy rain, please avoid this location for the next 1 hour:   Dunearn Road (between Yarwood Ave and Binjai Park)[Issued 08:13hours]",9/7/2025,Dunearn Road (between Yarwood Ave and Binjai Park)[Issued 08:13hours],flash_flood_risk,yarwood Avenue,binjai park,Dunearn Road,Dunearn Road (yarwood Avenue to binjai park),1.3375703,103.7839724,588035,6,153,25049,1.3375703,103.7839724,,,,,1.3404925,103.787472,589871.0,6,153,25614,2025-09-07 06:01:13.578888+00,-1000000000000.0,1276.0
322,"[Risk of Flash Floods]

Due to heavy rain, please avoid this location for the next 1 hour: Craig Rd (Duxton Rd to TG Pagar Rd) [11:20 hours]",21/7/2025,Craig Rd (Duxton Rd to TG Pagar Rd),flash_flood_risk,duxton Road,tg pagar Road,Craig Road,Craig Road (duxton Road to tg pagar Road),1.2775364,103.8429301,89667,46,3,9789,1.2775364,103.8429301,,,,,1.278193,103.843765,88474.0,46,3,10016,2025-09-07 06:01:13.385328+00,-1000000000000.0,1280.0
323,"[Risk of Flash Floods]

Due to heavy rain, please avoid this location for the next 1 hour: Lor Gambir
 [11:30 hours]",21/7/2025,Lor Gambir,flash_flood_risk,Lorong Gambir,,,Lorong Gambir,1.3461999,103.8744676,536652,21,201,32787,1.3461999,103.8744676,1.3461314000000002,103.8748379,1.345903,103.8741313,,,,0,0,0,2025-09-07 06:01:13.16404+00,-1000000000000.0,1281.0
324,"[Risk of Flash Floods]

Due to heavy rain, please avoid this location for the next 1 hour: Upp Paya Lebar Service Rd (Lim Teck Boo Rd to Rochdale Rd);
Jln Lokam (near Upp Paya Lebar Rd);
Thrift Dr (near Jln Usaha); [11:38 hours]",21/7/2025,"Upp Paya Lebar Service Rd (Lim Teck Boo Rd to Rochdale Rd);
Jln Lokam (near Upp Paya Lebar Rd);
Thrift Dr (near Jln Usaha);",flash_flood_risk,lim teck boo Road,rochdale Road,Upper Paya Lebar Service Road,Upper Paya Lebar Service Road (lim teck boo Road to rochdale Road),1.3422987,103.8844939,534878,11,202,33344,1.3422987,103.8844939,,,,,1.3433183,103.8835973,535823.0,11,202,18534,2025-09-07 06:01:12.998435+00,-1000000000000.0,1282.0
325,"[Risk of Flash Floods]

Due to heavy rain, please avoid this location for the next 1 hour: Jln Pokok Serunai [12:00 hours]",21/7/2025,Jln Pokok Serunai,flash_flood_risk,Jalan Pokok Serunai,,,Jalan Pokok Serunai,1.3143531,103.9363658,466433,1,136,44168,1.3143531,103.9363658,1.3134681029975268,103.93655075667553,1.3144068,103.9363546,,,,0,0,0,2025-09-07 06:01:12.831374+00,-1000000000000.0,1284.0
326,"[Risk of Flash Floods]

Due to heavy rain, please avoid this location for the next 1 hour: Jln Boon Lay (Enterprise Rd to International Rd) [07:39hours]",3/8/2025,Jln Boon Lay (Enterprise Rd to International Rd),flash_flood_risk,enterprise Road,international Road,Jalan Boon Lay,Jalan Boon Lay (enterprise Road to international Road),1.3333182,103.7026361,627667,13,105,15789,1.3333182,103.7026361,,,,,1.3303924,103.716687,618680.0,13,193,15739,2025-09-07 06:01:12.611231+00,-1000000000000.0,1287.0
327,"[Risk of Flash Floods]

Due to heavy rain, please avoid this location for the next 1 hour: Mountbatten Rd leading to Jln Seaview [02:08 hours]",12/8/2025,Mountbatten Rd leading to Jln Seaview,flash_flood_risk,Mountbatten Road,Jalan Seaview,,Mountbatten Road to Jalan Seaview,1.3028098,103.8996285,439970,39,72,3423,1.3028098,103.8996285,,,,,1.3008882,103.896421,438386.0,39,300,7880,2025-09-07 06:01:12.059223+00,-1000000000000.0,1293.0
328,"[Risk of Flash Floods]

Due to heavy rain, please avoid this location for the next 1 hour: Junction of TG Pagar Rd and Hoe Chiang Rd [01:48 hours]",12/8/2025,Junction of TG Pagar Rd and Hoe Chiang Rd,flash_flood_risk,tg pagar Road,hoe chiang Road,,tg pagar Road and hoe chiang Road,1.278193,103.843765,88474,46,3,10016,1.2781942644507132,103.84376124227416,,,,,1.2740948,103.8423663,89314.0,40,33,9786,2025-09-07 06:01:12.239465+00,-1000000000000.0,1292.0
329,"[Risk of Flash Floods]

Due to heavy rain, please avoid this location for the next 1 hour: Dunearn Rd (Yarwood Ave to Binjai Pk) [07:21 hours]",23/8/2025,Dunearn Rd (Yarwood Ave to Binjai Pk),flash_flood_risk,yarwood Avenue,binjai Park,Dunearn Road,Dunearn Road (yarwood Avenue to binjai Park),1.3375703,103.7839724,588035,6,153,25049,1.3375703,103.7839724,,,,,1.3404925,103.787472,589871.0,6,153,25614,2025-09-07 06:01:11.864453+00,-1000000000000.0,1297.0
330,"[Risk of Flash Floods] 

Due to heavy rain, please avoid this location for the next 1 hour: Jurong Town Hall Road (towards PIE) before Jurong East Street 11 [Issued 07:43hours]",23/8/2025,Jurong Town Hall Road (towards PIE) before Jurong East Street 11,flash_flood_risk,Jurong Town Hall Road towards Pan Island Expressway,Jurong East Street 11,,Jurong Town Hall Road towards Pan Island Expressway to Jurong East Street 11,1.340929,103.971106,486059,47,154,37919,1.3409287271818653,103.97110576430886,,,,,1.3299899,103.7457325,609930.0,12,146,27045,2025-09-07 06:01:11.694761+00,-1000000000000.0,1298.0
331,"[FLASH FLOOD OCCURRED]  

Flash flood at Jurong Town Hall Road (towards PIE) before Jurong East Street 11. Please avoid the area. Issued 0749 hours.",23/8/2025,Jurong Town Hall Road (towards PIE) before Jurong East Street 11,flash_flood,Jurong Town Hall Road towards Pan Island Expressway,Jurong East Street 11,,Jurong Town Hall Road towards Pan Island Expressway to Jurong East Street 11,1.340929,103.971106,486059,47,154,37919,1.3409287271818653,103.97110576430886,,,,,1.3299899,103.7457325,609930.0,12,146,27045,2025-09-07 06:01:11.51741+00,-1000000000000.0,1299.0
333,"[Risk of Flash Floods]

Due to heavy rain, please avoid this location for the next 1 hour:   Dunearn Road (between Yarwood Ave and Binjai Park)[Issued 1347hours]",28/8/2025,Dunearn Road (between Yarwood Ave and Binjai Park)[Issued 1347hours],flash_flood_risk,yarwood Avenue,binjai park,Dunearn Road,Dunearn Road (yarwood Avenue to binjai park),1.3375703,103.7839724,588035,6,153,25049,1.3375703,103.7839724,,,,,1.3404925,103.787472,589871.0,6,153,25614,2025-09-07 06:01:11.195825+00,-1000000000000.0,1301.0
334,"[Risk of Flash Floods]

Due to heavy rain, please avoid this location for the next 1 hour: Yishun Avenue 7 [09:13 hours]",5/9/2025,Yishun Avenue 7,flash_flood_risk,Yishun Avenue 7,,,Yishun Avenue 7,1.4380871,103.8326446,760175,55,316,32992,1.4380871,103.8326446,1.4380871000000002,103.8326446,1.437762805057523,103.83180576432102,,,,0,0,0,2025-09-07 06:01:10.993998+00,-1000000000000.0,1306.0
335,"[Risk of Flash Floods]

Due to heavy rain, please avoid this location for the next 1 hour: Junction of Yishun Ave 2 and Yishun Ave 5 [09:16 hours]",5/9/2025,Junction of Yishun Ave 2 and Yishun Ave 5,flash_flood_risk,yishun Avenue 2,yishun Avenue 5,,yishun Avenue 2 and yishun Avenue 5,1.4371108,103.8337382,760170,55,320,30729,1.4371108,103.8337382,,,,,1.4304259,103.8315094,760145.0,55,316,15461,2025-09-07 06:01:10.831987+00,-1000000000000.0,1307.0
336,"[Risk of Flash Floods]

Due to heavy rain, please avoid this location for the next 1 hour: TPE (Punggol West Flyover) [09:28 hours]",5/9/2025,TPE (Punggol West Flyover),flash_flood_risk,Tampines Expressway Punggol West Flyover,,,Tampines Expressway Punggol West Flyover,1.379707,103.915978,533760,54,229,39450,1.3796475127583732,103.91600815094013,1.3792024806177632,103.91522680245963,1.3800542822780886,103.91681069950428,,,,0,0,0,2025-09-07 06:01:10.693335+00,-1000000000000.0,1308.0
