source,source_id,created_at,text,event_date,sender_id,msg_id,location,event,start_loc,end_loc,parent_road,cleaned_location,start_lat,start_lng,start_postal_code,end_lat,end_lng,end_postal_code,id,event_date_time,start,end,start_loc_geocode_id,end_loc_geocode_id
sg_historical,1,,,2014-03-20,,,YISHUN MRT,flash_flood,,,,,1.429525,103.834995,769093,,,,1,,,,,
sg_historical,2,,,2014-04-04,,,2 KAKI BUKIT ROAD 3,flash_flood,,,,,1.337334,103.901943,416161,,,,2,,,,,
sg_historical,3,,,2014-04-23,,,PSC BUILDING,flash_flood,,,,,1.328863,103.706189,629813,,,,3,,,,,
sg_historical,4,,,2014-04-23,,,21229 (BUS STOP),flash_flood,,,,,1.342064,103.71602,648923,,,,4,,,,,
sg_historical,5,,,2014-05-16,,,TENGAH FLYOVER,flash_flood,,,,,1.363822,103.707043,648170,,,,5,,,,,
sg_historical,6,,,2014-05-16,,,PSC BUILDING,flash_flood,,,,,1.328863,103.706189,629813,,,,6,,,,,
sg_historical,7,,,2014-05-16,,,21229 (BUS STOP),flash_flood,,,,,1.342064,103.71602,648923,,,,7,,,,,
sg_historical,8,,,2014-06-25,,,45019 (BUS STOP),flash_flood,,,,,1.388299,103.755539,682036,,,,8,,,,,
sg_historical,9,,,2014-06-25,,,45061 (BUS STOP),flash_flood,,,,,1.407181,103.756063,729678,,,,9,,,,,
sg_historical,10,,,2014-07-09,,,45019 (BUS STOP),flash_flood,,,,,1.388299,103.755539,682036,,,,10,,,,,
sg_historical,11,,,2014-07-09,,,COMMONWEALTH LANE,flash_flood,,,,,1.304553,103.797475,149547,,,,11,,,,,
sg_historical,13,,,2014-07-29,,,KRAMAT LANE,flash_flood,,,,,1.300979,103.842274,228750,,,,14,,,,,
sg_historical,14,,,2014-07-29,,,BASSEIN ROAD,flash_flood,,,,,1.323316,103.848088,309838,,,,12,,,,,
sg_historical,12,,,2014-07-29,,,MACKENZIE ROAD,flash_flood,,,,,1.305873,103.848002,228708,,,,13,,,,,
sg_historical,15,,,2014-09-03,,,14379 (BUS STOP),flash_flood,,,,,1.272438,103.823794,090109,,,,15,,,,,
sg_historical,16,,,2014-09-24,,,2 MANDAI ROAD,flash_flood,,,,,1.402422,103.815417,779403,,,,16,,,,,
sg_historical,17,,,2014-10-04,,,21329 (BUS STOP),flash_flood,,,,,1.326915,103.709018,619625,,,,17,,,,,
sg_historical,18,,,2014-10-04,,,LORONG BUANGKOK,flash_flood,,,,,1.383418,103.877972,805910,,,,18,,,,,
sg_historical,19,,,2014-10-31,,,45061 (BUS STOP),flash_flood,,,,,1.407181,103.756063,729678,,,,19,,,,,
sg_historical,20,,,2014-11-06,,,58161 (BUS STOP),flash_flood,,,,,1.460528,103.820374,757443,,,,20,,,,,
sg_historical,21,,,2014-11-08,,,42241 (BUS STOP),flash_flood,,,,,1.337118,103.767085,598112,,,,21,,,,,
sg_historical,22,,,2014-11-08,,,40099 (BUS STOP),flash_flood,,,,,1.321852,103.82344,259372,,,,22,,,,,
sg_historical,25,,,2014-11-13,,,LORONG ONG LYE,flash_flood,,,,,1.347784,103.879043,534965,,,,27,,,,,
sg_historical,24,,,2014-11-13,,,LORONG GAMBIR,flash_flood,,,,,1.345476,103.875567,556140,,,,26,,,,,
sg_historical,27,,,2014-11-13,,,YISHUN MRT,flash_flood,,,,,1.429525,103.834995,769093,,,,23,,,,,
sg_historical,26,,,2014-11-13,,,SEMBAWANG SHOPPING CENTRE,flash_flood,,,,,1.441853,103.82497,758459,,,,24,,,,,
sg_historical,23,,,2014-11-13,,,TAN HENG LEE BUILDING,flash_flood,,,,,1.332819,103.884451,369610,,,,25,,,,,
sg_historical,28,,,2014-11-17,,,LORONG GAMBIR,flash_flood,,,,,1.345476,103.875567,556140,,,,28,,,,,
sg_historical,29,,,2014-11-17,,,LORONG ONG LYE,flash_flood,,,,,1.347784,103.879043,534965,,,,29,,,,,
sg_historical,30,,,2014-11-17,,,63139 (BUS STOP),flash_flood,,,,,1.361202,103.891412,532373,,,,30,,,,,
sg_historical,31,,,2014-11-17,,,HOUGANG AVE 1,flash_flood,,,,,1.353703,103.890681,530106,,,,31,,,,,
sg_historical,32,,,2014-11-17,,,MACPHERSON ROAD,flash_flood,,,,,1.328704,103.872121,348741,,,,32,,,,,
sg_historical,33,,,2014-11-26,,,16 SUNSET DRIVE,flash_flood,,,,,1.325782,103.766715,597092,,,,33,,,,,
sg_historical,34,,,2014-12-17,,,ENTERPRISE ROAD,flash_flood,,,,,1.333312,103.705117,629840,,,,35,,,,,
sg_historical,35,,,2014-12-17,,,11429 (BUS STOP),flash_flood,,,,,1.30454,103.798363,149597,,,,34,,,,,
sg_historical,36,,,2014-12-24,,,NATIONAL SHOOTING CENTRE,flash_flood,,,,,1.372792,103.682976,698910,,,,36,,,,,
sg_historical,37,,,2015-04-24,,,LORNIE VIADUCT,flash_flood,,,,,1.344614,103.8435,579847,,,,37,,,,,
sg_historical,38,,,2015-05-03,,,NATIONAL SHOOTING CENTRE,flash_flood,,,,,1.372792,103.682976,698910,,,,38,,,,,
sg_historical,39,,,2015-06-08,,,CHIN BEE AVE,flash_flood,,,,,1.333502,103.712787,619941,,,,39,,,,,
sg_historical,40,,,2015-06-08,,,21229 (BUS STOP),flash_flood,,,,,1.342064,103.71602,648923,,,,40,,,,,
sg_historical,41,,,2015-08-11,,,NANYANG TECHNOLOGICAL UNIVERSITY NORTH SPINE,flash_flood,,,,,1.346176,103.682049,639798,,,,41,,,,,
sg_historical,42,,,2015-08-12,,,TAMPINES STREET 32,flash_flood,,,,,1.353779,103.957994,520384,,,,42,,,,,
sg_historical,43,,,2015-09-09,,,JURONG WEST STREET 51,flash_flood,,,,,1.347889,103.720531,640511,,,,43,,,,,
sg_historical,44,,,2015-12-02,,,12111 (BUS STOP),flash_flood,,,,,1.319118,103.77223,120343,,,,44,,,,,
sg_historical,46,,,2015-12-05,,,LORONG BUANGKOK,flash_flood,,,,,1.383418,103.877972,805910,,,,47,,,,,
sg_historical,47,,,2015-12-05,,,ANG MO KIO STREET 31,flash_flood,,,,,1.365873,103.848056,560320,,,,45,,,,,
sg_historical,45,,,2015-12-05,,,CHURCH OF ST VINCENT DE PAUL,flash_flood,,,,,1.382224,103.876411,805910,,,,46,,,,,
sg_historical,48,,,2015-12-10,,,21229 (BUS STOP),flash_flood,,,,,1.342064,103.71602,648923,,,,48,,,,,
sg_historical,49,,,2015-12-10,,,69 BOON KENG ROAD,flash_flood,,,,,1.317147,103.862497,339772,,,,49,,,,,
sg_historical,50,,,2015-12-10,,,MAXWELL FOOD CENTRE,flash_flood,,,,,1.280331,103.844747,088437,,,,50,,,,,
sg_historical,51,,,2015-12-10,,,CHANGI FLYOVER,flash_flood,,,,,1.345806,103.982914,819658,,,,51,,,,,
sg_historical,52,,,2015-12-11,,,PEK KIO CC,flash_flood,,,,,1.313059,103.851374,219458,,,,56,,,,,
sg_historical,53,,,2015-12-11,,,BALESTIER POINT,flash_flood,,,,,1.322812,103.852026,329735,,,,55,,,,,
sg_historical,54,,,2015-12-11,,,50199 (BUS STOP),flash_flood,,,,,1.324968,103.850509,308231,,,,57,,,,,
sg_historical,55,,,2015-12-11,,,69 BOON KENG ROAD,flash_flood,,,,,1.317147,103.862497,339772,,,,53,,,,,
sg_historical,56,,,2015-12-11,,,21229 (BUS STOP),flash_flood,,,,,1.342064,103.71602,648923,,,,52,,,,,
sg_historical,57,,,2015-12-11,,,NEO PEE TECK LANE,flash_flood,,,,,1.292623,103.769021,118759,,,,54,,,,,
sg_historical,58,,,2016-01-22,,,NEO PEE TECK LANE,flash_flood,,,,,1.292623,103.769021,118759,,,,58,,,,,
sg_historical,59,,,2016-04-09,,,MARKET & HAWKER CENTRE (BLK 20 GHIM MOH ROAD),flash_flood,,,,,1.277368,103.818652,090011,,,,59,,,,,
sg_historical,60,,,2016-04-20,,,2 ENTERPRISE ROAD,flash_flood,,,,,1.333642,103.707847,629814,,,,60,,,,,
sg_historical,61,,,2016-05-11,,,45061 (BUS STOP),flash_flood,,,,,1.407181,103.756063,729678,,,,61,,,,,
sg_historical,62,,,2016-05-11,,,YISHUN MRT,flash_flood,,,,,1.429525,103.834995,769093,,,,62,,,,,
sg_historical,63,,,2016-05-18,,,PSC BUILDING,flash_flood,,,,,1.328863,103.706189,629813,,,,63,,,,,
sg_historical,65,,,2016-06-17,,,21229 (BUS STOP),flash_flood,,,,,1.342064,103.71602,648923,,,,66,,,,,
sg_historical,66,,,2016-06-17,,,TUAS UNDERPASS,flash_flood,,,,,1.321705,103.663691,638481,,,,64,,,,,
sg_historical,64,,,2016-06-17,,,ENTERPRISE ROAD,flash_flood,,,,,1.333312,103.705117,629840,,,,65,,,,,
sg_historical,67,,,2016-07-08,,,21229 (BUS STOP),flash_flood,,,,,1.342064,103.71602,648923,,,,67,,,,,
sg_historical,68,,,2016-07-13,,,21229 (BUS STOP),flash_flood,,,,,1.342064,103.71602,648923,,,,68,,,,,
sg_historical,69,,,2016-07-26,,,NEO PEE TECK LANE,flash_flood,,,,,1.292623,103.769021,118759,,,,69,,,,,
sg_historical,70,,,2016-09-14,,,50 HOUGANG AVE 1,flash_flood,,,,,1.360305,103.888083,530211,,,,70,,,,,
sg_historical,71,,,2016-12-24,,,NEWTON CIRCUS,flash_flood,,,,,1.313224,103.838945,307943,,,,71,,,,,
sg_historical,72,,,2016-12-24,,,BALMORAL ROAD,flash_flood,,,,,1.313244,103.830181,257878,,,,72,,,,,
sg_historical,73,,,2016-12-24,,,CAIRNHILL ROAD,flash_flood,,,,,1.308031,103.836841,228512,,,,73,,,,,
sg_historical,74,,,2016-12-24,,,STEVENS ROAD,flash_flood,,,,,1.31317,103.828976,257878,,,,74,,,,,
sg_historical,75,,,2016-12-24,,,UPPER THOMSON ROAD,flash_flood,,,,,1.373054,103.828958,574419,,,,75,,,,,
sg_historical,76,,,2016-12-24,,,ORCHARD ROAD,flash_flood,,,,,1.303228,103.83668,229921,,,,76,,,,,
sg_historical,77,,,2017-01-19,,,53041 (BUS STOP),flash_flood,,,,,1.353078,103.834364,574359,,,,77,,,,,
sg_historical,78,,,2017-01-23,,,134 TANJONG PAGAR ROAD,flash_flood,,,,,1.277471,103.843403,088534,,,,79,,,,,
sg_historical,79,,,2017-01-23,,,MAXWELL FOOD CENTRE,flash_flood,,,,,1.280331,103.844747,088437,,,,78,,,,,
sg_historical,80,,,2017-02-03,,,TAMPINES STREET 22,flash_flood,,,,,1.349038,103.951095,520272,,,,80,,,,,
sg_historical,81,,,2017-02-03,,,LORONG HALUS,flash_flood,,,,,1.386169,103.923226,533850,,,,81,,,,,
sg_historical,82,,,2017-02-04,,,TAMPINES FLYOVER,flash_flood,,,,,1.381657,103.917491,520175,,,,82,,,,,
sg_historical,83,,,2017-02-04,,,BEDOK NORTH FLYOVER,flash_flood,,,,,1.332028,103.920369,460540,,,,83,,,,,
sg_historical,84,,,2017-02-08,,,TOA PAYOH LORONG 1,flash_flood,,,,,1.338046,103.844734,310127,,,,84,,,,,
sg_historical,85,,,2017-02-08,,,TOA PAYOH LORONG 2,flash_flood,,,,,1.336287,103.846514,319640,,,,85,,,,,
sg_historical,86,,,2017-02-08,,,ORCHARD MRT EXIT 10,flash_flood,,,,,1.304048,103.831124,238878,,,,86,,,,,
sg_historical,87,,,2017-02-08,,,STAMFORD HOUSE,flash_flood,,,,,1.294162,103.850711,179949,,,,87,,,,,
sg_historical,88,,,2017-04-18,,,MOUNT ELIZABETH MEDICAL CENTRE,flash_flood,,,,,1.322137,103.844361,329562,,,,92,,,,,
sg_historical,90,,,2017-04-18,,,69 BOON KENG ROAD,flash_flood,,,,,1.317147,103.862497,339772,,,,91,,,,,
sg_historical,91,,,2017-04-18,,,40191 (BUS STOP),flash_flood,,,,,1.312686,103.830427,259978,,,,89,,,,,
sg_historical,89,,,2017-04-18,,,UNIVERSITY FLYOVER,flash_flood,,,,,1.303247,103.771674,120611,,,,90,,,,,
sg_historical,92,,,2017-04-18,,,09191 (BUS STOP),flash_flood,,,,,1.304887,103.825498,247918,,,,88,,,,,
sg_historical,93,,,2017-04-21,,,UPPER CROSS STREET,flash_flood,,,,,1.285862,103.842811,058288,,,,93,,,,,
sg_historical,94,,,2017-04-27,,,KOVAN ROAD,flash_flood,,,,,1.358496,103.881234,548534,,,,94,,,,,
sg_historical,95,,,2017-04-27,,,TAI SENG DRIVE,flash_flood,,,,,1.337758,103.893213,535222,,,,95,,,,,
sg_historical,96,,,2017-04-27,,,63139 (BUS STOP),flash_flood,,,,,1.361202,103.891412,532373,,,,96,,,,,
sg_historical,97,,,2017-06-18,,,DAIRY FARM ROAD,flash_flood,,,,,1.353493,103.787868,289759,,,,97,,,,,
sg_historical,98,,,2017-07-14,,,63139 (BUS STOP),flash_flood,,,,,1.361202,103.891412,532373,,,,98,,,,,
sg_historical,99,,,2017-07-14,,,09191 (BUS STOP),flash_flood,,,,,1.304887,103.825498,247918,,,,99,,,,,
sg_historical,100,,,2017-10-07,,,BISHAN MRT STATION,flash_flood,,,,,1.350706,103.848079,579827,,,,100,,,,,
sg_historical,101,,,2017-10-07,,,BRADDEL MRT STATION,flash_flood,,,,,1.340605,103.847231,319758,,,,101,,,,,
sg_historical,103,,,2017-10-30,,,VICTORIA STREET,flash_flood,,,,,1.300563,103.855781,188045,,,,104,,,,,
sg_historical,104,,,2017-10-30,,,MOUNT ELIZABETH,flash_flood,,,,,1.32211,103.844317,329562,,,,102,,,,,
sg_historical,102,,,2017-10-30,,,STAMFORD ROAD,flash_flood,,,,,1.294094,103.850124,178892,,,,103,,,,,
sg_historical,105,,,2017-11-09,,,63139 (BUS STOP),flash_flood,,,,,1.361202,103.891412,532373,,,,105,,,,,
sg_historical,106,,,2017-11-18,,,MANDAI ROAD,flash_flood,,,,,1.40743,103.783828,729979,,,,106,,,,,
sg_historical,107,,,2017-11-18,,,YISHUN MRT,flash_flood,,,,,1.429525,103.834995,769093,,,,107,,,,,
sg_historical,108,,,2017-11-22,,,40191 (BUS STOP),flash_flood,,,,,1.312686,103.830427,259978,,,,108,,,,,
sg_historical,109,,,2017-11-22,,,09191 (BUS STOP),flash_flood,,,,,1.304887,103.825498,247918,,,,109,,,,,
sg_historical,110,,,2017-12-15,,,PASIR RIS FARMWAY,flash_flood,,,,,1.385908,103.934912,518221,,,,110,,,,,
sg_historical,111,,,2018-01-08,,,TAMPINES ROAD,flash_flood,,,,,1.362843,103.966929,509733,,,,116,,,,,
sg_historical,114,,,2018-01-08,,,PAYA LEBAR QUARTER,flash_flood,,,,,1.316174,103.893139,437161,,,,117,,,,,
sg_historical,113,,,2018-01-08,,,JALAN NIPAH,flash_flood,,,,,1.325939,103.95278,468585,,,,115,,,,,
sg_historical,117,,,2018-01-08,,,TAMPINES AVENUE 12,flash_flood,,,,,1.363297,103.944612,521637,,,,112,,,,,
sg_historical,115,,,2018-01-08,,,ARUMUGAM ROAD,flash_flood,,,,,1.325178,103.891377,409961,,,,113,,,,,
sg_historical,116,,,2018-01-08,,,CHANGI FIRE STATION,flash_flood,,,,,1.33488,103.951353,486123,,,,111,,,,,
sg_historical,112,,,2018-01-08,,,THE GLADES,flash_flood,,,,,1.327081,103.947772,469601,,,,114,,,,,
sg_historical,118,,,2018-01-09,,,134 TANJONG PAGAR ROAD,flash_flood,,,,,1.277471,103.843403,088534,,,,118,,,,,
sg_historical,119,,,2018-01-24,,,CRAIG ROAD,flash_flood,,,,,1.277854,103.842278,089688,,,,119,,,,,
sg_historical,120,,,2018-01-24,,,PSC BUILDING,flash_flood,,,,,1.328863,103.706189,629813,,,,120,,,,,
sg_historical,121,,,2018-01-30,,,SELETAR NORTH LINK,flash_flood,,,,,1.424892,103.883643,797359,,,,121,,,,,
sg_historical,122,,,2018-01-31,,,ANG MO KIO INDUSTRIAL PARK 2,flash_flood,,,,,1.371047,103.862851,569500,,,,122,,,,,
sg_historical,123,,,2018-03-17,,,21229,flash_flood,,,,,1.342064,103.71602,648923,,,,123,,,,,
sg_historical,125,,,2018-03-30,,,CHOA CHU KANG AVENUE 1,flash_flood,,,,,1.37744,103.744383,680253,,,,127,,,,,
sg_historical,124,,,2018-03-30,,,BUKIT BATOK ROAD,flash_flood,,,,,1.363244,103.742569,659203,,,,126,,,,,
sg_historical,127,,,2018-03-30,,,LIM CHU KANG FARMWAY,flash_flood,,,,,1.428068,103.704222,718921,,,,124,,,,,
sg_historical,126,,,2018-03-30,,,CHUA CHU KANG CEMETERY OFFICE,flash_flood,,,,,1.374358,103.693645,698910,,,,125,,,,,
sg_historical,128,,,2018-04-07,,,MARYMOUNT MRT STATION,flash_flood,,,,,1.348707,103.839423,570302,,,,128,,,,,
sg_historical,129,,,2018-04-20,,,TENGAH FLYOVER,flash_flood,,,,,1.363822,103.707043,648170,,,,129,,,,,
sg_historical,130,,,2018-04-23,,,40191,flash_flood,,,,,1.312686,103.830427,259978,,,,130,,,,,
sg_historical,131,,,2018-04-23,,,GILSTEAD 2,flash_flood,,,,,1.31496,103.838459,307997,,,,131,,,,,
sg_historical,132,,,2018-04-27,,,SELETAR NORTH LINK,flash_flood,,,,,1.424892,103.883643,797359,,,,132,,,,,
sg_historical,133,,,2018-05-01,,,BLK 448 CLEMENTI AVENUE 3,flash_flood,,,,,1.31332,103.764517,120448,,,,133,,,,,
sg_historical,134,,,2018-05-26,,,KRAMAT LANE,flash_flood,,,,,1.300979,103.842274,228750,,,,135,,,,,
sg_historical,135,,,2018-05-26,,,CAVENAGH ROAD,flash_flood,,,,,1.308095,103.84214,229491,,,,134,,,,,
sg_historical,136,,,2018-06-20,,,21229,flash_flood,,,,,1.342064,103.71602,648923,,,,136,,,,,
sg_historical,137,,,2018-06-26,,,KISMIS ROAD,flash_flood,,,,,1.335544,103.771203,599430,,,,137,,,,,
sg_historical,138,,,2018-06-26,,,TOH TUCK AVENUE,flash_flood,,,,,1.33054,103.758726,596226,,,,138,,,,,
sg_historical,139,,,2018-06-26,,,ENG NEO FLYOVER,flash_flood,,,,,1.339976,103.806539,288303,,,,139,,,,,
sg_historical,140,,,2018-06-29,,,LORONG KISMIS,flash_flood,,,,,1.336996,103.766805,598112,,,,140,,,,,
sg_historical,141,,,2018-06-29,,,BUKIT TIMAH,flash_flood,,,,,1.333937,103.792132,276308,,,,141,,,,,
sg_historical,142,,,2018-06-29,,,DUNEARN ROAD,flash_flood,,,,,1.321188,103.825058,297753,,,,142,,,,,
sg_historical,143,,,2018-09-19,,,55189 (BUS STOP),flash_flood,,,,,1.382953,103.844225,569845,,,,143,,,,,
sg_historical,144,,,2018-10-16,,,21229 (BUS STOP),flash_flood,,,,,1.342064,103.71602,648923,,,,144,,,,,
sg_historical,145,,,2018-10-23,,,21229 (BUS STOP),flash_flood,,,,,1.342064,103.71602,648923,,,,145,,,,,
sg_historical,146,,,2018-11-10,,,CHOA CHU KANG WAY,flash_flood,,,,,1.377584,103.750314,688786,,,,146,,,,,
sg_historical,147,,,2018-11-10,,,CHOA CHU KANG AVENUE 1,flash_flood,,,,,1.37744,103.744383,680253,,,,147,,,,,
sg_historical,148,,,2018-11-10,,,BUKIT BATOK DRIVING CENTRE,flash_flood,,,,,1.3668,103.750142,659003,,,,148,,,,,
sg_historical,149,,,2018-11-11,,,LORONG 23 GEYLANG,flash_flood,,,,,1.315461,103.881255,388379,,,,149,,,,,
sg_historical,150,,,2018-11-11,,,ALJUNIED WEST FLYOVER,flash_flood,,,,,1.319295,103.87634,387381,,,,150,,,,,
sg_historical,151,,,2018-12-12,,,42059 (BUS STOP),flash_flood,,,,,1.336445,103.782762,596288,,,,151,,,,,
sg_historical,152,,,2018-12-12,,,41069,flash_flood,,,,,1.326528,103.807586,269733,,,,152,,,,,
sg_historical,153,,,2018-12-12,,,ORCHID VILLAGE,flash_flood,,,,,1.333111,103.800138,288735,,,,153,,,,,
sg_historical,154,,,2018-12-15,,,PSC BUILDING,flash_flood,,,,,1.328863,103.706189,629813,,,,155,,,,,
sg_historical,155,,,2018-12-15,,,YUAN CHING ROAD,flash_flood,,,,,1.325468,103.725222,618642,,,,154,,,,,
sg_historical,156,,,2018-12-20,,,SEMBAWANG PARK,flash_flood,,,,,1.461362,103.8365,757600,,,,156,,,,,
sg_historical,157,,,2019-05-19,,,NEO PEE TECK LANE,flash_flood,,,,,1.292623,103.769021,118759,,,,157,,,,,
sg_historical,158,,,2019-06-03,,,OPHIR ROAD,flash_flood,,,,,1.299961,103.859066,307584,,,,158,,,,,
sg_historical,159,,,2019-06-03,,,COMMONWEALTH LANE,flash_flood,,,,,1.304553,103.797475,149547,,,,159,,,,,
sg_historical,160,,,2019-06-03,,,CRAIG ROAD,flash_flood,,,,,1.277854,103.842278,089688,,,,160,,,,,
sg_historical,161,,,2019-12-02,,,JURONG EAST STREET 32,flash_flood,,,,,1.346948,103.733825,600314,,,,161,,,,,
sg_historical,162,,,2019-12-02,,,CHOA CHU KANG AVE 1,flash_flood,,,,,1.37744,103.744383,680253,,,,162,,,,,
sg_historical,168,,,2020-04-30,,,JALAN TELITI,flash_flood,,,,,1.360393,103.890228,532373,,,,164,,,,,
sg_historical,166,,,2020-04-30,,,SERANGOON AVENUE 2,flash_flood,,,,,1.353626,103.867705,550304,,,,168,,,,,
sg_historical,165,,,2020-04-30,,,50 HOUGANG AVENUE 1,flash_flood,,,,,1.360305,103.888083,530211,,,,167,,,,,
sg_historical,164,,,2020-04-30,,,LORONG GAMBIR,flash_flood,,,,,1.345476,103.875567,556140,,,,163,,,,,
sg_historical,167,,,2020-04-30,,,LICHI AVENUE,flash_flood,,,,,1.33316,103.876492,367874,,,,165,,,,,
sg_historical,163,,,2020-04-30,,,UPPER PAYA LEBAR ROAD,flash_flood,,,,,1.335184,103.888238,534803,,,,166,,,,,
sg_historical,169,,,2020-05-22,,,CRAIG ROAD,flash_flood,,,,,1.277854,103.842278,089688,,,,169,,,,,
sg_historical,170,,,2020-06-23,,,JURONG TOWN HALL ROAD,flash_flood,,,,,1.331977,103.739634,608516,,,,171,,,,,
sg_historical,171,,,2020-06-23,,,CHANGI FIRE STATION,flash_flood,,,,,1.33488,103.951353,486123,,,,170,,,,,
sg_historical,172,,,2020-06-23,,,NEW UPPER CHANGI ROAD,flash_flood,,,,,1.324064,103.940749,461059,,,,172,,,,,
sg_historical,173,,,2020-07-09,,,PSC BUILDING,flash_flood,,,,,1.328863,103.706189,629813,,,,173,,,,,
sg_historical,174,,,2020-08-13,,,ALJUNIED ROAD,flash_flood,,,,,1.322313,103.881475,370023,,,,174,,,,,
sg_historical,175,,,2020-08-14,,,CRAIG ROAD,flash_flood,,,,,1.277854,103.842278,089688,,,,176,,,,,
sg_historical,176,,,2020-08-14,,,TANJONG PAGAR ROAD,flash_flood,,,,,1.273715,103.842919,088542,,,,175,,,,,
sg_historical,177,,,2020-11-02,,,UPPER PAYA LEBAR ROAD,flash_flood,,,,,1.335184,103.888238,534803,,,,179,,,,,
sg_historical,179,,,2020-11-02,,,MOUNT VERNON ROAD,flash_flood,,,,,1.34041,103.879577,361222,,,,178,,,,,
sg_historical,178,,,2020-11-02,,,LORONG GAMBIR,flash_flood,,,,,1.345476,103.875567,556140,,,,177,,,,,
sg_historical,180,,,2020-11-07,,,ALJUNIED ROAD,flash_flood,,,,,1.322313,103.881475,370023,,,,180,,,,,
sg_historical,181,,,2021-01-01,,,LORONG HALUS,flash_flood,,,,,1.386169,103.923226,533850,,,,181,,,,,
sg_historical,182,,,2021-01-02,,,PASIR RIS STREET 11,flash_flood,,,,,1.364996,103.958511,510136,,,,182,,,,,
sg_historical,183,,,2021-03-23,,,BOON LAY WAY,flash_flood,,,,,1.344351,103.727438,648164,,,,183,,,,,
sg_historical,184,,,2021-03-23,,,CORPORATION ROAD,flash_flood,,,,,1.338077,103.71708,618310,,,,184,,,,,
sg_historical,185,,,2021-03-23,,,ENTERPRISE ROAD,flash_flood,,,,,1.333312,103.705117,629840,,,,185,,,,,
sg_historical,186,,,2021-03-29,,,VICTORIA STREET,flash_flood,,,,,1.300563,103.855781,188030,,,,186,,,,,
sg_historical,187,,,2021-04-17,,,DUNEARN ROAD,flash_flood,,,,,1.321188,103.825058,297753,,,,187,,,,,
sg_historical,188,,,2021-04-17,,,SUNGEI ULU PANDAN,flash_flood,,,,,1.317109,103.773462,597596,,,,188,,,,,
sg_historical,189,,,2021-07-12,,,CALTEX BINJAI PARK,flash_flood,,,,,1.335235,103.786793,589821,,,,189,,,,,
sg_historical,190,,,2021-08-20,,,75359 (BUS STOP),flash_flood,,,,,1.374387,103.931479,528764,,,,190,,,,,
sg_historical,191,,,2021-08-24,,,DUNEARN ROAD,flash_flood,,,,,1.321188,103.825058,297753,,,,191,,,,,
sg_historical,192,,,2021-08-30,,,HOUGANG AVENUE 8,flash_flood,,,,,1.373321,103.886366,530583,,,,192,,,,,
sg_historical,193,,,2021-08-30,,,PUNGGOL WEST FLYOVER,flash_flood,,,,,1.398885,103.896382,543287,,,,193,,,,,
sg_historical,194,,,2021-09-02,,,PUNGGOL WEST FLYOVER,flash_flood,,,,,1.398885,103.896382,543287,,,,194,,,,,
sg_historical,195,,,2021-09-06,,,JURONG EAST STREET 32,flash_flood,,,,,1.346948,103.733825,600314,,,,195,,,,,
sg_historical,196,,,2021-11-23,,,JURONG EAST STREET 32,flash_flood,,,,,1.346948,103.733825,600314,,,,196,,,,,
sg_historical,197,,,2022-02-27,,,BEDOK NORTH FLYOVER,flash_flood,,,,,1.332028,103.920369,460540,,,,197,,,,,
sg_historical,198,,,2022-02-27,,,REGENT CENTRE,flash_flood,,,,,1.334035,103.899317,408609,,,,198,,,,,
sg_historical,199,,,2022-03-02,,,209 PUNGGOL PLACE PUNGGOL CREST,flash_flood,,,,,1.398977,103.900937,820209,,,,199,,,,,
sg_historical,200,,,2022-03-02,,,BUANGKOK FLYOVER,flash_flood,,,,,1.37684,103.910119,533952,,,,200,,,,,
sg_historical,201,,,2022-03-07,,,JURONG EAST ST 32,flash_flood,,,,,1.346948,103.733825,600314,,,,201,,,,,
sg_historical,202,,,2022-03-07,,,ENTERPRISE ROAD,flash_flood,,,,,1.333312,103.705117,629840,,,,202,,,,,
sg_historical,203,,,2022-03-07,,,SUNGEI TENGAH,flash_flood,,,,,1.398992,103.725111,698986,,,,203,,,,,
sg_historical,204,,,2022-10-05,,,LAVENDER MRT,flash_flood,,,,,1.307507,103.862938,208699,,,,204,,,,,
sg_historical,205,,,2022-11-07,,,BKE EXIT 8,flash_flood,,,,,1.416285,103.770721,738078,,,,205,,,,,
sg_historical,206,,,2022-11-12,,,TANAH MERAH MRT,flash_flood,,,,,1.327311,103.946452,465514,,,,206,,,,,
sg_historical,207,,,2022-12-11,,,BUANGKOK FLYOVER,flash_flood,,,,,1.37684,103.910119,533952,,,,207,,,,,
sg_historical,208,,,2023-03-30,,,KRAMAT LANE,flash_flood,,,,,1.300979,103.842274,228750,,,,208,,,,,
sg_historical,209,,,2023-03-30,,,CAVENAGH ROAD,flash_flood,,,,,1.308095,103.84214,229491,,,,209,,,,,
sg_historical,210,,,2023-07-20,,,42059 (BUS STOP),flash_flood,,,,,1.336445,103.782762,596288,,,,210,,,,,
sg_historical,211,,,2023-11-28,,,21229 (BUS STOP),flash_flood,,,,,1.342064,103.71602,648923,,,,211,,,,,
sg_historical,212,,,2024-02-03,,,DUNEARN ROAD,flash_flood,,,,,1.321188,103.825058,297753,,,,212,,,,,
sg_historical,213,,,2024-10-14,,,DUNEARN ROAD,flash_flood,,,,,1.321188,103.825058,297753,,,,213,,,,,
pub_alerts,273,2025-09-07T06:01:28.237661+00:00,"[Risk of Flash Floods]

Due to heavy rain, please avoid this location for the next 1 hour: Junction of Toa Payoh Lor 1 and Toa Payoh Lor 2
 [14:11 hours]",2025-09-07,-1001620473383,1157.0,Toa Payoh Lor 1,flash_flood_risk,Toa Payoh Lor 1,Toa Payoh Lor 2,,,1.332829,103.847143,nan,1.332829,103.847143,nan,287,2025-04-13T06:15:52+00:00,,,370.0,370.0
pub_alerts,312,2025-09-07T06:01:34.618143+00:00,"Stay safe on rainy days by avoiding flooded areas. 

Subscribe to our Telegram channel to get up-to-date alerts on impending heavy rain, areas at risk of flash floods and flash floods occurrences. 

Spread the word and invite your family and friends to join this Telegram channel today. https://t.me/pubfloodalerts",2025-09-07,-1001620473383,4.0,,flash_flood_risk,,,,,,,nan,,,nan,318,2021-10-26T11:29:32+00:00,,,,
pub_alerts,310,2025-09-07T06:01:34.256619+00:00,"🌊 Risk of Flash Floods

Due to heavy rain, water levels in drains have reached 90% in these areas:

• TPE Slip Rd (Punggol West Flyover) [20:27 hours]

Please avoid the above areas for the next 1 hour. #sgflood",2025-09-07,-1001620473383,86.0,TPE Slip Rd (Punggol West Flyover),flash_flood_risk,TPE Slip Rd (Punggol West Flyover),Punggol West Flyover,,,1.385923,103.757068,nan,1.400063,103.8959395,820221.0,317,2022-02-25T12:29:22+00:00,,,440.0,2.0
pub_alerts,308,2025-09-07T06:01:33.871176+00:00,"🌊 Risk of Flash Floods

• KJE (Slip Road to PIE) [16:17 hours]

Please avoid the above areas for the next 1 hour. #sgflood",2025-09-07,-1001620473383,141.0,Kje (Slip Road To PIE),flash_flood_risk,Kje (Slip Road To PIE),PIE,,,1.366923,103.801292,nan,1.341385,103.7493551,659537.0,316,2022-03-07T08:26:15+00:00,,,91.0,12.0
pub_alerts,307,2025-09-07T06:01:33.718626+00:00,🔽 Flash Flood at Enterprise Rd has subsided. Roads are now passable. [16:35 hours],2025-09-07,-1001620473383,142.0,Enterprise Rd Has Subsided. Roads Are Now Passable.,flash_flood,Enterprise Rd Has Subsided. Roads Are Now Passable.,,,,1.366923,103.801292,nan,,,nan,315,2022-03-07T08:39:31+00:00,,,70.0,
pub_alerts,306,2025-09-07T06:01:33.506111+00:00,"🚨 Flash flood at the following location:
 
• Bukit Timah Rd towards Clementi Rd [15:21 hours]

Please avoid the above areas. PUB officers have been deployed to render assistance.",2025-09-07,-1001620473383,985.0,Bukit Timah Rd Towards Clementi Rd,flash_flood,Bukit Timah Rd Towards Clementi Rd,,,,1.33044,103.777719,nan,,,nan,314,2024-11-16T07:24:27+00:00,,,69.0,
pub_alerts,303,2025-09-07T06:01:33.035333+00:00,"🚨 Flash flood at the following location:
 
• Ophir Rd (near F1 building) [14:08 hours]

Please avoid the above areas. PUB officers have been deployed to render assistance.",2025-09-07,-1001620473383,993.0,Ophir Rd,flash_flood,Ophir Rd,Near F1 Building,,,1.3028493,103.8558683,188690.0,1.290837,103.863995,nan,313,2024-11-17T06:13:16+00:00,,,66.0,67.0
pub_alerts,302,2025-09-07T06:01:32.894263+00:00,🔽 Flash flood at Ophir Rd (near F1 building) has subsided. [14:50 hours],2025-09-07,-1001620473383,994.0,Ophir Rd,flash_flood,Ophir Rd,Near F1 Building,,,1.3028493,103.8558683,188690.0,1.290837,103.863995,nan,312,2024-11-17T06:55:33+00:00,,,66.0,67.0
pub_alerts,301,2025-09-07T06:01:32.737076+00:00,"[Risk of Flash Floods]

Due to heavy rain, please avoid this location for the next 1 hour: Mountbatten Road / Jalan Seaview [14:45 hours]",2025-09-07,-1001620473383,1113.0,Mountbatten Road / Jalan Seaview,flash_flood_risk,Mountbatten Road / Jalan Seaview,,,,1.366923,103.801292,nan,,,nan,311,2025-03-19T06:55:10+00:00,,,91.0,
pub_alerts,300,2025-09-07T06:01:32.600341+00:00,"[Risk of Flash Floods]

Due to heavy rain, please avoid this location for the next 1 hour: PIE (towards Changi Airport) after TPE [07:40 hours]",2025-09-07,-1001620473383,1114.0,PIE,flash_flood_risk,PIE,Changi Airport,,,1.341385,103.7493551,659537.0,1.35755735,103.988481200776,819661.0,310,2025-03-19T23:45:17+00:00,,,12.0,170.0
pub_alerts,269,2025-09-07T06:01:27.646196+00:00,"[Risk of Flash Floods]

Due to heavy rain, please avoid this location for the next 1 hour: Jln Pokok Serunai [14:15 hours]",2025-09-07,-1001620473383,1161.0,Jln Pokok Serunai,flash_flood_risk,Jln Pokok Serunai,,,,1.3144068,103.9363546,466433.0,,,nan,309,2025-04-13T06:15:59+00:00,,,114.0,
pub_alerts,304,2025-09-07T06:01:33.20511+00:00,🔽 Flash flood at Bukit Timah Rd towards Clementi Rd has subsided. [15:30 hours],2025-09-07,-1001620473383,988.0,Bukit Timah Rd Towards Clementi Rd Has Subsided.,flash_flood,Bukit Timah Rd Towards Clementi Rd Has Subsided.,,,,1.33044,103.777719,nan,,,nan,308,2024-11-16T07:36:21+00:00,,,68.0,
pub_alerts,298,2025-09-07T06:01:32.277088+00:00,"[Risk of Flash Floods]

Due to heavy rain, please avoid this location for the next 1 hour: ECP (towards Changi Airport) after Bayshore Rd Exit [13:40 hours]",2025-09-07,-1001620473383,1120.0,ECP,flash_flood_risk,ECP,Changi Airport,,,1.2925115,103.8619746,39193.0,1.35755735,103.988481200776,819661.0,307,2025-03-20T06:00:45+00:00,,,136.0,170.0
pub_alerts,179,2025-09-07T06:01:12.239465+00:00,"[Risk of Flash Floods]

Due to heavy rain, please avoid this location for the next 1 hour: Junction of TG Pagar Rd and Hoe Chiang Rd [01:48 hours]",2025-09-07,-1001620473383,1292.0,Tg Pagar Rd,flash_flood_risk,Tg Pagar Rd,Hoe Chiang Rd,,,1.278193,103.843765,nan,1.2740845,103.8422014,89316.0,306,2025-08-12T17:50:42+00:00,,,404.0,405.0
pub_alerts,297,2025-09-07T06:01:32.144474+00:00,"[Risk of Flash Floods]

Due to heavy rain, please avoid this location for the next 1 hour: Mountbatten Road/Jalan Seaview [13:50 hours]",2025-09-07,-1001620473383,1121.0,Mountbatten Road/Jalan Seaview,flash_flood_risk,Mountbatten Road/Jalan Seaview,,,,1.366923,103.801292,nan,,,nan,305,2025-03-20T06:00:46+00:00,,,91.0,
pub_alerts,182,2025-09-07T06:01:12.831374+00:00,"[Risk of Flash Floods]

Due to heavy rain, please avoid this location for the next 1 hour: Jln Pokok Serunai [12:00 hours]",2025-09-07,-1001620473383,1284.0,Jln Pokok Serunai,flash_flood_risk,Jln Pokok Serunai,,,,1.3144068,103.9363546,466433.0,,,nan,304,2025-07-21T04:01:31+00:00,,,114.0,
pub_alerts,311,2025-09-07T06:01:34.433141+00:00,"With more wet weather ⛈️ heading our way, it’s more important than ever to be flood ready. Here's a set of guidelines and safety tips to help you do just that! Share this with your family and friends to help them stay safe during rainy days. 🥰",2025-09-07,-1001620473383,54.0,,,,,,,,,nan,,,nan,303,2021-11-26T08:36:31+00:00,,,,
pub_alerts,178,2025-09-07T06:01:12.059223+00:00,"[Risk of Flash Floods]

Due to heavy rain, please avoid this location for the next 1 hour: Mountbatten Rd leading to Jln Seaview [02:08 hours]",2025-09-07,-1001620473383,1293.0,Mountbatten Rd Leading To Jln Seaview,flash_flood_risk,Mountbatten Rd Leading To Jln Seaview,,,,1.366923,103.801292,nan,,,nan,302,2025-08-12T18:10:36+00:00,,,91.0,
pub_alerts,274,2025-09-07T06:01:28.392465+00:00,"[Risk of Flash Floods]

Due to heavy rain, please avoid this location for the next 1 hour: Eng Kong Pl (Greenridge Cres to Eng Kong Gdn) [14:11 hours]",2025-09-07,-1001620473383,1156.0,Greenridge Cres,flash_flood_risk,Greenridge Cres,Eng Kong Gdn,,,1.3347903,103.7659229,598954.0,1.33712705,103.769042680772,nan,288,2025-04-13T06:15:51+00:00,,,386.0,387.0
pub_alerts,275,2025-09-07T06:01:28.549928+00:00,"[FLASH FLOOD OCCURRED]  

Flash flood at Punggol Way (Slip Rd to TPE). Please avoid the area. PUB officers have been deployed to render assistance. Issued 1357 hours.",2025-09-07,-1001620473383,1155.0,Punggol Way (Slip Rd To TPE),flash_flood,Punggol Way (Slip Rd To TPE),TPE,,,1.366923,103.801292,nan,1.3650936,103.9550121,510126.0,289,2025-04-13T06:05:49+00:00,,,51.0,1.0
pub_alerts,277,2025-09-07T06:01:28.861171+00:00,"[FLASH FLOOD OCCURRED]  

Flash flood at Yishun Avenue 7. Please avoid the area. PUB officers have been deployed to render assistance. Issued 1350 hours.",2025-09-07,-1001620473383,1153.0,Yishun Avenue 7,flash_flood,Yishun Avenue 7,,,,,,nan,,,nan,290,2025-04-13T06:00:30+00:00,,,,
pub_alerts,278,2025-09-07T06:01:29.010003+00:00,"[Risk of Flash Floods]

Due to heavy rain, please avoid this location for the next 1 hour: TPE Slip Rd towards Punggol Rd [13:56 hours]",2025-09-07,-1001620473383,1152.0,TPE Slip Rd Towards Punggol Rd,flash_flood_risk,TPE Slip Rd Towards Punggol Rd,,,,1.400883,103.905556,nan,,,nan,291,2025-04-13T06:00:29+00:00,,,149.0,
pub_alerts,279,2025-09-07T06:01:29.155392+00:00,"[Risk of Flash Floods]

Due to heavy rain, please avoid this location for the next 1 hour: KPE(ECP) after Buangkok East Dr Exit [13:53 hours]",2025-09-07,-1001620473383,1151.0,Buangkok East Dr Exit,flash_flood_risk,Buangkok East Dr Exit,ecp,,,1.371346,103.907861,nan,1.2925115,103.8619746,39193.0,292,2025-04-13T05:55:33+00:00,,,342.0,136.0
pub_alerts,280,2025-09-07T06:01:29.308793+00:00,"[Risk of Flash Floods]

Due to heavy rain, please avoid this location for the next 1 hour: TPE (Punggol West Flyover) [13:51 hours]",2025-09-07,-1001620473383,1150.0,Punggol West Flyover,flash_flood_risk,Punggol West Flyover,punggol west flyover,,,1.400063,103.8959395,820221.0,1.400063,103.8959395,820221.0,293,2025-04-13T05:55:32+00:00,,,2.0,2.0
pub_alerts,170,2025-09-07T06:01:10.693335+00:00,"[Risk of Flash Floods]

Due to heavy rain, please avoid this location for the next 1 hour: TPE (Punggol West Flyover) [09:28 hours]",2025-09-07,-1001620473383,1308.0,Punggol West Flyover,flash_flood_risk,Punggol West Flyover,punggol west flyover,,,1.400063,103.8959395,820221.0,1.400063,103.8959395,820221.0,319,2025-09-05T01:30:26+00:00,,,2.0,2.0
pub_alerts,281,2025-09-07T06:01:29.455913+00:00,"[Risk of Flash Floods]

Due to heavy rain, please avoid this location for the next 1 hour: Junction of Yishun Ave 2 and Yishun Ave 5 [13:49 hours]",2025-09-07,-1001620473383,1149.0,Yishun Ave 2,flash_flood_risk,Yishun Ave 2,Yishun Ave 5,,,1.4346576,103.8346712,760224.0,1.4304225,103.8334205,760741.0,294,2025-04-13T05:50:30+00:00,,,394.0,395.0
pub_alerts,172,2025-09-07T06:01:10.993998+00:00,"[Risk of Flash Floods]

Due to heavy rain, please avoid this location for the next 1 hour: Yishun Avenue 7 [09:13 hours]",2025-09-07,-1001620473383,1306.0,Yishun Avenue 7,flash_flood_risk,Yishun Avenue 7,,,,,,nan,,,nan,296,2025-09-05T01:15:13+00:00,,,,
pub_alerts,173,2025-09-07T06:01:11.195825+00:00,"[Risk of Flash Floods]

Due to heavy rain, please avoid this location for the next 1 hour:   Dunearn Road (between Yarwood Ave and Binjai Park)[Issued 1347hours]",2025-09-07,-1001620473383,1301.0,Yarwood Ave,flash_flood_risk,Yarwood Ave,Binjai Park,,,1.3396186,103.7826758,587997.0,1.3404925,103.787472,589874.0,297,2025-08-28T05:50:38+00:00,,,175.0,367.0
pub_alerts,174,2025-09-07T06:01:11.335184+00:00,Flash flood subsided at Jurong Town Hall Road (towards PIE) before Jurong East Street 11. Issued 0810 hours.,2025-09-07,-1001620473383,1300.0,Jurong Town Hall Road,flood_subsided,Jurong Town Hall Road,PIE,,,1.3331728,103.7377991,609080.0,1.341385,103.7493551,659537.0,298,2025-08-24T00:15:15+00:00,,,11.0,12.0
pub_alerts,175,2025-09-07T06:01:11.51741+00:00,"[FLASH FLOOD OCCURRED]  

Flash flood at Jurong Town Hall Road (towards PIE) before Jurong East Street 11. Please avoid the area. Issued 0749 hours.",2025-09-07,-1001620473383,1299.0,Jurong Town Hall Road,flash_flood,Jurong Town Hall Road,PIE,,,1.3331728,103.7377991,609080.0,1.341385,103.7493551,659537.0,299,2025-08-23T23:55:48+00:00,,,11.0,12.0
pub_alerts,176,2025-09-07T06:01:11.694761+00:00,"[Risk of Flash Floods] 

Due to heavy rain, please avoid this location for the next 1 hour: Jurong Town Hall Road (towards PIE) before Jurong East Street 11 [Issued 07:43hours]",2025-09-07,-1001620473383,1298.0,Jurong Town Hall Road,flash_flood_risk,Jurong Town Hall Road,PIE,,,1.3331728,103.7377991,609080.0,1.341385,103.7493551,659537.0,300,2025-08-23T23:55:47+00:00,,,11.0,12.0
pub_alerts,177,2025-09-07T06:01:11.864453+00:00,"[Risk of Flash Floods]

Due to heavy rain, please avoid this location for the next 1 hour: Dunearn Rd (Yarwood Ave to Binjai Pk) [07:21 hours]",2025-09-07,-1001620473383,1297.0,Yarwood Ave,flash_flood_risk,Yarwood Ave,Binjai Pk,,,1.3396186,103.7826758,587997.0,1.3404925,103.787472,589874.0,301,2025-08-23T23:25:22+00:00,,,175.0,367.0
pub_alerts,171,2025-09-07T06:01:10.831987+00:00,"[Risk of Flash Floods]

Due to heavy rain, please avoid this location for the next 1 hour: Junction of Yishun Ave 2 and Yishun Ave 5 [09:16 hours]",2025-09-07,-1001620473383,1307.0,Yishun Ave 2,flash_flood_risk,Yishun Ave 2,Yishun Ave 5,,,1.4346576,103.8346712,760224.0,1.4304225,103.8334205,760741.0,295,2025-09-05T01:20:22+00:00,,,394.0,395.0
pub_alerts,203,2025-09-07T06:01:16.447164+00:00,"[Risk of Flash Floods]

Due to heavy rain, please avoid this location for the next 1 hour: East Coast Rd [04:07 hours]",2025-09-07,-1001620473383,1247.0,East Coast Rd,flash_flood_risk,East Coast Rd,,,,1.3114279,103.9205556,459045.0,,,nan,320,2025-05-10T20:10:21+00:00,,,168.0,
pub_alerts,198,2025-09-07T06:01:15.68491+00:00,"[Risk of Flash Floods]

Due to heavy rain, please avoid this location for the next 1 hour: Dunearn Rd (Yarwood Ave to Binjai Pk) [12:15 hours]",2025-09-07,-1001620473383,1255.0,Yarwood Ave,flash_flood_risk,Yarwood Ave,Binjai Pk,,,1.3396186,103.7826758,587997.0,1.3404925,103.787472,589874.0,337,2025-05-18T04:20:16+00:00,,,175.0,367.0
pub_alerts,205,2025-09-07T06:01:16.790262+00:00,"[Risk of Flash Floods]

Due to heavy rain, please avoid this location for the next 1 hour: Cambridge Rd;
Carlisle Rd; [04:03 hours]",2025-09-07,-1001620473383,1245.0,Cambridge Rd,flash_flood_risk,Cambridge Rd,,,,1.3155962,103.8490772,219749.0,,,nan,322,2025-05-10T20:05:34+00:00,,,381.0,
pub_alerts,183,2025-09-07T06:01:12.998435+00:00,"[Risk of Flash Floods]

Due to heavy rain, please avoid this location for the next 1 hour: Upp Paya Lebar Service Rd (Lim Teck Boo Rd to Rochdale Rd);
Jln Lokam (near Upp Paya Lebar Rd);
Thrift Dr (near Jln Usaha); [11:38 hours]",2025-09-07,-1001620473383,1282.0,Lim Teck Boo Rd,flash_flood_risk,Lim Teck Boo Rd,Rochdale Rd,,,1.3432694,103.8848743,536209.0,1.3433183,103.8835973,535823.0,341,2025-07-21T03:40:21+00:00,,,368.0,369.0
pub_alerts,219,2025-09-07T06:01:19.260518+00:00,"[FLASH FLOOD OCCURRED]  

Flash flood at King's Road (from Prince Road to Lutheran Road). Please avoid the area. PUB officers have been deployed to render assistance. Issued 1400 hours.",2025-09-07,-1001620473383,1229.0,Prince Road,flash_flood,Prince Road,Lutheran Road,,,1.3217209,103.8087608,269441.0,1.3216867,103.8102209,267746.0,342,2025-05-05T06:05:33+00:00,,,362.0,363.0
pub_alerts,185,2025-09-07T06:01:13.385328+00:00,"[Risk of Flash Floods]

Due to heavy rain, please avoid this location for the next 1 hour: Craig Rd (Duxton Rd to TG Pagar Rd) [11:20 hours]",2025-09-07,-1001620473383,1280.0,Duxton Rd,flash_flood_risk,Duxton Rd,Tg Pagar Rd,,,1.2785461,103.8433236,89539.0,1.278193,103.843765,nan,343,2025-07-21T03:25:39+00:00,,,408.0,404.0
pub_alerts,188,2025-09-07T06:01:13.926913+00:00,"[Risk of Flash Floods]

Due to heavy rain, please avoid this location for the next 1 hour: Lor Gambir
 [17:51 hours]",2025-09-07,-1001620473383,1273.0,Lor Gambir,flash_flood_risk,Lor Gambir,,,,1.280284,103.78864,nan,,,nan,344,2025-07-04T09:55:18+00:00,,,96.0,
pub_alerts,270,2025-09-07T06:01:27.778342+00:00,"[Risk of Flash Floods]

Due to heavy rain, please avoid this location for the next 1 hour: Bt Timah Rd (Wilby Rd to Blackmore Dr) [14:15 hours]",2025-09-07,-1001620473383,1160.0,Wilby Rd,flash_flood_risk,Wilby Rd,Blackmore Dr,,,1.3315576,103.7883442,276294.0,1.335481,103.7833645,599987.0,345,2025-04-13T06:15:55+00:00,,,409.0,359.0
pub_alerts,189,2025-09-07T06:01:14.094576+00:00,"[Risk of Flash Floods]

Due to heavy rain, please avoid this location for the next 1 hour: Lor Gambir
 [17:23 hours]",2025-09-07,-1001620473383,1272.0,Lor Gambir,flash_flood_risk,Lor Gambir,,,,1.280284,103.78864,nan,,,nan,346,2025-07-04T09:25:52+00:00,,,96.0,
pub_alerts,186,2025-09-07T06:01:13.578888+00:00,"[Risk of Flash Floods]

Due to heavy rain, please avoid this location for the next 1 hour:   Dunearn Road (between Yarwood Ave and Binjai Park)[Issued 08:13hours]",2025-09-07,-1001620473383,1276.0,Yarwood Ave,flash_flood_risk,Yarwood Ave,Binjai Park,,,1.3396186,103.7826758,587997.0,1.3404925,103.787472,589874.0,340,2025-07-09T00:20:22+00:00,,,175.0,367.0
pub_alerts,191,2025-09-07T06:01:14.467614+00:00,"[Risk of Flash Floods] 

Due to heavy rain, please avoid this location for the next 1 hour: Riverside Road (near Junction of Riverside Road and Admiralty Road).",2025-09-07,-1001620473383,1268.0,Riverside Road,flash_flood_risk,Riverside Road,Near Junction Of Riverside Road And Admiralty Road,,,1.4416226,103.7844894,739193.0,1.366923,103.801292,nan,347,2025-06-28T06:00:39+00:00,,,80.0,81.0
pub_alerts,276,2025-09-07T06:01:28.710104+00:00,"[Risk of Flash Floods]

Due to heavy rain, please avoid this location for the next 1 hour: Upp Paya Lebar Service Rd (Lim Teck Boo Rd to Rochdale Rd);
Jln Lokam (near Upp Paya Lebar Rd);
Thrift Dr (near Jln Usaha); [14:03 hours]",2025-09-07,-1001620473383,1154.0,Lim Teck Boo Rd,flash_flood_risk,Lim Teck Boo Rd,Rochdale Rd,,,1.3432694,103.8848743,536209.0,1.3433183,103.8835973,535823.0,349,2025-04-13T06:05:48+00:00,,,368.0,369.0
pub_alerts,207,2025-09-07T06:01:17.153355+00:00,"[Risk of Flash Floods]

Due to heavy rain, please avoid this location for the next 1 hour: Queen's Rd [03:57 hours]",2025-09-07,-1001620473383,1243.0,Queen'S Rd,flash_flood_risk,Queen'S Rd,,,,1.3209954,103.8096391,266746.0,,,nan,353,2025-05-10T20:00:53+00:00,,,100.0,
pub_alerts,208,2025-09-07T06:01:17.341161+00:00,"[Risk of Flash Floods]

Due to heavy rain, please avoid this location for the next 1 hour: Junction of Toa Payoh Lor 1 and Toa Payoh Lor 2
 [03:56 hours]",2025-09-07,-1001620473383,1242.0,Toa Payoh Lor 1,flash_flood_risk,Toa Payoh Lor 1,Toa Payoh Lor 2,,,1.332829,103.847143,nan,1.332829,103.847143,nan,354,2025-05-10T20:00:52+00:00,,,370.0,370.0
pub_alerts,237,2025-09-07T06:01:22.466314+00:00,Flash flood subsided at Kings Rd (between Prince Rd and Lutheran Rd). Issued 1820 hours.,2025-09-07,-1001620473383,1199.0,Prince Rd,flood_subsided,Prince Rd,Lutheran Rd,,,1.3217209,103.8087608,269441.0,1.3216867,103.8102209,267746.0,355,2025-04-20T10:30:33+00:00,,,362.0,363.0
pub_alerts,266,2025-09-07T06:01:27.131765+00:00,Flash flood subsided at KPE (Slip Rd to Buangkok East Drive). Issued 1500 hours.,2025-09-07,-1001620473383,1165.0,KPE (Slip Rd To Buangkok East Drive),flood_subsided,KPE (Slip Rd To Buangkok East Drive),Buangkok East Drive,,,1.371346,103.907861,nan,1.371346,103.907861,nan,356,2025-04-13T07:10:27+00:00,,,50.0,342.0
pub_alerts,296,2025-09-07T06:01:31.96967+00:00,"[Risk of Flash Floods]

Due to heavy rain, please avoid this location for the next 1 hour: Mountbatten Road/Jalan Seaview [01:31 hours]",2025-09-07,-1001620473383,1123.0,Mountbatten Road/Jalan Seaview,flash_flood_risk,Mountbatten Road/Jalan Seaview,,,,1.366923,103.801292,nan,,,nan,357,2025-03-22T17:35:39+00:00,,,91.0,
pub_alerts,193,2025-09-07T06:01:14.834517+00:00,"[Risk of Flash Floods]

Due to heavy rain, please avoid this location for the next 1 hour: Jln Pokok Serunai [04:09 hours]",2025-09-07,-1001620473383,1262.0,Jln Pokok Serunai,flash_flood_risk,Jln Pokok Serunai,,,,1.3144068,103.9363546,466433.0,,,nan,348,2025-06-07T20:10:22+00:00,,,114.0,
pub_alerts,204,2025-09-07T06:01:16.611537+00:00,"[Risk of Flash Floods]

Due to heavy rain, please avoid this location for the next 1 hour: Puay Hee Ave (near Siak Kew Ave);
 [04:04 hours]",2025-09-07,-1001620473383,1246.0,Puay Hee Ave,flash_flood_risk,Puay Hee Ave,Near Siak Kew Ave,,,1.3300287,103.8702924,348037.0,1.330209,103.871778,nan,321,2025-05-10T20:05:35+00:00,,,160.0,161.0
pub_alerts,299,2025-09-07T06:01:32.450263+00:00,"[Risk of Flash Floods]

Due to heavy rain, please avoid this location for the next 1 hour: ECP (towards Changi Airport) at Tanah Merah Coast Road Entrance [10:20 hours]",2025-09-07,-1001620473383,1116.0,ECP,flash_flood_risk,ECP,Changi Airport,,,1.2925115,103.8619746,39193.0,1.35755735,103.988481200776,819661.0,339,2025-03-20T02:28:18+00:00,,,136.0,170.0
pub_alerts,272,2025-09-07T06:01:28.099047+00:00,"[Risk of Flash Floods]

Due to heavy rain, please avoid this location for the next 1 hour: Lor Ong Lye (near Lor Lew Lian) [14:12 hours]",2025-09-07,-1001620473383,1158.0,Lor Ong Lye,flash_flood_risk,Lor Ong Lye,Near Lor Lew Lian,,,1.366923,103.801292,nan,1.366923,103.801292,nan,286,2025-04-13T06:15:53+00:00,,,91.0,91.0
pub_alerts,190,2025-09-07T06:01:14.297865+00:00,"📢 Flash flood alerts will be available on the On-Board Unit (OBU) in your vehicle from 30 June 2025. Motorists will receive alerts when approaching or travelling along affected roads. 
 
During intense downpours, our canals and drains may be temporarily overwhelmed, leading to flash floods. While these typically subside within an hour, motorists should avoid flooded areas and use alternative routes.
 
#BeFloodReady #GetFloodWise",2025-09-07,-1001620473383,1269.0,,,,,,,,,nan,,,nan,323,2025-06-30T10:01:37+00:00,,,,
pub_alerts,184,2025-09-07T06:01:13.16404+00:00,"[Risk of Flash Floods]

Due to heavy rain, please avoid this location for the next 1 hour: Lor Gambir
 [11:30 hours]",2025-09-07,-1001620473383,1281.0,Lor Gambir,flash_flood_risk,Lor Gambir,,,,1.280284,103.78864,nan,,,nan,324,2025-07-21T03:30:53+00:00,,,96.0,
pub_alerts,192,2025-09-07T06:01:14.665003+00:00,"Government officials will NEVER ask you to transfer money or disclose bank log-in details over a phone call.

☎️ Call the 24/7 ScamShield Helpline at 1799 to check if something is a scam.

🔒 For more information on protecting yourself against scams, visit http://www.scamshield.gov.sg/",2025-09-07,-1001620473383,1264.0,,,,,,,,,nan,,,nan,325,2025-06-20T02:05:48+00:00,,,,
pub_alerts,290,2025-09-07T06:01:31.046015+00:00,"[Risk of Flash Floods]

Due to heavy rain, please avoid this location for the next 1 hour: Puay Hee Ave (near Siak Kew Ave);
Siang Kuang Ave; [00:28 hours]",2025-09-07,-1001620473383,1130.0,Puay Hee Ave,flash_flood_risk,Puay Hee Ave,Near Siak Kew Ave,,,1.3300287,103.8702924,348037.0,1.330209,103.871778,nan,326,2025-03-23T16:30:22+00:00,,,160.0,161.0
pub_alerts,195,2025-09-07T06:01:15.176919+00:00,"[Risk of Flash Floods]

Due to heavy rain, please avoid this location for the next 1 hour: Rowell Rd;
Syed Alwi Rd;
Jln Besar Rd (Veerasamy Rd to Kitchener Rd);
Veerasamy Rd;
Kg Kapor Rd (Hindoo Rd to Kitchener Rd); [03:56 hours]",2025-09-07,-1001620473383,1260.0,Veerasamy Rd,flash_flood_risk,Veerasamy Rd,Kitchener Rd,,,1.3064371,103.8559137,208837.0,1.310223,103.8569338,208527.0,327,2025-06-07T20:00:50+00:00,,,406.0,407.0
pub_alerts,181,2025-09-07T06:01:12.611231+00:00,"[Risk of Flash Floods]

Due to heavy rain, please avoid this location for the next 1 hour: Jln Boon Lay (Enterprise Rd to International Rd) [07:39hours]",2025-09-07,-1001620473383,1287.0,Enterprise Rd,flash_flood_risk,Enterprise Rd,International Rd,,,1.3327484,103.7084845,629813.0,1.3278187,103.6878477,629711.0,328,2025-08-03T23:45:14+00:00,,,73.0,376.0
pub_alerts,200,2025-09-07T06:01:16.003534+00:00,"[Risk of Flash Floods]

Due to heavy rain, please avoid this location for the next 1 hour: Lor H Telok Kurau (cul-de-sac);
Joo Chiat Ave(cul-de-sac) [04:18 hours]",2025-09-07,-1001620473383,1250.0,Lor H Telok Kurau,flash_flood_risk,Lor H Telok Kurau,Joo Chiat Ave,,,1.366923,103.801292,nan,1.3160417,103.9125344,428190.0,338,2025-05-10T20:20:40+00:00,,,91.0,441.0
pub_alerts,194,2025-09-07T06:01:15.003515+00:00,"[Risk of Flash Floods]

Due to heavy rain, please avoid this location for the next 1 hour: Upp Paya Lebar Service Rd (Lim Teck Boo Rd to Rochdale Rd);
Jln Lokam (near Upp Paya Lebar Rd);
Thrift Dr (near Jln Usaha); [04:00 hours]",2025-09-07,-1001620473383,1261.0,Lim Teck Boo Rd,flash_flood_risk,Lim Teck Boo Rd,Rochdale Rd,,,1.3432694,103.8848743,536209.0,1.3433183,103.8835973,535823.0,329,2025-06-07T20:00:51+00:00,,,368.0,369.0
pub_alerts,206,2025-09-07T06:01:16.969494+00:00,"[Risk of Flash Floods]

Due to heavy rain, please avoid this location for the next 1 hour: Orchard Rd (Paterson Rd to Mt Elizabeth) [03:59 hours]",2025-09-07,-1001620473383,1244.0,Paterson Rd,flash_flood_risk,Paterson Rd,Mt Elizabeth,,,1.3049751,103.8315677,238881.0,1.3041628,103.8353148,238862.0,331,2025-05-10T20:00:54+00:00,,,379.0,380.0
pub_alerts,199,2025-09-07T06:01:15.81889+00:00,"[Risk of Flash Floods]

Due to heavy rain, please avoid this location for the next 1 hour: Jln Boon Lay (Enterprise Rd to International Rd) [11:29 hours]",2025-09-07,-1001620473383,1254.0,Enterprise Rd,flash_flood_risk,Enterprise Rd,International Rd,,,1.3327484,103.7084845,629813.0,1.3278187,103.6878477,629711.0,332,2025-05-18T03:40:44+00:00,,,73.0,376.0
pub_alerts,197,2025-09-07T06:01:15.48716+00:00,"[Risk of Flash Floods]

Due to heavy rain, please avoid this location for the next 1 hour: Craig Rd (Duxton Rd to TG Pagar Rd) [03:46 hours]",2025-09-07,-1001620473383,1258.0,Duxton Rd,flash_flood_risk,Duxton Rd,Tg Pagar Rd,,,1.2785461,103.8433236,89539.0,1.278193,103.843765,nan,333,2025-06-07T19:50:37+00:00,,,408.0,404.0
pub_alerts,202,2025-09-07T06:01:16.303398+00:00,"[Risk of Flash Floods]

Due to heavy rain, please avoid this location for the next 1 hour: KG Java Rd (Newton Circus to CTE) [04:08 hours]",2025-09-07,-1001620473383,1248.0,Newton Circus,flash_flood_risk,Newton Circus,CTE,,,1.312812,103.8390316,229495.0,1.2818208,103.8321045,160075.0,334,2025-05-10T20:10:22+00:00,,,392.0,393.0
pub_alerts,201,2025-09-07T06:01:16.159226+00:00,"[Risk of Flash Floods]

Due to heavy rain, please avoid this location for the next 1 hour: Mountbatten Rd leading to Jln Seaview [04:10 hours]",2025-09-07,-1001620473383,1249.0,Mountbatten Rd Leading To Jln Seaview,flash_flood_risk,Mountbatten Rd Leading To Jln Seaview,,,,1.366923,103.801292,nan,,,nan,335,2025-05-10T20:15:54+00:00,,,91.0,
pub_alerts,187,2025-09-07T06:01:13.734416+00:00,"[Risk of Flash Floods]

Due to heavy rain, please avoid this location for the next 1 hour: Jln Pokok Serunai [17:51 hours]",2025-09-07,-1001620473383,1274.0,Jln Pokok Serunai,flash_flood_risk,Jln Pokok Serunai,,,,1.3144068,103.9363546,466433.0,,,nan,336,2025-07-04T09:55:19+00:00,,,114.0,
pub_alerts,196,2025-09-07T06:01:15.333726+00:00,"[Risk of Flash Floods]

Due to heavy rain, please avoid this location for the next 1 hour: Lor Gambir
 [03:55 hours]",2025-09-07,-1001620473383,1259.0,Lor Gambir,flash_flood_risk,Lor Gambir,,,,1.280284,103.78864,nan,,,nan,330,2025-06-07T20:00:49+00:00,,,96.0,
pub_alerts,258,2025-09-07T06:01:25.746917+00:00,"[Risk of Flash Floods]

Due to heavy rain, please avoid this location for the next 1 hour: Upp Paya Lebar Service Rd (Lim Teck Boo Rd to Rochdale Rd);
Jln Lokam (near Upp Paya Lebar Rd);
Thrift Dr (near Jln Usaha); [16:48 hours]",2025-09-07,-1001620473383,1178.0,Lim Teck Boo Rd,flash_flood_risk,Lim Teck Boo Rd,Rochdale Rd,,,1.3432694,103.8848743,536209.0,1.3433183,103.8835973,535823.0,285,2025-04-20T08:50:09+00:00,,,368.0,369.0
pub_alerts,251,2025-09-07T06:01:24.658318+00:00,"[Risk of Flash Floods]

Due to heavy rain, please avoid this location for the next 1 hour: Cambridge Rd;
Carlisle Rd; [17:12 hours]",2025-09-07,-1001620473383,1185.0,Cambridge Rd,flash_flood_risk,Cambridge Rd,,,,1.3155962,103.8490772,219749.0,,,nan,267,2025-04-20T09:15:16+00:00,,,381.0,
pub_alerts,286,2025-09-07T06:01:30.365061+00:00,"The heavy rain has eased. [Issued by NEA, 16:07 hours]",2025-09-07,-1001620473383,1135.0,,,,,,,,,nan,,,nan,283,2025-03-27T08:15:49+00:00,,,,
pub_alerts,216,2025-09-07T06:01:18.803865+00:00,Flash flood subsided at King's Road (from Prince Road to Lutheran Road). Issued 1425 hours.,2025-09-07,-1001620473383,1232.0,Prince Road,flood_subsided,Prince Road,Lutheran Road,,,1.3217209,103.8087608,269441.0,1.3216867,103.8102209,267746.0,232,2025-05-05T06:30:45+00:00,,,362.0,363.0
pub_alerts,231,2025-09-07T06:01:21.303234+00:00,"The heavy rain has eased. [Issued by NEA, 14:55 hours]",2025-09-07,-1001620473383,1209.0,,,,,,,,,nan,,,nan,233,2025-04-26T07:00:56+00:00,,,,
pub_alerts,233,2025-09-07T06:01:21.795635+00:00,"The heavy rain has eased. [Issued by NEA, 16:45]",2025-09-07,-1001620473383,1206.0,,,,,,,,,nan,,,nan,234,2025-04-21T09:04:52+00:00,,,,
pub_alerts,217,2025-09-07T06:01:18.959585+00:00,Flash flood subsided at Woollerton Drive. Issued 1415 hours.,2025-09-07,-1001620473383,1231.0,Woollerton Drive,flood_subsided,Woollerton Drive,,,,1.317208,103.8102148,257557.0,,,nan,235,2025-05-05T06:20:37+00:00,,,22.0,
pub_alerts,218,2025-09-07T06:01:19.10322+00:00,"[FLASH FLOOD OCCURRED]  

Flash flood at Woollerton Drive. Please avoid the area. PUB officers have been deployed to render assistance. Issued 1405 hours.",2025-09-07,-1001620473383,1230.0,Woollerton Drive,flash_flood,Woollerton Drive,,,,1.317208,103.8102148,257557.0,,,nan,236,2025-05-05T06:10:23+00:00,,,22.0,
pub_alerts,220,2025-09-07T06:01:19.431314+00:00,"[Risk of Flash Floods]

Due to heavy rain, please avoid this location for the next 1 hour: Woollerton Drive [Issued 13:58 hours]",2025-09-07,-1001620473383,1227.0,Woollerton Drive,flash_flood_risk,Woollerton Drive,,,,1.317208,103.8102148,257557.0,,,nan,237,2025-05-05T06:05:31+00:00,,,22.0,
pub_alerts,215,2025-09-07T06:01:18.627876+00:00,"[Risk of Flash Floods] 

Due to heavy rain, please avoid this location for the next 1 hour: Jln Boon Lay (Enterprise Rd to International Rd) [Issued 07:30 hours]",2025-09-07,-1001620473383,1233.0,Enterprise Rd,flash_flood_risk,Enterprise Rd,International Rd,,,1.3327484,103.7084845,629813.0,1.3278187,103.6878477,629711.0,231,2025-05-07T23:35:38+00:00,,,73.0,376.0
pub_alerts,221,2025-09-07T06:01:19.584252+00:00,"[Risk of Flash Floods]

Due to heavy rain, please avoid this location for the next 1 hour: Queen's Rd [13:56 hours]",2025-09-07,-1001620473383,1226.0,Queen'S Rd,flash_flood_risk,Queen'S Rd,,,,1.3209954,103.8096391,266746.0,,,nan,238,2025-05-05T06:00:49+00:00,,,100.0,
pub_alerts,180,2025-09-07T06:01:12.417012+00:00,"The heavy rain has eased. [Issued by NEA, 09:14 hours]",2025-09-07,-1001620473383,1289.0,,,,,,,,,nan,,,nan,240,2025-08-11T01:25:48+00:00,,,,
pub_alerts,252,2025-09-07T06:01:24.82009+00:00,"[Risk of Flash Floods]

Due to heavy rain, please avoid this location for the next 1 hour: Junction of Sunset Dr and Sunset Way Rd [17:06 hours]",2025-09-07,-1001620473383,1184.0,Sunset Dr,flash_flood_risk,Sunset Dr,Sunset Way Rd,,,1.3257574,103.7661596,597130.0,1.3139784,103.8871279,389509.0,241,2025-04-20T09:10:27+00:00,,,382.0,383.0
pub_alerts,253,2025-09-07T06:01:25.028666+00:00,"[Risk of Flash Floods]

Due to heavy rain, please avoid this location for the next 1 hour: Hillcrest Rd (Watten Rise to Dunearn Rd) [17:02 hours]",2025-09-07,-1001620473383,1183.0,Watten Rise,flash_flood_risk,Watten Rise,Dunearn Rd,,,1.329532,103.8080553,287702.0,1.3260719,103.8081093,287408.0,242,2025-04-20T09:05:21+00:00,,,384.0,174.0
pub_alerts,254,2025-09-07T06:01:25.170781+00:00,"[Risk of Flash Floods]

Due to heavy rain, please avoid this location for the next 1 hour: Thomson Rd (Balestier Rd to Novena Rise) [17:02 hours]",2025-09-07,-1001620473383,1182.0,Balestier Rd,flash_flood_risk,Balestier Rd,Novena Rise,,,1.3261996,103.8483058,329826.0,1.3242731,103.8429008,308504.0,243,2025-04-20T09:05:20+00:00,,,374.0,375.0
pub_alerts,255,2025-09-07T06:01:25.305322+00:00,"[Risk of Flash Floods]

Due to heavy rain, please avoid this location for the next 1 hour: Junction of Toa Payoh Lor 1 and Toa Payoh Lor 2
 [17:00 hours]",2025-09-07,-1001620473383,1181.0,Toa Payoh Lor 1,flash_flood_risk,Toa Payoh Lor 1,Toa Payoh Lor 2,,,1.332829,103.847143,nan,1.332829,103.847143,nan,244,2025-04-20T09:00:58+00:00,,,370.0,370.0
pub_alerts,256,2025-09-07T06:01:25.43178+00:00,"[Risk of Flash Floods]

Due to heavy rain, please avoid this location for the next 1 hour: Junction of Lor Kismis and Toh Tuck Rise [17:00 hours]",2025-09-07,-1001620473383,1180.0,Lor Kismis,flash_flood_risk,Lor Kismis,Toh Tuck Rise,,,1.366923,103.801292,nan,1.3366283,103.7645733,598098.0,245,2025-04-20T09:00:58+00:00,,,91.0,385.0
pub_alerts,222,2025-09-07T06:01:19.750665+00:00,"[Risk of Flash Floods]

Due to heavy rain, please avoid this location for the next 1 hour: Kings Road (from Prince Road to Lutheran Rd) [Issued 13:20 hours]",2025-09-07,-1001620473383,1225.0,Prince Road,flash_flood_risk,Prince Road,Lutheran Rd,,,1.3217209,103.8087608,269441.0,1.3216867,103.8102209,267746.0,239,2025-05-05T05:25:30+00:00,,,362.0,363.0
pub_alerts,257,2025-09-07T06:01:25.599428+00:00,"[Risk of Flash Floods]

Due to heavy rain, please avoid this location for the next 1 hour: Eng Kong Pl (Greenridge Cres to Eng Kong Gdn) [16:56 hours]",2025-09-07,-1001620473383,1179.0,Greenridge Cres,flash_flood_risk,Greenridge Cres,Eng Kong Gdn,,,1.3347903,103.7659229,598954.0,1.33712705,103.769042680772,nan,246,2025-04-20T09:00:57+00:00,,,386.0,387.0
pub_alerts,214,2025-09-07T06:01:18.440108+00:00,"[Risk of Flash Floods]

Due to heavy rain, please avoid this location for the next 1 hour: Lor Gambir
 [03:42 hours]",2025-09-07,-1001620473383,1236.0,Lor Gambir,flash_flood_risk,Lor Gambir,,,,1.280284,103.78864,nan,,,nan,230,2025-05-10T19:45:31+00:00,,,96.0,
pub_alerts,212,2025-09-07T06:01:18.058482+00:00,"[Risk of Flash Floods]

Due to heavy rain, please avoid this location for the next 1 hour: Thomson Rd (Balestier Rd to Novena Rise) [03:50 hours]",2025-09-07,-1001620473383,1238.0,Balestier Rd,flash_flood_risk,Balestier Rd,Novena Rise,,,1.3261996,103.8483058,329826.0,1.3242731,103.8429008,308504.0,228,2025-05-10T19:55:16+00:00,,,374.0,375.0
pub_alerts,223,2025-09-07T06:01:19.976298+00:00,"[Risk of Flash Floods]

Due to heavy rain, please avoid this location for the next 1 hour: Margaret Drive [Issued 13:12 hours]",2025-09-07,-1001620473383,1223.0,Margaret Drive,flash_flood_risk,Margaret Drive,,,,1.2966582,103.8087396,149305.0,,,nan,214,2025-05-05T05:15:21+00:00,,,350.0,
pub_alerts,224,2025-09-07T06:01:20.141404+00:00,"[Risk of Flash Floods]

Due to heavy rain, please avoid this location for the next 1 hour: Upp Paya Lebar Service Rd (Lim Teck Boo Rd to Rochdale Rd);
Jln Lokam (near Upp Paya Lebar Rd);
Thrift Dr (near Jln Usaha); [08:12 hours]",2025-09-07,-1001620473383,1221.0,Lim Teck Boo Rd,flash_flood_risk,Lim Teck Boo Rd,Rochdale Rd,,,1.3432694,103.8848743,536209.0,1.3433183,103.8835973,535823.0,215,2025-05-03T00:15:53+00:00,,,368.0,369.0
pub_alerts,226,2025-09-07T06:01:20.495395+00:00,"[Risk of Flash Floods]

Due to heavy rain, please avoid this location for the next 1 hour: Lor Gambir
 [16:08 hours]",2025-09-07,-1001620473383,1218.0,Lor Gambir,flash_flood_risk,Lor Gambir,,,,1.280284,103.78864,nan,,,nan,216,2025-05-01T08:10:37+00:00,,,96.0,
pub_alerts,227,2025-09-07T06:01:20.631853+00:00,"[Risk of Flash Floods]

Due to heavy rain, please avoid this location for the next 1 hour: Junction of Toa Payoh Lor 1 and Toa Payoh Lor 2
 [15:52 hours]",2025-09-07,-1001620473383,1217.0,Toa Payoh Lor 1,flash_flood_risk,Toa Payoh Lor 1,Toa Payoh Lor 2,,,1.332829,103.847143,nan,1.332829,103.847143,nan,217,2025-05-01T07:55:34+00:00,,,370.0,370.0
pub_alerts,228,2025-09-07T06:01:20.795595+00:00,"[Risk of Flash Floods]

Due to heavy rain, please avoid this location for the next 1 hour: Junction of Toa Payoh Lor 1 and Toa Payoh Lor 2
 [17:15 hours]",2025-09-07,-1001620473383,1215.0,Toa Payoh Lor 1,flash_flood_risk,Toa Payoh Lor 1,Toa Payoh Lor 2,,,1.332829,103.847143,nan,1.332829,103.847143,nan,218,2025-04-30T09:15:47+00:00,,,370.0,370.0
pub_alerts,229,2025-09-07T06:01:20.955469+00:00,"[Risk of Flash Floods]

Due to heavy rain, please avoid this location for the next 1 hour: KJE Slip Rd (KJE to Woodlands Rd, towards Senja Way) [17:48 hours]",2025-09-07,-1001620473383,1212.0,"Kje Slip Rd (Kje To Woodlands Rd, Towards Senja Way)",flash_flood_risk,"Kje Slip Rd (Kje To Woodlands Rd, Towards Senja Way)","Woodlands Rd, Towards Senja Way",,,1.385206,103.757552,nan,1.366923,103.801292,nan,219,2025-04-29T09:50:30+00:00,,,433.0,91.0
pub_alerts,213,2025-09-07T06:01:18.264161+00:00,"[Risk of Flash Floods]

Due to heavy rain, please avoid this location for the next 1 hour: Jln Boon Lay (Enterprise Rd to International Rd) [03:43 hours]",2025-09-07,-1001620473383,1237.0,Enterprise Rd,flash_flood_risk,Enterprise Rd,International Rd,,,1.3327484,103.7084845,629813.0,1.3278187,103.6878477,629711.0,229,2025-05-10T19:45:32+00:00,,,73.0,376.0
pub_alerts,230,2025-09-07T06:01:21.12128+00:00,"[Risk of Flash Floods]

Due to heavy rain, please avoid this location for the next 1 hour: Choa Chu Kang Ave 1 (towards Choa Chu Kang Way, Choa Chu kang Dr to Teck Whye Lane) [17:47 hours]",2025-09-07,-1001620473383,1211.0,Choa Chu Kang Ave 1,flash_flood_risk,Choa Chu Kang Ave 1,"Choa Chu Kang Way, Choa Chu Kang Dr To Teck Whye Lane",,,1.3777335,103.7397116,680292.0,1.38208,103.750147,nan,220,2025-04-29T09:50:29+00:00,,,109.0,110.0
pub_alerts,235,2025-09-07T06:01:22.161563+00:00,"[FLASH FLOOD OCCURRED]  

Flash flood at Yishun Ave 7 (near intersection of Yishun St 22). Please avoid the area. PUB officers have been deployed to render assistance. Issued 15:30 hours.",2025-09-07,-1001620473383,1203.0,Yishun Ave 7,flash_flood,Yishun Ave 7,Near Intersection Of Yishun St 22,,,1.4413717,103.8398592,768924.0,1.366923,103.801292,nan,222,2025-04-21T07:45:18+00:00,,,52.0,91.0
pub_alerts,236,2025-09-07T06:01:22.298863+00:00,"[Risk of Flash Floods]

Due to heavy rain, please avoid this location for the next 1 hour: Yishun Ave 7 (near intersection of Yishun St 22) [15:18 hours]",2025-09-07,-1001620473383,1201.0,Yishun Ave 7,flash_flood_risk,Yishun Ave 7,Near Intersection Of Yishun St 22,,,1.4413717,103.8398592,768924.0,1.366923,103.801292,nan,223,2025-04-21T07:40:09+00:00,,,52.0,91.0
pub_alerts,209,2025-09-07T06:01:17.494591+00:00,"[Risk of Flash Floods]

Due to heavy rain, please avoid this location for the next 1 hour: Aljunied Rd under PIE Flyover [03:56 hours]",2025-09-07,-1001620473383,1241.0,Aljunied Rd Under PIE Flyover,flash_flood_risk,Aljunied Rd Under PIE Flyover,,,,1.366923,103.801292,nan,,,nan,224,2025-05-10T20:00:51+00:00,,,91.0,
pub_alerts,210,2025-09-07T06:01:17.674633+00:00,"[Risk of Flash Floods]

Due to heavy rain, please avoid this location for the next 1 hour: Lor Gambir
 [03:54 hours]",2025-09-07,-1001620473383,1240.0,Lor Gambir,flash_flood_risk,Lor Gambir,,,,1.280284,103.78864,nan,,,nan,225,2025-05-10T19:55:18+00:00,,,96.0,
pub_alerts,211,2025-09-07T06:01:17.890579+00:00,"[Risk of Flash Floods]

Due to heavy rain, please avoid this location for the next 1 hour: Junction of Neo Pee Teck Lane and Pasir Panjang Rd [03:51 hours]",2025-09-07,-1001620473383,1239.0,Neo Pee Teck Lane,flash_flood_risk,Neo Pee Teck Lane,Pasir Panjang Rd,,,1.2921593,103.7686785,118769.0,1.2784095,103.7859948,118135.0,226,2025-05-10T19:55:17+00:00,,,372.0,373.0
pub_alerts,225,2025-09-07T06:01:20.334495+00:00,"The heavy rain has eased. [Issued by NEA, 16:31 hours]",2025-09-07,-1001620473383,1219.0,,,,,,,,,nan,,,nan,227,2025-05-01T08:40:28+00:00,,,,
pub_alerts,234,2025-09-07T06:01:21.979062+00:00,Flash flood subsided at Yishun Avenue 7 (near intersection of Yishun St 22). Issued 1555 hours.,2025-09-07,-1001620473383,1204.0,Yishun Avenue 7,flood_subsided,Yishun Avenue 7,Near Intersection Of Yishun St 22,,,1.366923,103.801292,nan,1.366923,103.801292,nan,221,2025-04-21T08:05:13+00:00,,,32.0,91.0
pub_alerts,259,2025-09-07T06:01:25.903751+00:00,"[Risk of Flash Floods]

Due to heavy rain, please avoid this location for the next 1 hour: KPE(ECP) after Buangkok East Dr Exit [16:36 hours]",2025-09-07,-1001620473383,1177.0,Buangkok East Dr Exit,flash_flood_risk,Buangkok East Dr Exit,ecp,,,1.371346,103.907861,nan,1.2925115,103.8619746,39193.0,247,2025-04-20T08:40:03+00:00,,,342.0,136.0
pub_alerts,261,2025-09-07T06:01:26.271964+00:00,Flash flood subsided at Yishun Avenue 7 (near intersection of Yishun St 22). Issued 1655 hours.,2025-09-07,-1001620473383,1172.0,Yishun Avenue 7,flood_subsided,Yishun Avenue 7,Near Intersection Of Yishun St 22,,,1.366923,103.801292,nan,1.366923,103.801292,nan,248,2025-04-15T09:00:36+00:00,,,32.0,91.0
pub_alerts,262,2025-09-07T06:01:26.41163+00:00,"[Risk of Flash Floods]

Due to heavy rain, please avoid this location for the next 1 hour: TPE (Punggol West Flyover) [16:55 hours]",2025-09-07,-1001620473383,1171.0,Punggol West Flyover,flash_flood_risk,Punggol West Flyover,punggol west flyover,,,1.400063,103.8959395,820221.0,1.400063,103.8959395,820221.0,249,2025-04-15T09:00:35+00:00,,,2.0,2.0
pub_alerts,284,2025-09-07T06:01:29.973055+00:00,"[Risk of Flash Floods]

Due to heavy rain, please avoid this location for the next 1 hour: Jln Arif [18:35 hours]",2025-09-07,-1001620473383,1142.0,Jln Arif,flash_flood_risk,Jln Arif,,,,1.3674564,103.8839193,548832.0,,,nan,269,2025-04-05T10:40:40+00:00,,,154.0,
pub_alerts,287,2025-09-07T06:01:30.533167+00:00,"[Risk of Flash Floods]

Due to heavy rain, please avoid this location for the next 1 hour: Thomson Rd (Balestier Rd to Novena Rise) [00:37 hours]",2025-09-07,-1001620473383,1133.0,Balestier Rd,flash_flood_risk,Balestier Rd,Novena Rise,,,1.3261996,103.8483058,329826.0,1.3242731,103.8429008,308504.0,270,2025-03-23T16:40:20+00:00,,,374.0,375.0
pub_alerts,288,2025-09-07T06:01:30.706608+00:00,"[Risk of Flash Floods]

Due to heavy rain, please avoid this location for the next 1 hour: Macpherson Rd OD (Siang Kuang Ave) [00:33 hours]",2025-09-07,-1001620473383,1132.0,Macpherson Rd Od,flash_flood_risk,Macpherson Rd Od,Siang Kuang Ave,,,1.3331602,103.8875874,369573.0,1.329197,103.8707625,347943.0,271,2025-03-23T16:35:28+00:00,,,157.0,158.0
pub_alerts,289,2025-09-07T06:01:30.900078+00:00,"[Risk of Flash Floods]

Due to heavy rain, please avoid this location for the next 1 hour: Lor Gambir
 [00:29 hours]",2025-09-07,-1001620473383,1131.0,Lor Gambir,flash_flood_risk,Lor Gambir,,,,1.280284,103.78864,nan,,,nan,272,2025-03-23T16:30:23+00:00,,,96.0,
pub_alerts,291,2025-09-07T06:01:31.200378+00:00,"[Risk of Flash Floods]

Due to heavy rain, please avoid this location for the next 1 hour: Upp Paya Lebar Service Rd (Lim Teck Boo Rd to Rochdale Rd);
Jln Lokam (near Upp Paya Lebar Rd);
Thrift Dr (near Jln Usaha); [00:28 hours]",2025-09-07,-1001620473383,1129.0,Lim Teck Boo Rd,flash_flood_risk,Lim Teck Boo Rd,Rochdale Rd,,,1.3432694,103.8848743,536209.0,1.3433183,103.8835973,535823.0,273,2025-03-23T16:30:22+00:00,,,368.0,369.0
pub_alerts,292,2025-09-07T06:01:31.351177+00:00,"[Risk of Flash Floods]

Due to heavy rain, please avoid this location for the next 1 hour: Junction of Toa Payoh Lor 1 and Toa Payoh Lor 2
 [00:23 hours]",2025-09-07,-1001620473383,1128.0,Toa Payoh Lor 1,flash_flood_risk,Toa Payoh Lor 1,Toa Payoh Lor 2,,,1.332829,103.847143,nan,1.332829,103.847143,nan,274,2025-03-23T16:25:41+00:00,,,370.0,370.0
pub_alerts,282,2025-09-07T06:01:29.604749+00:00,"[Risk of Flash Floods]

Due to heavy rain, please avoid this location for the next 1 hour: Yishun Avenue 7 [13:39 hours]",2025-09-07,-1001620473383,1148.0,Yishun Avenue 7,flash_flood_risk,Yishun Avenue 7,,,,,,nan,,,nan,268,2025-04-13T05:40:03+00:00,,,,
pub_alerts,293,2025-09-07T06:01:31.494353+00:00,"[Risk of Flash Floods]

Due to heavy rain, please avoid this location for the next 1 hour: Langsat Rd (Everitt Rd North to Lor 106 Changi);
Lor 105 Changi; [00:20 hours]",2025-09-07,-1001620473383,1127.0,Everitt Rd North,flash_flood_risk,Everitt Rd North,Lor 106 Changi,,,1.315762,103.901565,nan,1.390577,103.987589,nan,275,2025-03-23T16:25:40+00:00,,,166.0,397.0
pub_alerts,295,2025-09-07T06:01:31.806335+00:00,"[Risk of Flash Floods]

Due to heavy rain, please avoid this location for the next 1 hour: East Coast Rd [00:12 hours]",2025-09-07,-1001620473383,1125.0,East Coast Rd,flash_flood_risk,East Coast Rd,,,,1.3114279,103.9205556,459045.0,,,nan,277,2025-03-23T16:15:39+00:00,,,168.0,
pub_alerts,267,2025-09-07T06:01:27.31152+00:00,Flash flood subsided at Punggol Way (Slip Rd to TPE). Issued 1450 hours.,2025-09-07,-1001620473383,1164.0,Punggol Way (Slip Rd To TPE),flood_subsided,Punggol Way (Slip Rd To TPE),TPE,,,1.366923,103.801292,nan,1.3650936,103.9550121,510126.0,278,2025-04-13T07:00:44+00:00,,,51.0,1.0
pub_alerts,268,2025-09-07T06:01:27.498751+00:00,Flash flood subsided at Yishun Ave 7. Issued 1430 hours.,2025-09-07,-1001620473383,1163.0,Yishun Ave 7,flood_subsided,Yishun Ave 7,,,,1.4413717,103.8398592,768924.0,,,nan,279,2025-04-13T06:45:37+00:00,,,52.0,
pub_alerts,283,2025-09-07T06:01:29.772021+00:00,"The heavy rain has eased. [Issued by NEA, 18:58 hours]",2025-09-07,-1001620473383,1146.0,,,,,,,,,nan,,,nan,280,2025-04-12T11:10:41+00:00,,,,
pub_alerts,242,2025-09-07T06:01:23.292945+00:00,"[FLASH FLOOD OCCURRED]

Flash flood at Junction of Stevens Road and Balmoral Road. Please avoid the area. PUB officers have been deployed to render assistance. Issued 1720 hours.",2025-09-07,-1001620473383,1194.0,Stevens Road,flash_flood,Stevens Road,Balmoral Road,,,1.3166148,103.8258954,259500.0,1.3138798,103.8308999,257831.0,281,2025-04-20T09:35:08+00:00,,,377.0,378.0
pub_alerts,285,2025-09-07T06:01:30.189228+00:00,"The heavy rain has eased. [Issued by NEA, 18:16 hours]",2025-09-07,-1001620473383,1138.0,,,,,,,,,nan,,,nan,282,2025-04-02T10:35:47+00:00,,,,
pub_alerts,294,2025-09-07T06:01:31.64662+00:00,"[Risk of Flash Floods]

Due to heavy rain, please avoid this location for the next 1 hour: Marine Parade Ctrl;
Marine Parade Rd [00:15 hours]",2025-09-07,-1001620473383,1126.0,Marine Parade Ctrl,flash_flood_risk,Marine Parade Ctrl,,,,1.301396,103.905945,nan,,,nan,276,2025-03-23T16:20:17+00:00,,,167.0,
pub_alerts,305,2025-09-07T06:01:33.360476+00:00,"[Risk of Flash Floods]

Due to heavy rain, please avoid this location for the next 1 hour: TPE (Punggol West Flyover) [15:28 hours]",2025-09-07,-1001620473383,986.0,Punggol West Flyover,flash_flood_risk,Punggol West Flyover,punggol west flyover,,,1.400063,103.8959395,820221.0,1.400063,103.8959395,820221.0,358,2024-11-16T07:30:47+00:00,,,2.0,2.0
pub_alerts,250,2025-09-07T06:01:24.518153+00:00,"[Risk of Flash Floods]

Due to heavy rain, please avoid this location for the next 1 hour: Orchard Rd (Paterson Rd to Mt Elizabeth) [17:13 hours]",2025-09-07,-1001620473383,1186.0,Paterson Rd,flash_flood_risk,Paterson Rd,Mt Elizabeth,,,1.3049751,103.8315677,238881.0,1.3041628,103.8353148,238862.0,266,2025-04-20T09:15:17+00:00,,,379.0,380.0
pub_alerts,249,2025-09-07T06:01:24.360606+00:00,"[FLASH FLOOD OCCURRED]  

Flash flood at Bt Timah Rd (between Clementi Rd and Blackmore Dr). Please avoid the area. PUB officers have been deployed to render assistance. Issued 17:05 hours.",2025-09-07,-1001620473383,1187.0,Clementi Rd,flash_flood,Clementi Rd,Blackmore Dr,,,1.2961463,103.7695702,126840.0,1.335481,103.7833645,599987.0,265,2025-04-20T09:15:18+00:00,,,358.0,359.0
pub_alerts,264,2025-09-07T06:01:26.754199+00:00,"[FLASH FLOOD OCCURRED]  

Flash flood at Yishun Avenue 7 (near intersection of Yishun St 22). Please avoid the area. PUB officers have been deployed to render assistance. Issued 1635 hours.",2025-09-07,-1001620473383,1168.0,Yishun Avenue 7,flash_flood,Yishun Avenue 7,Near Intersection Of Yishun St 22,,,1.366923,103.801292,nan,1.366923,103.801292,nan,250,2025-04-15T08:40:25+00:00,,,32.0,91.0
pub_alerts,265,2025-09-07T06:01:26.926475+00:00,"[Risk of Flash Floods]

Due to heavy rain, please avoid this location for the next 1 hour: Yishun Ave 7 (near intersection of Yishun St 22) [16:28 hours]",2025-09-07,-1001620473383,1167.0,Yishun Ave 7,flash_flood_risk,Yishun Ave 7,Near Intersection Of Yishun St 22,,,1.4413717,103.8398592,768924.0,1.366923,103.801292,nan,251,2025-04-15T08:35:37+00:00,,,52.0,91.0
pub_alerts,238,2025-09-07T06:01:22.620934+00:00,Flash flood subsided at Coronation Walk. Issued 1810 hours.,2025-09-07,-1001620473383,1198.0,Coronation Walk,flood_subsided,Coronation Walk,,,,1.3239188,103.8095468,269212.0,,,nan,252,2025-04-20T10:20:12+00:00,,,36.0,
pub_alerts,239,2025-09-07T06:01:22.792333+00:00,Flash flood subsided at junction of Stevens Road and Balmoral Road. Issued 1740 hours.,2025-09-07,-1001620473383,1197.0,Stevens Road,flood_subsided,Stevens Road,Balmoral Road,,,1.3166148,103.8258954,259500.0,1.3138798,103.8308999,257831.0,253,2025-04-20T09:50:19+00:00,,,377.0,378.0
pub_alerts,232,2025-09-07T06:01:21.627786+00:00,"[Risk of Flash Floods] 

Due to heavy rain, please avoid this location for the next 1 hour: Riverside Road (near Junction of Riverside Road and Admiralty Road) [Issued 14:40 hours]",2025-09-07,-1001620473383,1208.0,Riverside Road,flash_flood_risk,Riverside Road,Near Junction Of Riverside Road And Admiralty Road,,,1.4416226,103.7844894,739193.0,1.366923,103.801292,nan,254,2025-04-26T06:44:54+00:00,,,80.0,81.0
pub_alerts,241,2025-09-07T06:01:23.121794+00:00,"[FLASH FLOOD OCCURRED]

Flash flood at Coronation Walk. Please avoid the area. PUB officers have been deployed to render assistance. Issued 1735 hours.",2025-09-07,-1001620473383,1195.0,Coronation Walk,flash_flood,Coronation Walk,,,,1.3239188,103.8095468,269212.0,,,nan,255,2025-04-20T09:45:24+00:00,,,36.0,
pub_alerts,240,2025-09-07T06:01:22.955746+00:00,Flash flood subsided at Bukit Timah Rd (between Clementi Rd and Blackmore Dr). Issued 1739 hours.,2025-09-07,-1001620473383,1196.0,Clementi Rd,flood_subsided,Clementi Rd,Blackmore Dr,,,1.2961463,103.7695702,126840.0,1.335481,103.7833645,599987.0,256,2025-04-20T09:50:18+00:00,,,358.0,359.0
pub_alerts,243,2025-09-07T06:01:23.442715+00:00,"[FLASH FLOOD OCCURRED]  

Flash flood at Kings Rd (between Prince Rd and Lutheran Rd). Please avoid the area. PUB officers have been deployed to render assistance. Issued 17:05 hours.",2025-09-07,-1001620473383,1193.0,Prince Rd,flash_flood,Prince Rd,Lutheran Rd,,,1.3217209,103.8087608,269441.0,1.3216867,103.8102209,267746.0,257,2025-04-20T09:35:07+00:00,,,362.0,363.0
pub_alerts,260,2025-09-07T06:01:26.077298+00:00,"The heavy rain has eased. [Issued by NEA, 18:52 hours]",2025-09-07,-1001620473383,1175.0,,,,,,,,,nan,,,nan,258,2025-04-18T11:01:47+00:00,,,,
pub_alerts,244,2025-09-07T06:01:23.620034+00:00,"[Risk of Flash Floods]

Due to heavy rain, please avoid this location for the next 1 hour: Jln Pokok Serunai [17:19 hours]",2025-09-07,-1001620473383,1192.0,Jln Pokok Serunai,flash_flood_risk,Jln Pokok Serunai,,,,1.3144068,103.9363546,466433.0,,,nan,259,2025-04-20T09:20:32+00:00,,,114.0,
pub_alerts,245,2025-09-07T06:01:23.751587+00:00,"[Risk of Flash Floods]

Due to heavy rain, please avoid this location for the next 1 hour: Alexandra Rd (opp Alexis Condo) [17:19 hours]",2025-09-07,-1001620473383,1191.0,Alexandra Rd,flash_flood_risk,Alexandra Rd,Opp Alexis Condo,,,1.2870193,103.8034282,149053.0,1.366923,103.801292,nan,260,2025-04-20T09:20:31+00:00,,,115.0,91.0
pub_alerts,263,2025-09-07T06:01:26.597837+00:00,"The heavy rain has eased. [Issued by NEA, 15:48 hours]",2025-09-07,-1001620473383,1169.0,,,,,,,,,nan,,,nan,261,2025-04-15T08:45:40+00:00,,,,
pub_alerts,246,2025-09-07T06:01:23.897588+00:00,"[Risk of Flash Floods]

Due to heavy rain, please avoid this location for the next 1 hour: Junction of Boon Lay Way and Corporation Rd [17:17 hours]",2025-09-07,-1001620473383,1190.0,Boon Lay Way,flash_flood_risk,Boon Lay Way,Corporation Rd,,,1.3404541,103.7096061,641237.0,1.3352196,103.7191182,618617.0,262,2025-04-20T09:20:31+00:00,,,390.0,391.0
pub_alerts,247,2025-09-07T06:01:24.044056+00:00,"[Risk of Flash Floods]

Due to heavy rain, please avoid this location for the next 1 hour: KG Java Rd (Newton Circus to CTE) [17:15 hours]",2025-09-07,-1001620473383,1189.0,Newton Circus,flash_flood_risk,Newton Circus,CTE,,,1.312812,103.8390316,229495.0,1.2818208,103.8321045,160075.0,263,2025-04-20T09:20:30+00:00,,,392.0,393.0
pub_alerts,248,2025-09-07T06:01:24.19596+00:00,"[Risk of Flash Floods]

Due to heavy rain, please avoid this location for the next 1 hour: Junction of Stevens Rd and Balmoral Rd [17:14 hours]",2025-09-07,-1001620473383,1188.0,Stevens Rd,flash_flood_risk,Stevens Rd,Balmoral Rd,,,1.3166148,103.8258954,259500.0,1.3138798,103.8308999,257831.0,264,2025-04-20T09:15:19+00:00,,,377.0,378.0
pub_alerts,271,2025-09-07T06:01:27.928562+00:00,"[FLASH FLOOD OCCURRED]  

Flash flood at KPE (Slip Rd to Buangkok East Drive). Please avoid the area. PUB officers have been deployed to render assistance. Issued 1405 hours.",2025-09-07,-1001620473383,1159.0,KPE (Slip Rd To Buangkok East Drive),flash_flood,KPE (Slip Rd To Buangkok East Drive),Buangkok East Drive,,,1.371346,103.907861,nan,1.371346,103.907861,nan,284,2025-04-13T06:15:54+00:00,,,50.0,342.0
pub_alerts,309,2025-09-07T06:01:34.047566+00:00,"🚨 Flash flood at the following location:

• Enterprise Road [Issued 16:05 hours]

Traffic is not passable. Please avoid the above area. PUB officers have been deployed to render assistance. #sgflood",2025-09-07,-1001620473383,140.0,Enterprise Road,flash_flood,Enterprise Road,,,,1.3327484,103.7084845,629813.0,,,nan,359,2022-03-07T08:11:23+00:00,,,73.0,
pub_alerts,26,2025-10-18T07:14:45+00:00,"[Risk of Flash Floods]

Due to heavy rain, please avoid this location for the next 1 hour: KJE Slip Rd (KJE to Woodlands Rd, towards Senja Way) [15:38 hours]",,-1003180643497,,kje slip rd,flash_flood_risk,kje slip rd,"kje to woodlands rd, towards senja way",,,1.385923,103.7570677,671634.0,1.366923,103.801292,nan,350,,,,3.0,4.0
pub_alerts,1343,2025-11-16T08:00:33+00:00,"Heavy rain expected over many areas of Singapore from 16:20 hours to 17:30 hours. [Issued by NEA, 15:50 hours]",,-1001620473383,,many areas of singapore,heavy_rain,many areas of singapore,,,,,,nan,,,nan,351,,2025-11-16T16:20:00+00:00,2025-11-16T17:30:00+00:00,,
pub_alerts,1344,2025-11-17T07:10:39+00:00,"Heavy rain expected over southern, western and central areas of Singapore from 15:15 hours to 16:15 hours. [Issued by NEA, 14:59 hours]",,-1001620473383,,"southern, western and central areas of singapore",heavy_rain,"southern, western and central areas of singapore",,,,1.306686,103.856401,208852.0,,,nan,352,,2025-11-17T15:15:00+00:00,2025-11-17T16:15:00+00:00,10.0,
